nombre_obra,arquitecto,año_construccion,latitud,longitud,importancia,id,añadido_por,categoria,visitable,foto_url,enlace_url,estado_acceso
Iglesia de Nuestra Señora de Monteolivete,,,39.45897180221362,-0.3587348133078586,1,CTAV2586,CTAV,Edificio religioso,false,https://arquitecturavalencia.es/img/comprimido/1541.jpg,https://guiactav.com/obra/2586,exterior_visible
Parroquia Jesús Maestro,"José Antonio Corrales Gutiérrez, Ramón Vázquez Molezún",,39.461711591883045,-0.36289545935071815,2,CTAV2219,CTAV,Edificio religioso,false,https://arquitecturavalencia.es/img/comprimido/866.jpg,https://guiactav.com/obra/2219,exterior_visible
Puente del Ángel Custodio,Arturo Piera (Ing.),,39.463387155413194,-0.35983712735802964,1,CTAV2688,CTAV,Puentes,false,https://arquitecturavalencia.es/img/comprimido/2008.jpg,https://guiactav.com/obra/2688,exterior_visible
Edificio Torre de Francia,"Rafael Mira Fornés, Quina Esparza Pedrol, Francisco Quiles Herrero, Julio Gómez-Perretta de Mateo",,39.4597960225098,-0.3524976574932087,2,CTAV2127,CTAV,Edificio de viviendas,false,https://arquitecturavalencia.es/img/comprimido/684.jpg,https://guiactav.com/obra/2127,exterior_visible
Edificio GM Kapital,"Pepe Font Jimenez, Curro Mestre Jordá",,39.46080978836531,-0.3526004429039517,1,CTAV2104,CTAV,"Hotel, Colegio Mayor",false,https://arquitecturavalencia.es/img/comprimido/642.jpg,https://guiactav.com/obra/2104,exterior_visible
Colegio Nuestra Señora de Loreto,Luis Albert Ballesteros,,39.46353593763846,-0.3617648092319974,2,CTAV2308,CTAV,Centro educativo,false,https://arquitecturavalencia.es/img/comprimido/1021.jpg,https://guiactav.com/obra/2308,exterior_visible
Ciudad de la Justicia,Alfredo Batuecas Torrego,,39.45424419111309,-0.3560713640004462,2,CTAV2135,CTAV,Edificio administrativo,false,https://arquitecturavalencia.es/img/comprimido/701.jpg,https://guiactav.com/obra/2135,exterior_visible
Edificio de viviendas L,Óscar Tusquets Blanca,,39.45980375024791,-0.35147768206011587,2,CTAV2144,CTAV,Edificio de viviendas,false,https://arquitecturavalencia.es/img/comprimido/718.jpg,https://guiactav.com/obra/2144,exterior_visible
Conservatorio superior de música Joaquín Rodrigo,Ignacio Belenguer Zamit,,39.453289501354234,-0.358226625364848,1,CTAV2082,CTAV,Centro educativo,false,https://arquitecturavalencia.es/img/comprimido/596.jpg,https://guiactav.com/obra/2082,exterior_visible
Edificio Jiménez de la Iglesia,Juan José Estellés Ceba,,39.464292157967215,-0.3617505458358145,1,CTAV2271,CTAV,Edificio de viviendas,false,https://arquitecturavalencia.es/img/comprimido/960.jpg,https://guiactav.com/obra/2271,exterior_visible
Centro de Desarrollo Turístico (CDT),"Miguel Martín Velasco, CB Arquitectes Associats",,39.46481385208718,-0.3585118724955735,2,CTAV2146,CTAV,Oficina,false,https://arquitecturavalencia.es/img/comprimido/720.jpg,https://guiactav.com/obra/2146,exterior_visible
Edificio Salom I,Juan Francisco Guardiola Martínez,,39.46329143866415,-0.36400329381400576,2,CTAV2332,CTAV,Edificio de viviendas,false,https://arquitecturavalencia.es/img/comprimido/1062.jpg,https://guiactav.com/obra/2332,exterior_visible
Ciudad de las Artes y las Ciencias,Santiago Calatrava Valls,,39.45574559592239,-0.35194634392854324,3,CTAV2155,CTAV,Museo,false,https://arquitecturavalencia.es/img/comprimido/741.jpg,https://guiactav.com/obra/2155,exterior_visible
Edificio Pechicán,Rafael Tamarit Pitarch,,39.46005097339187,-0.3677932758625344,1,CTAV2207,CTAV,Edificio de viviendas,false,https://arquitecturavalencia.es/img/comprimido/845.jpg,https://guiactav.com/obra/2207,exterior_visible
Palau de la Música,José María García de Paredes Barreda,,39.46617872249443,-0.3604250542519755,3,CTAV2172,CTAV,Espacio cultural,false,https://arquitecturavalencia.es/img/comprimido/793.jpg,https://guiactav.com/obra/2172,exterior_visible
Antiguo Cuartel de Ingenieros,,,39.45650462852934,-0.3677595917436927,3,CTAV2399,CTAV,"Comisaría de policía, cuartel",false,https://arquitecturavalencia.es/img/comprimido/1159.jpg,https://guiactav.com/obra/2399,exterior_visible
Edificio Corinna,AIC Equip,,39.45129095211755,-0.35975795442092184,2,CTAV2084,CTAV,Edificio de viviendas,false,https://arquitecturavalencia.es/img/comprimido/598.jpg,https://guiactav.com/obra/2084,exterior_visible
Edificios Siena,Emilio Giménez Julián,,39.462506543081616,-0.3676899435861436,2,CTAV2183,CTAV,Edificio de viviendas,false,https://arquitecturavalencia.es/img/comprimido/811.jpg,https://guiactav.com/obra/2183,exterior_visible
Edificio Castelló Puchades,"Ernesto Lavernia Ferrando, Eugenio Císcar Tur",,39.460750716174005,-0.36897858842616654,3,CTAV2221,CTAV,Edificio de viviendas,false,https://arquitecturavalencia.es/img/comprimido/870.jpg,https://guiactav.com/obra/2221,exterior_visible
Pont de l´Assut d´Or,Santiago Calatrava Valls,,39.455106789221944,-0.3492159883040112,2,CTAV2689,CTAV,Puentes,false,https://arquitecturavalencia.es/img/comprimido/2004.jpg,https://guiactav.com/obra/2689,exterior_visible
Conjunto Residencial Campos Elíseos IV,"Francisco Bargues Reinoso, Inmaculada Celda Mollá, Francisco Tornos Marzal, (NAC Arquitectos)",,39.458879857319246,-0.3478105613956089,1,CTAV2103,CTAV,Edificio de viviendas,false,https://arquitecturavalencia.es/img/comprimido/641.jpg,https://guiactav.com/obra/2103,exterior_visible
Edificio García Suay,"Salvador Pascual Gimeno, Juan Francisco Guardiola Martínez",,39.46513761431013,-0.36619884999234104,1,CTAV2329,CTAV,Edificio de viviendas,false,https://arquitecturavalencia.es/img/comprimido/1055.jpg,https://guiactav.com/obra/2329,exterior_visible
Colegio de Educación Infantil y Primaria Les Arts  ,ERRE arquitectura,,39.450740215860854,-0.3616445891363737,1,CTAV2056,CTAV,Centro educativo,false,https://arquitecturavalencia.es/img/comprimido/546.jpg,https://guiactav.com/obra/2056,exterior_visible
Palacete Burgos (Casa del Médico),Javier Goerlich Lleó,,39.46752526148437,-0.35860104716296703,2,CTAV2400,CTAV,Casas,false,https://arquitecturavalencia.es/img/comprimido/1160.jpg,https://guiactav.com/obra/2400,exterior_visible
Banco de València (Antiguo Centro de mecanización de datos),Vicente Ramón Alcaide,,39.46739181762094,-0.3567411683631855,3,CTAV2192,CTAV,Banco,false,https://arquitecturavalencia.es/img/comprimido/823.jpg,https://guiactav.com/obra/2192,exterior_visible
Iglesia parroquial de San Juan de la Ribera,"Jose Calvo Tomás, Juan Luis Calvo Catarineu",,39.46668486721523,-0.3536837030385166,3,CTAV2496,CTAV,Edificio religioso,false,https://arquitecturavalencia.es/img/comprimido/1407.jpg,https://guiactav.com/obra/2496,exterior_visible
Edificios Royo,"Antonio Maldonado Arenas, Juan E. Vernetta de los Santos",,39.46609689157087,-0.35232127728830204,2,CTAV2178,CTAV,Edificio de viviendas,false,https://arquitecturavalencia.es/img/comprimido/805.jpg,https://guiactav.com/obra/2178,exterior_visible
CEIP Grupo Jaime Balmes,Eugenio López Aracil,,39.46128224028558,-0.36963340933216243,2,CTAV2413,CTAV,Centro educativo,false,https://arquitecturavalencia.es/img/comprimido/1186.jpg,https://guiactav.com/obra/2413,exterior_visible
Instituto de Educación Secundaria Vicente Blasco Ibáñez (Antigua Escuela de Maestría Industrial),Francisco Mora Berenguer,,39.463587948914515,-0.3684059429639101,3,CTAV2391,CTAV,Centro educativo,false,https://arquitecturavalencia.es/img/comprimido/1150.jpg,https://guiactav.com/obra/2391,exterior_visible
Residencial Torres del Saler,AIC Equip,,39.45016431303607,-0.36099190232346234,3,CTAV2093,CTAV,Edificio de viviendas,false,https://arquitecturavalencia.es/img/comprimido/614.jpg,https://guiactav.com/obra/2093,exterior_visible
Grupo Residencial Puchades-Cubells (Balcón de Levante),"Cayetano Borso di Carminati González, Rafael Contel Comenge",,39.46562747592506,-0.3508998431231198,1,CTAV2242,CTAV,Edificio de viviendas,false,https://arquitecturavalencia.es/img/comprimido/910.jpg,https://guiactav.com/obra/2242,exterior_visible
Edificio Pascual II,Miguel Martínez Ortega,,39.466302492444136,-0.36563853548199504,1,CTAV2341,CTAV,Edificio de viviendas,false,https://arquitecturavalencia.es/img/comprimido/1078.jpg,https://guiactav.com/obra/2341,exterior_visible
Centro municipal Aben al Abbar,Antonio Martorell Trilles,,39.46723699562937,-0.3529982248395214,1,CTAV2415,CTAV,Edificio administrativo,false,https://arquitecturavalencia.es/img/comprimido/1188.jpg,https://guiactav.com/obra/2415,exterior_visible
Edificio Pérez Romaní,Luis Martínez-Feduchi,,39.46538130980305,-0.3678844855999675,1,CTAV2258,CTAV,Edificio de viviendas,false,https://arquitecturavalencia.es/img/comprimido/941.jpg,https://guiactav.com/obra/2258,exterior_visible
Edificio Raimundo,Miguel Martínez Ortega,,39.467219887880304,-0.36545067709508305,2,CTAV2345,CTAV,Edificio de viviendas,false,https://arquitecturavalencia.es/img/comprimido/1082.jpg,https://guiactav.com/obra/2345,exterior_visible
Edificio Pastor,Alfonso Garín Ortolá,,39.46483988390292,-0.3692271273130688,3,CTAV2388,CTAV,Edificio de viviendas,false,https://arquitecturavalencia.es/img/comprimido/1147.jpg,https://guiactav.com/obra/2388,exterior_visible
Edificio Gamón,José Peris Martínez,,39.46562213357195,-0.3684743385194613,2,CTAV2378,CTAV,Edificio de viviendas,false,https://arquitecturavalencia.es/img/comprimido/1133.jpg,https://guiactav.com/obra/2378,exterior_visible
Edificio Navarro González,Enrique Pecourt Betés,,39.4624145128164,-0.37096668152763734,1,CTAV2349,CTAV,Edificio de viviendas,false,https://arquitecturavalencia.es/img/comprimido/1086.jpg,https://guiactav.com/obra/2349,exterior_visible
Grupo Residencial Torres Pista de Silla,"Vicente M. Vidal Vidal, Luis Alonso de Armiño Pérez",,39.4522323511841,-0.368603226419453,1,CTAV2177,CTAV,Edificio de viviendas,false,https://arquitecturavalencia.es/img/comprimido/804.jpg,https://guiactav.com/obra/2177,exterior_visible
Escuela infantil Apóstol Santiago,"Málek Murad Mateu, María García Vallcanera",,39.46929484071372,-0.35813421750233604,2,CTAV2068,CTAV,Centro educativo,false,https://arquitecturavalencia.es/img/comprimido/568.jpg,https://guiactav.com/obra/2068,exterior_visible
Puente de Aragón,"Arturo Monfort (Ing.), José Mª Burguera (Ing.), Gabriel Leyda (Ing.)",,39.46888023226137,-0.3627840152813964,1,CTAV2687,CTAV,Puentes,false,https://arquitecturavalencia.es/img/comprimido/1833.jpg,https://guiactav.com/obra/2687,exterior_visible
Edificio Dicenta de Vera,Julio Trullenque Sanjuan,,39.46838664928483,-0.3647678968735371,2,CTAV2269,CTAV,Edificio de viviendas,false,https://arquitecturavalencia.es/img/comprimido/958.jpg,https://guiactav.com/obra/2269,exterior_visible
Grupo Residencial Villadesol Islas Canarias,"Ricardo Lorenzo García, Cayetano Borso di Carminati González, Rafael Contel Comenge",,39.46298429108923,-0.3461069525790492,1,CTAV2236,CTAV,Edificio de viviendas,false,https://arquitecturavalencia.es/img/comprimido/899.jpg,https://guiactav.com/obra/2236,exterior_visible
Edificio Barona,Javier Goerlich Lleó,,39.46774903229776,-0.36632392889761545,1,CTAV2423,CTAV,Edificio de viviendas,false,https://arquitecturavalencia.es/img/comprimido/1307.jpg,https://guiactav.com/obra/2423,exterior_visible
Edificio Illueca,Luis Albert Ballesteros,,39.46563974355513,-0.36934426403889187,1,CTAV2304,CTAV,Edificio de viviendas,false,https://arquitecturavalencia.es/img/comprimido/1016.jpg,https://guiactav.com/obra/2304,exterior_visible
Edificio Esteban,Lorenzo Criado Oltra,,39.46714669795532,-0.3676570492955413,3,CTAV2352,CTAV,Edificio de viviendas,false,https://arquitecturavalencia.es/img/comprimido/1091.jpg,https://guiactav.com/obra/2352,exterior_visible
Edificio RENFE II,Fernando Ruiz Jaime,,39.46962237261921,-0.3603001745744769,2,CTAV2286,CTAV,Edificio de viviendas,false,https://arquitecturavalencia.es/img/comprimido/988.jpg,https://guiactav.com/obra/2286,exterior_visible
Edificio Esteban Alberola,Salvador Pascual Gimeno,,39.46102881420667,-0.37236827419012564,2,CTAV2336,CTAV,Edificio de viviendas,false,https://arquitecturavalencia.es/img/comprimido/1069.jpg,https://guiactav.com/obra/2336,exterior_visible
Edificio Valle-Aleixandre,Salvador Pascual Gimeno,,39.46976330609506,-0.3564344539868688,3,CTAV2333,CTAV,Edificio de viviendas,false,https://arquitecturavalencia.es/img/comprimido/1063.jpg,https://guiactav.com/obra/2333,exterior_visible
Iglesia de San Valero,Juan Bautista Pérez Castiel,,39.46263747618771,-0.37210039694081015,2,CTAV2611,CTAV,Edificio religioso,false,https://arquitecturavalencia.es/img/comprimido/1575.jpg,https://guiactav.com/obra/2611,exterior_visible
Edificio Edificaciones Civiles III,"Miguel Colomina Barberá, Beatriz Colomina Elías",,39.46815262609175,-0.35080335735743834,1,CTAV2180,CTAV,Edificio de viviendas,false,https://arquitecturavalencia.es/img/comprimido/808.jpg,https://guiactav.com/obra/2180,exterior_visible
Torre de València (Edificio Gómez Trenor),Luis Gutiérrez Soto,,39.46910617384507,-0.3647818217031365,3,CTAV2276,CTAV,Edificio de viviendas,false,https://arquitecturavalencia.es/img/comprimido/973.jpg,https://guiactav.com/obra/2276,exterior_visible
Gran Vía Marqués de Turia,,,39.46700172107975,-0.3688156583410899,1,CTAV2464,CTAV,Espacio público,false,https://arquitecturavalencia.es/img/comprimido/1373.jpg,https://guiactav.com/obra/2464,exterior_visible
Edificio Tatay,Manuel García Sierra,,39.46804187101962,-0.36725318211074637,3,CTAV2448,CTAV,Edificio de viviendas,false,https://arquitecturavalencia.es/img/comprimido/1348.jpg,https://guiactav.com/obra/2448,exterior_visible
Edificios Chapa,"Antonio Martorell Trilles, Emilio Ferrer Gisbert, Carlos Carbonell Pañella",,39.46858216915643,-0.3663497805408019,1,CTAV2446,CTAV,Edificio de viviendas,false,https://arquitecturavalencia.es/img/comprimido/1344.jpg,https://guiactav.com/obra/2446,exterior_visible
Edificio Martí Alegre I,"Javier Goerlich Lleó, Juan Bautista Carles Llemosí",,39.46889050270846,-0.3659092013565426,2,CTAV2346,CTAV,Edificio de viviendas,false,https://arquitecturavalencia.es/img/comprimido/1083.jpg,https://guiactav.com/obra/2346,exterior_visible
Edificio Ortiz,Lorenzo Criado Oltra,,39.46598063346914,-0.3704947936450903,3,CTAV2351,CTAV,Edificio de viviendas,false,https://arquitecturavalencia.es/img/comprimido/1090.jpg,https://guiactav.com/obra/2351,exterior_visible
Edificios Noguera II,Francisco Almenar Quinzá,,39.465256431972485,-0.37166206116601935,2,CTAV2398,CTAV,Edificio de viviendas,false,https://arquitecturavalencia.es/img/comprimido/1158.jpg,https://guiactav.com/obra/2398,exterior_visible
Jardín Alfredo Candel,"Arancha Muñoz Criado, Eduardo de Miguel Arbonés",,39.47068300482581,-0.3562743604512435,2,CTAV2139,CTAV,Espacio público,false,https://arquitecturavalencia.es/img/comprimido/710.jpg,https://guiactav.com/obra/2139,exterior_visible
Puente del Mar,,,39.470262681764574,-0.36370433454161644,3,CTAV2695,CTAV,Puentes,false,https://guiactav-pre.odec.es/img/0,https://guiactav.com/obra/2695,exterior_visible
Edificio Peris,Carlos Carbonell Pañella,,39.469045993792555,-0.36701792916077436,2,CTAV2427,CTAV,Edificio de viviendas,false,https://arquitecturavalencia.es/img/comprimido/1314.jpg,https://guiactav.com/obra/2427,exterior_visible
Edificio Antolí,Javier Goerlich Lleó,,39.46914683978386,-0.366836191218803,1,CTAV2310,CTAV,Edificio de viviendas,false,https://arquitecturavalencia.es/img/comprimido/1024.jpg,https://guiactav.com/obra/2310,exterior_visible
Edificios Peset y Llorca,Mariano Peset Aleixandre,,39.46963826502189,-0.3657008835020157,1,CTAV2324,CTAV,Edificio de viviendas,false,https://arquitecturavalencia.es/img/comprimido/1049.jpg,https://guiactav.com/obra/2324,exterior_visible
Parroquia del Patriarca San José y Grupo Escolar La Anunciación,Juan José Estellés Ceba,,39.463986352724135,-0.3446801176522928,2,CTAV2227,CTAV,Edificio religioso,false,https://arquitecturavalencia.es/img/comprimido/878.jpg,https://guiactav.com/obra/2227,exterior_visible
Edificio Andrés,Manuel Peris Ferrando,,39.46874487297755,-0.3677100572281635,3,CTAV2431,CTAV,Edificio de viviendas,false,https://arquitecturavalencia.es/img/comprimido/1318.jpg,https://guiactav.com/obra/2431,exterior_visible
Edificio Orero-Esteban,Adrián Llombart Alegret,,39.464554576177385,-0.37258373983691717,1,CTAV2362,CTAV,Edificio de viviendas,false,https://arquitecturavalencia.es/img/comprimido/1101.jpg,https://guiactav.com/obra/2362,exterior_visible
Iglesia de los Dominicos,"Joaquín Mª Arnau Miramón, Francisco Almenar Quinzá",,39.468025349930365,-0.3692038344981513,3,CTAV2467,CTAV,Edificio religioso,false,https://arquitecturavalencia.es/img/comprimido/1376.jpg,https://guiactav.com/obra/2467,exterior_visible
Polideportivo Juan Antonio Samaranch y Parroquia Mártires Valencianos (Antigua Fábrica S.A. Cros),,,39.45557987342819,-0.3435519713985635,3,CTAV2443,CTAV,Instalación deportiva,false,https://arquitecturavalencia.es/img/comprimido/1337.jpg,https://guiactav.com/obra/2443,exterior_visible
Edificio Mifsud,Joaquín García Sanz,,39.46621896373697,-0.37149514922465304,3,CTAV2254,CTAV,Edificio de viviendas,false,https://arquitecturavalencia.es/img/comprimido/933.jpg,https://guiactav.com/obra/2254,exterior_visible
Edificio Illueca II,Luis Albert Ballesteros,,39.465032391159816,-0.3726894012283846,1,CTAV2275,CTAV,Edificio de viviendas,false,https://arquitecturavalencia.es/img/comprimido/970.jpg,https://guiactav.com/obra/2275,exterior_visible
Mercado de Colón,Francisco Mora Berenguer,,39.46895273682901,-0.368361374409161,1,CTAV2425,CTAV,"Mercado, Feria",false,https://arquitecturavalencia.es/img/comprimido/1309.jpg,https://guiactav.com/obra/2425,exterior_visible
Edificio Plaza de América,GO.DB. Arquitectos asociados,,39.470373272630084,-0.36554774666141376,1,CTAV2210,CTAV,Edificio de viviendas,false,https://arquitecturavalencia.es/img/comprimido/848.jpg,https://guiactav.com/obra/2210,exterior_visible
Edificio Bacharach,Luis Gutiérrez Soto,,39.46820383674218,-0.36978641585036337,2,CTAV2272,CTAV,Edificio de viviendas,false,https://arquitecturavalencia.es/img/comprimido/961.jpg,https://guiactav.com/obra/2272,exterior_visible
Edificio Coll,Lorenzo Criado Oltra,,39.468751621356894,-0.36918012425733987,2,CTAV2392,CTAV,Edificio de viviendas,false,https://arquitecturavalencia.es/img/comprimido/1151.jpg,https://guiactav.com/obra/2392,exterior_visible
Centro de Investigación Príncipe Felipe,Ramón Esteve Cambra,,39.452742400280655,-0.3443837656990748,3,CTAV2120,CTAV,Oficina,false,https://arquitecturavalencia.es/img/comprimido/665.jpg,https://guiactav.com/obra/2120,exterior_visible
Cuarteles de San Juan de la Ribera,,,39.4715023000957,-0.361975645276309,1,CTAV2543,CTAV,"Comisaría de policía, cuartel",false,https://arquitecturavalencia.es/img/comprimido/1478.jpg,https://guiactav.com/obra/2543,exterior_visible
Edificio Candela,Carlos Carbonell Pañella,,39.468919201026516,-0.36929079036755175,2,CTAV2397,CTAV,Edificio de viviendas,false,https://arquitecturavalencia.es/img/comprimido/1157.jpg,https://guiactav.com/obra/2397,exterior_visible
Edificio Bernardo Gómez,Vicente Rodríguez Martín,,39.469155791289886,-0.3690507155714469,1,CTAV2405,CTAV,Edificio de viviendas,false,https://arquitecturavalencia.es/img/comprimido/1176.jpg,https://guiactav.com/obra/2405,exterior_visible
Edificio Ortega,Manuel Peris Ferrando,,39.46546973396812,-0.37321699898091587,1,CTAV2469,CTAV,Edificio de viviendas,false,https://arquitecturavalencia.es/img/comprimido/1378.jpg,https://guiactav.com/obra/2469,exterior_visible
Edificio Tamarit-Navarro,"Pascual Herrero Ripoll (maestro de obras), Ramón Lucini Callejo",,39.46638447005776,-0.372559344582017,2,CTAV2429,CTAV,Edificio de viviendas,false,https://arquitecturavalencia.es/img/comprimido/1316.jpg,https://guiactav.com/obra/2429,exterior_visible
Edificio Cortina Pérez,José Mª Manuel Cortina Pérez,,39.470393648243885,-0.36698445045965433,2,CTAV2472,CTAV,Edificio de viviendas,false,https://arquitecturavalencia.es/img/comprimido/1382.jpg,https://guiactav.com/obra/2472,exterior_visible
Edificio Esteban Martínez,Luis Albert Ballesteros,,39.47013517122034,-0.36766910722077156,1,CTAV2312,CTAV,Edificio de viviendas,false,https://arquitecturavalencia.es/img/comprimido/1026.jpg,https://guiactav.com/obra/2312,exterior_visible
Edificio Francisco Sancho,Demetrio Ribes Marco,,39.46528909103121,-0.3737712208711698,3,CTAV2460,CTAV,Edificio de viviendas,false,https://arquitecturavalencia.es/img/comprimido/1363.jpg,https://guiactav.com/obra/2460,exterior_visible
Edificio Ferrer,Vicente Ferrer Pérez,,39.467199046564176,-0.372206248194104,2,CTAV2461,CTAV,Edificio de viviendas,false,https://arquitecturavalencia.es/img/comprimido/1364.jpg,https://guiactav.com/obra/2461,exterior_visible
Edificio Volta,Fernando de Urrutia Usaola,,39.46859303194388,-0.3705902181175564,2,CTAV2285,CTAV,Oficina,false,https://arquitecturavalencia.es/img/comprimido/987.jpg,https://guiactav.com/obra/2285,exterior_visible
Edificios Pasaje Ruzafa (Edificaciones Civiles I),Miguel Colomina Barberá,,39.4657554431422,-0.3735932302270228,3,CTAV2273,CTAV,Edificio de viviendas,false,https://arquitecturavalencia.es/img/comprimido/962.jpg,https://guiactav.com/obra/2273,exterior_visible
Edificio Salom II,Juan Francisco Guardiola Martínez,,39.46700739184805,-0.3725592607436722,2,CTAV2307,CTAV,Edificio de viviendas,false,https://arquitecturavalencia.es/img/comprimido/1019.jpg,https://guiactav.com/obra/2307,exterior_visible
Hotel Palau de la Mar (Antiguos edificios González y García),Lucas García Cardona,,39.47091274107034,-0.3666509736160736,1,CTAV2532,CTAV,"Hotel, Colegio Mayor",false,https://arquitecturavalencia.es/img/comprimido/1459.jpg,https://guiactav.com/obra/2532,exterior_visible
Edificio Suay-Grancha,Camilo Grau García,,39.46501461148148,-0.374304967347465,3,CTAV2182,CTAV,Edificio de viviendas,false,https://arquitecturavalencia.es/img/comprimido/810.jpg,https://guiactav.com/obra/2182,exterior_visible
Edificio Patuel-Longas,Javier Goerlich Lleó,,39.4652654220849,-0.37422872105476906,3,CTAV2303,CTAV,Edificio de viviendas,false,https://guiactav-pre.odec.es/img/0,https://guiactav.com/obra/2303,exterior_visible
Instituto de formación profesional Ausiàs March,Vetges Tu i Mediterrània SLP,,39.447735711993744,-0.36854623643975354,1,CTAV2148,CTAV,Centro educativo,false,https://arquitecturavalencia.es/img/comprimido/723.jpg,https://guiactav.com/obra/2148,exterior_visible
Archivo del Reino,Juan Segura de Lago,,39.47222173245193,-0.36249520520806877,3,CTAV2243,CTAV,Edificio administrativo,false,https://arquitecturavalencia.es/img/comprimido/911.jpg,https://guiactav.com/obra/2243,exterior_visible
Edificio Cortina III,José Mª Manuel Cortina Pérez,,39.47015319985205,-0.368826512450414,3,CTAV2389,CTAV,Edificio de viviendas,false,https://arquitecturavalencia.es/img/comprimido/1148.jpg,https://guiactav.com/obra/2389,exterior_visible
Cine Metropol (Antiguo Edificio Botella),Gaspar Latorre Vidal,,39.468503008797285,-0.37145653060394646,2,CTAV2528,CTAV,Espacio cultural,false,https://arquitecturavalencia.es/img/comprimido/1453.jpg,https://guiactav.com/obra/2528,exterior_visible
Espacio de oficinas y comercios (Antigua Fábrica Industrias Aceiteras Casanova),,,39.462873084291815,-0.34168170104884943,3,CTAV2489,CTAV,Oficina,false,https://arquitecturavalencia.es/img/comprimido/1400.jpg,https://guiactav.com/obra/2489,exterior_visible
Colegio Territorial de Arquitectos de Valencia,"Filiberto Crespo Samper, Emilio Rieta López, Rafael Tomás Carrascosa, Cándido Orts Bayarri",,39.46849642270927,-0.3716881928416491,3,CTAV2230,CTAV,Oficina,false,https://arquitecturavalencia.es/img/comprimido/887.jpg,https://guiactav.com/obra/2230,exterior_visible
Edificio Limorte,Luis Albert Ballesteros,,39.46806629521908,-0.3724556858098713,1,CTAV2305,CTAV,Edificio de viviendas,false,https://arquitecturavalencia.es/img/comprimido/1017.jpg,https://guiactav.com/obra/2305,exterior_visible
Grupo Residencial Agentes Comerciales. Sección A,"Emilio Artal Fos, José Luis Testor Gómez, Angel Romaní Verdeguer",,39.464984291029225,-0.3751762046812471,1,CTAV2350,CTAV,Edificio de viviendas,false,https://arquitecturavalencia.es/img/comprimido/1089.jpg,https://guiactav.com/obra/2350,exterior_visible
Edificio Cortina II (Casa de los Dragones),José Mª Manuel Cortina Pérez,,39.47013988939046,-0.3697881305749229,1,CTAV2486,CTAV,Edificio de viviendas,false,https://arquitecturavalencia.es/img/comprimido/1397.jpg,https://guiactav.com/obra/2486,exterior_visible
Hotel Westin (Antigua Industria Lanera Valenciana),Alfonso Garín Ortolá,,39.47299387817809,-0.36126020295294164,2,CTAV2411,CTAV,"Hotel, Colegio Mayor",false,https://arquitecturavalencia.es/img/comprimido/1184.jpg,https://guiactav.com/obra/2411,exterior_visible
Tesorería General de la Seguridad Social (Antigua sede de Promobanc),"Antonio Escario Martínez, José Antonio Vidal Beneyto, José Vives Ferrero",,39.46987882324579,-0.37046433578072496,3,CTAV2168,CTAV,Edificio administrativo,false,https://arquitecturavalencia.es/img/comprimido/777.jpg,https://guiactav.com/obra/2168,exterior_visible
Edificio Cortina I,José Mª Manuel Cortina Pérez,,39.46757560200324,-0.3733514143163802,1,CTAV2501,CTAV,Edificio de viviendas,false,https://arquitecturavalencia.es/img/comprimido/1414.jpg,https://guiactav.com/obra/2501,exterior_visible
Edificio Iranzo-Jordá,José E. Zanón Galán,,39.46952319954995,-0.371106370380326,1,CTAV2284,CTAV,Edificio de viviendas,false,https://arquitecturavalencia.es/img/comprimido/986.jpg,https://guiactav.com/obra/2284,exterior_visible
Edificio Ruiz Andrés,Javier Goerlich Lleó,,39.46926882537116,-0.37147129817660024,2,CTAV2298,CTAV,Edificio de viviendas,false,https://arquitecturavalencia.es/img/comprimido/1006.jpg,https://guiactav.com/obra/2298,exterior_visible
Edificio FEYCU,Antonio Gómez Davó,,39.46887566483489,-0.3720013614357127,1,CTAV2281,CTAV,Edificio de viviendas,false,https://arquitecturavalencia.es/img/comprimido/980.jpg,https://guiactav.com/obra/2281,exterior_visible
Grupo Residencial Federico Mayo,Javier Goerlich Lleó,,39.4654532939776,-0.3422636030767257,2,CTAV2287,CTAV,Edificio de viviendas,false,https://arquitecturavalencia.es/img/comprimido/989.jpg,https://guiactav.com/obra/2287,exterior_visible
Edificio multiusos (Antigua sede de la Compañía Valenciana de Cementos Portland),"Rafael Soler Boix, Vicente Valls Abad",,39.470162333709446,-0.3702110551938382,3,CTAV2263,CTAV,Oficina,false,https://arquitecturavalencia.es/img/comprimido/952.jpg,https://guiactav.com/obra/2263,exterior_visible
Edificio Barceló,José Moltó Valor,,39.46849814791194,-0.3725040596734177,3,CTAV2533,CTAV,Edificio de viviendas,false,https://arquitecturavalencia.es/img/comprimido/1460.jpg,https://guiactav.com/obra/2533,exterior_visible
Edificio Vallcanera,"Vicente Valls Abad, Joaquín García Sanz",,39.4704268698294,-0.3699558126257907,1,CTAV2201,CTAV,Edificio de viviendas,false,https://arquitecturavalencia.es/img/comprimido/839.jpg,https://guiactav.com/obra/2201,exterior_visible
Edificio Buenos Aires,Silvia Bronchales Alegre,,39.46153537,-0.377065924,1,CTAV2065,CTAV,Edificio de viviendas,false,https://arquitecturavalencia.es/img/comprimido/562.jpg,https://guiactav.com/obra/2065,exterior_visible
Edificio Albacar,,,39.471427716360544,-0.36810599934421395,3,CTAV2421,CTAV,Edificio de viviendas,false,https://arquitecturavalencia.es/img/comprimido/1305.jpg,https://guiactav.com/obra/2421,exterior_visible
Edificio Belenguer (Casa Judía),Juan Francisco Guardiola Martínez,,39.46477176594348,-0.3758595813965642,3,CTAV2382,CTAV,Edificio de viviendas,false,https://arquitecturavalencia.es/img/comprimido/1137.jpg,https://guiactav.com/obra/2382,exterior_visible
Edificio Casas del Aire,Eugenio Gutiérrez Santos,,39.471877937457016,-0.36729789270073265,1,CTAV2237,CTAV,Edificio de viviendas,false,https://arquitecturavalencia.es/img/comprimido/902.jpg,https://guiactav.com/obra/2237,exterior_visible
Edificio Codes,Emilio Artal Fos,,39.46487629804318,-0.3759457134017562,1,CTAV2386,CTAV,Edificio de viviendas,false,https://arquitecturavalencia.es/img/comprimido/1141.jpg,https://guiactav.com/obra/2386,exterior_visible
Edificio Rodrigo,Luis Gay Ramos,,39.469661331371995,-0.3715869047600706,3,CTAV2229,CTAV,Edificio de viviendas,false,https://arquitecturavalencia.es/img/comprimido/884.jpg,https://guiactav.com/obra/2229,exterior_visible
Edificio Ylario,Lucas García Cardona,,39.469054490590175,-0.37243564492038406,1,CTAV2516,CTAV,Edificio de viviendas,false,https://arquitecturavalencia.es/img/comprimido/1433.jpg,https://guiactav.com/obra/2516,exterior_visible
Edificio Burguet,Salvador Donderis Tatay,,39.464995456261924,-0.3760181151438064,2,CTAV2381,CTAV,Edificio de viviendas,false,https://arquitecturavalencia.es/img/comprimido/1136.jpg,https://guiactav.com/obra/2381,exterior_visible
Balneario de la Alameda (Antiguo Asilo de Lactancia),Ramón Lucini Callejo,,39.47347053128426,-0.36210284858666847,1,CTAV2457,CTAV,"Balneario, Piscinas",false,https://arquitecturavalencia.es/img/comprimido/1360.jpg,https://guiactav.com/obra/2457,exterior_visible
Jardines y Palacete de Ayora,Peregrín Mustieles Cano,,39.46837647844993,-0.34401457120551937,2,CTAV2495,CTAV,Espacio público,false,https://arquitecturavalencia.es/img/comprimido/1406.jpg,https://guiactav.com/obra/2495,exterior_visible
Centro Deportivo La Creu del Grau (Almacén de abonos José Campos Crespo),Demetrio Ribes Marco,,39.46158719998233,-0.33992050595448486,2,CTAV2426,CTAV,Instalación deportiva,false,https://arquitecturavalencia.es/img/comprimido/1729.jpg,https://guiactav.com/obra/2426,exterior_visible
Edificio Joaquina Frigola,"Enrique Roig Olmos, Francisco Nebot Miralles, Miguel Pecourt García",,39.470165505665655,-0.3712078903309744,2,CTAV2170,CTAV,Edificio de viviendas,false,https://arquitecturavalencia.es/img/comprimido/790.jpg,https://guiactav.com/obra/2170,exterior_visible
Palacio de la Exposición,Francisco Mora Berenguer,,39.47347817859955,-0.3625641879182437,2,CTAV2444,CTAV,Palacio,false,https://arquitecturavalencia.es/img/comprimido/1339.jpg,https://guiactav.com/obra/2444,exterior_visible
Edificio Gil Terrón,Román Jiménez Iranzo,,39.46820821744969,-0.3737235089576543,2,CTAV2189,CTAV,Edificio de viviendas,false,https://arquitecturavalencia.es/img/comprimido/819.jpg,https://guiactav.com/obra/2189,exterior_visible
Centro Comercial El Corte Inglés-Colón (Antiguo Galerias Preciados),"Francisco Javier Feduchi Benlliure, Francisco Basso Virules",,39.46946794945813,-0.3722709294430599,3,CTAV2187,CTAV,Centro Comercial,false,https://arquitecturavalencia.es/img/comprimido/817.jpg,https://guiactav.com/obra/2187,exterior_visible
Edificio Ripoll,Javier Goerlich Lleó,,39.466855098475804,-0.37501593523632737,2,CTAV2264,CTAV,Edificio de viviendas,false,https://arquitecturavalencia.es/img/comprimido/953.jpg,https://guiactav.com/obra/2264,exterior_visible
Edificio Porta de la Mar,AIC Equip,,39.47213290685421,-0.367909500826021,2,CTAV2080,CTAV,Edificio de viviendas,false,https://arquitecturavalencia.es/img/comprimido/594.jpg,https://guiactav.com/obra/2080,exterior_visible
Edificio Iranzo,Daniel Gamón Jara,,39.4734483525668,-0.36360050981933767,2,CTAV2204,CTAV,Edificio de viviendas,false,https://arquitecturavalencia.es/img/comprimido/842.jpg,https://guiactav.com/obra/2204,exterior_visible
Casa Religiosas Oblatas,Lucas García Cardona,,39.46849044641627,-0.37369852623607014,2,CTAV2523,CTAV,Edificio religioso,false,https://arquitecturavalencia.es/img/comprimido/1447.jpg,https://guiactav.com/obra/2523,exterior_visible
Edificio Torres,Daniel Gamón Jara,,39.47134863715542,-0.36986604169637866,2,CTAV2239,CTAV,Edificio de viviendas,false,https://arquitecturavalencia.es/img/comprimido/904.jpg,https://guiactav.com/obra/2239,exterior_visible
Parque Central (1ª Fase),Gustafson Porter + Bowman,,39.457425695175196,-0.3781532639738837,3,CTAV2072,CTAV,Espacio público,false,https://arquitecturavalencia.es/img/comprimido/572.jpg,https://guiactav.com/obra/2072,exterior_visible
Colegio Notarial,Joaquín Mª Belda Ibáñez,,39.468647486495776,-0.373713169982412,1,CTAV2526,CTAV,Edificio de viviendas,false,https://arquitecturavalencia.es/img/comprimido/1451.jpg,https://guiactav.com/obra/2526,exterior_visible
Edificio Domingo,Alfonso Garín Ortolá,,39.46543911928117,-0.3763769703569848,2,CTAV2380,CTAV,Edificio de viviendas,false,https://arquitecturavalencia.es/img/comprimido/1135.jpg,https://guiactav.com/obra/2380,exterior_visible
Hotel Palacio Santa Clara (Antiguo Edificio Niederleitner),Javier Goerlich Lleó,,39.46837190132864,-0.3740499107285219,2,CTAV2416,CTAV,"Hotel, Colegio Mayor",false,https://arquitecturavalencia.es/img/comprimido/1189.jpg,https://guiactav.com/obra/2416,exterior_visible
Oficinas municipales (Antigua Fábrica de Tabacos),"Celestino Aranguren Alonso, Ramón Lucini Callejo",,39.47400913564139,-0.3614659713418833,2,CTAV2473,CTAV,Patrimonio industrial,false,https://arquitecturavalencia.es/img/comprimido/1383.jpg,https://guiactav.com/obra/2473,exterior_visible
Puente de la Exposición,Santiago Calatrava Valls,,39.47321876873142,-0.36583741445632173,3,CTAV2686,CTAV,Puentes,false,https://arquitecturavalencia.es/img/comprimido/1849.jpg,https://guiactav.com/obra/2686,exterior_visible
Edificio RENFE I,Francisco Alonso Martos,,39.46362818803166,-0.3776638867915527,2,CTAV2394,CTAV,Edificio de viviendas,false,https://arquitecturavalencia.es/img/comprimido/1153.jpg,https://guiactav.com/obra/2394,exterior_visible
Edificio Ciudadela,GO.DB. Arquitectos asociados,,39.47282629151771,-0.36730822494606064,2,CTAV2226,CTAV,Edificio de viviendas,false,https://arquitecturavalencia.es/img/comprimido/876.jpg,https://guiactav.com/obra/2226,exterior_visible
Palacio del Vizconde de Valdesoto,,,39.47117697245953,-0.3708105589218489,2,CTAV2617,CTAV,Palacio,false,https://arquitecturavalencia.es/img/comprimido/1585.jpg,https://guiactav.com/obra/2617,exterior_visible
Sede del Tribunal Supremo de Justicia de la Comunidad Valenciana,Felipe Rubio y Mulet,,39.47180641209276,-0.3697117188575989,2,CTAV2589,CTAV,Edificio administrativo,false,https://arquitecturavalencia.es/img/comprimido/1546.jpg,https://guiactav.com/obra/2589,exterior_visible
Edificio Moontels Ruzafa,Francisco López Zarco,,39.467669740826736,-0.37521521683544595,1,CTAV2088,CTAV,"Hotel, Colegio Mayor",false,https://arquitecturavalencia.es/img/comprimido/609.jpg,https://guiactav.com/obra/2088,exterior_visible
Plaza de Toros,Sebastián Monleón Estellés,,39.46666361936632,-0.376128979367639,3,CTAV2563,CTAV,Plaza de toros,false,https://arquitecturavalencia.es/img/comprimido/1505.jpg,https://guiactav.com/obra/2563,exterior_visible
Edificio multiusos,"Julio Lacomba Boix, Ramón Esteve Cambra",,39.467855375542754,-0.3752826166670486,3,CTAV2092,CTAV,Oficina,false,https://arquitecturavalencia.es/img/comprimido/613.jpg,https://guiactav.com/obra/2092,exterior_visible
"Estaciones de Metrovalencia líneas L3, L4, L5 y L10","CB Arquitectes Associats, Carlos Meri Cucart, Lourdes García Sogo, Santiago Calatrava Valls, Mª José Bernabéu Valero (Grupo TYPSA)",,39.47363633482481,-0.36548465149358383,2,CTAV2154,CTAV,Transporte,false,https://arquitecturavalencia.es/img/comprimido/735.jpg,https://guiactav.com/obra/2154,exterior_visible
Edificio Carbajosa,Luis Albert Ballesteros,,39.467463143460236,-0.37578110750747706,3,CTAV2377,CTAV,Edificio de viviendas,false,https://arquitecturavalencia.es/img/comprimido/1132.jpg,https://guiactav.com/obra/2377,exterior_visible
Edificio Vargues-Royo,Miguel Martínez Ortega,,39.46608150868944,-0.3768198855861986,1,CTAV2313,CTAV,Edificio de viviendas,false,https://arquitecturavalencia.es/img/comprimido/1027.jpg,https://guiactav.com/obra/2313,exterior_visible
El Parterre,Sebastián Monleón Estellés,,39.471889813034835,-0.37058713536498045,3,CTAV2557,CTAV,Espacio público,false,https://arquitecturavalencia.es/img/comprimido/1497.jpg,https://guiactav.com/obra/2557,exterior_visible
Edificio Novedades,Rafael Tamarit Pitarch,,39.4682171159672,-0.3754229997327275,1,CTAV2195,CTAV,Edificio administrativo,false,https://arquitecturavalencia.es/img/comprimido/827.jpg,https://guiactav.com/obra/2195,exterior_visible
Edificio Pastor Fuertes,Javier Goerlich Lleó,,39.47424957511938,-0.36424656476440925,2,CTAV2301,CTAV,Edificio de viviendas,false,https://arquitecturavalencia.es/img/comprimido/1010.jpg,https://guiactav.com/obra/2301,exterior_visible
Paseo de la Alameda,,,39.474207599129,-0.36479728016468355,3,CTAV2616,CTAV,Espacio público,false,https://arquitecturavalencia.es/img/comprimido/1584.jpg,https://guiactav.com/obra/2616,exterior_visible
Edificio Zaragozá-Riera,"Manuel Cervera Aranda, Javier Goerlich Lleó",,39.468368213589955,-0.3754870293039973,3,CTAV2296,CTAV,Edificio de viviendas,false,https://arquitecturavalencia.es/img/comprimido/1002.jpg,https://guiactav.com/obra/2296,exterior_visible
Bankinter (Palacio de los Pescara),Peregrín Mustieles Cano,,39.47132435609747,-0.3719328813275812,2,CTAV2508,CTAV,Banco,false,https://arquitecturavalencia.es/img/comprimido/1423.jpg,https://guiactav.com/obra/2508,exterior_visible
Edificio multiusos (Antiguo Cine Capitol),Joaquín Rieta Síster,,39.46777156714047,-0.3761057441549886,1,CTAV2367,CTAV,Espacio cultural,false,https://arquitecturavalencia.es/img/comprimido/1108.jpg,https://guiactav.com/obra/2367,exterior_visible
La Glorieta,Manuel Serrano e Insa,,39.47272283579652,-0.3694514480586893,1,CTAV2577,CTAV,Espacio público,false,https://arquitecturavalencia.es/img/comprimido/1528.jpg,https://guiactav.com/obra/2577,exterior_visible
Edificio de oficinas (Sede Banco Sabadell),Francisco Almenar Quinzá,,39.469261824698165,-0.3746872774673604,2,CTAV2432,CTAV,Oficina,false,https://arquitecturavalencia.es/img/comprimido/1319.jpg,https://guiactav.com/obra/2432,exterior_visible
Edificio Villalba,Alfonso Garín Ortolá,,39.46758515626712,-0.37632628055922757,1,CTAV2335,CTAV,Edificio de viviendas,false,https://arquitecturavalencia.es/img/comprimido/1068.jpg,https://guiactav.com/obra/2335,exterior_visible
Banco de Sabadell (Palacio de los Condes de Peñalva),,,39.47073250904554,-0.3731404037059001,1,CTAV2604,CTAV,Banco,false,https://arquitecturavalencia.es/img/comprimido/1566.jpg,https://guiactav.com/obra/2604,exterior_visible
Edificio Bigné,Demetrio Ribes Marco,,39.46948072050945,-0.37470410821857664,1,CTAV2436,CTAV,Edificio de viviendas,false,https://arquitecturavalencia.es/img/comprimido/1323.jpg,https://guiactav.com/obra/2436,exterior_visible
Edificio Martínez Hueso,Juan José Estellés Ceba,,39.47312517841708,-0.36898169902087413,3,CTAV2199,CTAV,Edificio de viviendas,false,https://arquitecturavalencia.es/img/comprimido/837.jpg,https://guiactav.com/obra/2199,exterior_visible
Edificio Gómez-Trenor,Mauro Lleó Serret,,39.47030732373144,-0.3737645274759277,3,CTAV2203,CTAV,Edificio de viviendas,false,https://arquitecturavalencia.es/img/comprimido/841.jpg,https://guiactav.com/obra/2203,exterior_visible
Edificio Vizcaino,Cayetano Borso di Carminati González,,39.468700746928796,-0.37559706164880796,3,CTAV2315,CTAV,Edificio de viviendas,false,https://arquitecturavalencia.es/img/comprimido/1033.jpg,https://guiactav.com/obra/2315,exterior_visible
Edificio Sede de Caixabank (Antiguo Banco de Valencia),"Javier Goerlich Lleó, Francisco Almenar Quinzá, Antonio Gómez Davó, Vicente Traver Tomás",,39.4705406257666,-0.37354688917781514,2,CTAV2343,CTAV,Banco,false,https://arquitecturavalencia.es/img/comprimido/1080.jpg,https://guiactav.com/obra/2343,exterior_visible
Estación del Norte,Demetrio Ribes Marco,,39.46686182797042,-0.3771818746517196,3,CTAV2463,CTAV,Transporte,false,https://arquitecturavalencia.es/img/comprimido/1369.jpg,https://guiactav.com/obra/2463,exterior_visible
Edificio Más,Manuel Cervera Aranda,,39.46838972575559,-0.37596176762792033,2,CTAV2316,CTAV,Edificio de viviendas,false,https://arquitecturavalencia.es/img/comprimido/1035.jpg,https://guiactav.com/obra/2316,exterior_visible
Edificio Pascual I,Antonio Martorell Trilles,,39.46968191918125,-0.3747046133921445,2,CTAV2434,CTAV,Edificio de viviendas,false,https://arquitecturavalencia.es/img/comprimido/1321.jpg,https://guiactav.com/obra/2434,exterior_visible
Edificio Rodríguez Fornos,Joaquín Rieta Síster,,39.472303231967956,-0.37099576159015873,2,CTAV2355,CTAV,Edificio de viviendas,false,https://arquitecturavalencia.es/img/comprimido/1094.jpg,https://guiactav.com/obra/2355,exterior_visible
Banco Mediolanum (Antiguo Edificio Tarín II),Vicente Rodríguez Martín,,39.47026799720854,-0.3740526683484168,3,CTAV2433,CTAV,Banco,false,https://arquitecturavalencia.es/img/comprimido/1320.jpg,https://guiactav.com/obra/2433,exterior_visible
Edificio de la Unión y el Fénix,Enrique Viedma Vidal,,39.46775174625922,-0.3767078660072823,1,CTAV2370,CTAV,Edificio de viviendas,false,https://arquitecturavalencia.es/img/comprimido/1114.jpg,https://guiactav.com/obra/2370,exterior_visible
Edificio Santo Tomás de Villanueva,Juan José Estellés Ceba,,39.471317470933904,-0.3728041682883751,1,CTAV2250,CTAV,Oficina,false,https://arquitecturavalencia.es/img/comprimido/922.jpg,https://guiactav.com/obra/2250,exterior_visible
Green Building (Antiguo Banco de Bilbao),"Francisco Hurtado de Saracho, Luis Albert Ballesteros",,39.47099129962796,-0.3734097034113041,1,CTAV2214,CTAV,Edificio de viviendas,false,https://arquitecturavalencia.es/img/comprimido/856.jpg,https://guiactav.com/obra/2214,exterior_visible
Banco de España,José de Astiz Bárcena,,39.47010647808233,-0.3746000877933675,2,CTAV2420,CTAV,Banco,false,https://arquitecturavalencia.es/img/comprimido/1194.jpg,https://guiactav.com/obra/2420,exterior_visible
Edificio Navarro Pérez,Javier Goerlich Lleó,,39.47298508400841,-0.3702244271793612,1,CTAV2374,CTAV,Edificio de viviendas,false,https://arquitecturavalencia.es/img/comprimido/1127.jpg,https://guiactav.com/obra/2374,exterior_visible
Edificio Sales,"Julio Vila Liante, Juan E. Vernetta de los Santos, José I. Bedia Urbano",,39.47234524300528,-0.3715068323724355,2,CTAV2188,CTAV,Edificio de viviendas,false,https://arquitecturavalencia.es/img/comprimido/818.jpg,https://guiactav.com/obra/2188,exterior_visible
Palacio de Comunicaciones (Antiguo Edificio de Correos y Telégrafos) ,Miguel Ángel Navarro Pérez,,39.46948605632706,-0.37541850411533517,2,CTAV2417,CTAV,Edificio administrativo,false,https://arquitecturavalencia.es/img/comprimido/1190.jpg,https://guiactav.com/obra/2417,exterior_visible
Banco Bilbao Vizcaya Argentaria. BBVA (Antiguo Banco Exterior de España),Mariano Garrigues Díaz-Cañabate,,39.47076111786977,-0.37394672909549875,1,CTAV2249,CTAV,Banco,false,https://arquitecturavalencia.es/img/comprimido/921.jpg,https://guiactav.com/obra/2249,exterior_visible
Edificio Telefónica,"Santiago Esteban de Mora, Ignacio de Cárdenas Pastor",,39.46902789609501,-0.37594609355983816,3,CTAV2390,CTAV,Oficina,false,https://arquitecturavalencia.es/img/comprimido/1149.jpg,https://guiactav.com/obra/2390,exterior_visible
Edificio Bolinches,Manuel García Sierra,,39.472749358317536,-0.3708807965557038,3,CTAV2482,CTAV,Edificio de viviendas,false,https://arquitecturavalencia.es/img/comprimido/1393.jpg,https://guiactav.com/obra/2482,exterior_visible
Edificio Cort-Álvarez,"Luis Ferreres Soler, Antonio Gómez Davó",,39.47296397203982,-0.3704789743813593,1,CTAV2451,CTAV,Edificio de viviendas,false,https://arquitecturavalencia.es/img/comprimido/1351.jpg,https://guiactav.com/obra/2451,exterior_visible
Edificio Bertet,Enrique Pecourt Betés,,39.465242923857694,-0.37876182162575933,1,CTAV2358,CTAV,Edificio de viviendas,false,https://arquitecturavalencia.es/img/comprimido/1097.jpg,https://guiactav.com/obra/2358,exterior_visible
Edificio Tortosa-Martínez Sala,Luis Albert Ballesteros,,39.4719910238562,-0.37233962513786917,2,CTAV2365,CTAV,Edificio de viviendas,false,https://arquitecturavalencia.es/img/comprimido/1106.jpg,https://guiactav.com/obra/2365,exterior_visible
Colegio Guadalaviar,Fernando M. García-Ordóñez,,39.4755014312195,-0.3552848289797561,3,CTAV2260,CTAV,Centro educativo,false,https://arquitecturavalencia.es/img/comprimido/947.jpg,https://guiactav.com/obra/2260,exterior_visible
Edificio Bonaire ,Joaquín Mª Arnau Miramón,,39.47252787722069,-0.3714772522624376,1,CTAV2487,CTAV,Edificio de viviendas,false,https://arquitecturavalencia.es/img/comprimido/1398.jpg,https://guiactav.com/obra/2487,exterior_visible
Edificios Trénor,Antonio Martorell Trilles,,39.472751805923636,-0.3712223688822317,2,CTAV2470,CTAV,Edificio de viviendas,false,https://arquitecturavalencia.es/img/comprimido/1379.jpg,https://guiactav.com/obra/2470,exterior_visible
Teatro Principal,"Filippo Fontana, Salvador Escrig Melchor, Cristobal Sales, Juan Marzo",,39.47065165931421,-0.3744603205307064,3,CTAV2584,CTAV,Espacio cultural,false,https://arquitecturavalencia.es/img/comprimido/1536.jpg,https://guiactav.com/obra/2584,exterior_visible
Edificio Cámara de Comercio,Luis Albert Ballesteros,,39.47106228750018,-0.37399456524778263,2,CTAV2209,CTAV,Oficina,false,https://arquitecturavalencia.es/img/comprimido/847.jpg,https://guiactav.com/obra/2209,exterior_visible
Calle de la Paz,"Manuel Sorní Grau, Juan Mercader, Luis Ferreres Soler, Joaquín Mª Arnau Miramón",,39.47292667910603,-0.37116790382086506,1,CTAV2546,CTAV,Espacio público,false,https://arquitecturavalencia.es/img/comprimido/1480.jpg,https://guiactav.com/obra/2546,exterior_visible
Hotel Reina Victoria,Luis Ferreres Soler,,39.47022875238021,-0.3751655039773732,3,CTAV2439,CTAV,"Hotel, Colegio Mayor",false,https://arquitecturavalencia.es/img/comprimido/1327.jpg,https://guiactav.com/obra/2439,exterior_visible
Edificio Inmobiliaria Cabañal,"Curro Mestre Jordá, Pepe Font Jimenez",,39.46293085736766,-0.38015220120093746,3,CTAV2086,CTAV,Edificio de viviendas,false,https://arquitecturavalencia.es/img/comprimido/600.jpg,https://guiactav.com/obra/2086,exterior_visible
Centre Cultural La Nau,"Joaquín Martínez, Timoteo Calvo Ibarra, Sebastián Monleón Estellés, Antonio Martorell Trilles",,39.471976567228666,-0.37293399819953243,3,CTAV2571,CTAV,Museo,false,https://arquitecturavalencia.es/img/comprimido/1516.jpg,https://guiactav.com/obra/2571,exterior_visible
Edificio Suay,Francisco Mora Berenguer,,39.46995780127687,-0.37562105746582797,3,CTAV2447,CTAV,Edificio de viviendas,false,https://arquitecturavalencia.es/img/comprimido/1347.jpg,https://guiactav.com/obra/2447,exterior_visible
Antiguo Real Convento de Santo Domingo,,,39.47392082850585,-0.36941798594224357,3,CTAV2672,CTAV,Edificio religioso,false,https://arquitecturavalencia.es/img/comprimido/1690.jpg,https://guiactav.com/obra/2672,exterior_visible
Edificio Pouet,Joaquín Bueso Martí,,39.473451699735854,-0.37047284143102704,2,CTAV2549,CTAV,Edificio de viviendas,false,https://arquitecturavalencia.es/img/comprimido/1486.jpg,https://guiactav.com/obra/2549,exterior_visible
Edificio J. Janini,Antonio Martorell Trilles,,39.472313195561945,-0.3726009831300388,3,CTAV2529,CTAV,Edificio de viviendas,false,https://arquitecturavalencia.es/img/comprimido/1454.jpg,https://guiactav.com/obra/2529,exterior_visible
Centro Cultural Bancaja,"Lucas García Cardona, Antonio Gómez Davó",,39.47364527989231,-0.37013092830034705,2,CTAV2511,CTAV,Museo,false,https://arquitecturavalencia.es/img/comprimido/1426.jpg,https://guiactav.com/obra/2511,exterior_visible
Edificio Julián I,Emilio Giménez Julián,,39.47601741606673,-0.36081115322574303,3,CTAV2220,CTAV,Edificio de viviendas,false,https://arquitecturavalencia.es/img/comprimido/868.jpg,https://guiactav.com/obra/2220,exterior_visible
Edificio Noguera I,Francisco Mora Berenguer,,39.47006901541619,-0.37566398223200503,1,CTAV2449,CTAV,Edificio de viviendas,false,https://arquitecturavalencia.es/img/comprimido/1349.jpg,https://guiactav.com/obra/2449,exterior_visible
Edificio Gómez II,Francisco Mora Berenguer,,39.473095161468706,-0.37143941802700253,3,CTAV2481,CTAV,Edificio de viviendas,false,https://arquitecturavalencia.es/img/comprimido/1392.jpg,https://guiactav.com/obra/2481,exterior_visible
"Centro de Empleo, Emprendimiento e Innovación del Ayuntamiento de València (Antigua Harinera Levantina)",Eugenio López Aracil,,39.45845297078472,-0.33647395881703457,1,CTAV2395,CTAV,Edificio administrativo,false,https://arquitecturavalencia.es/img/comprimido/1154.jpg,https://guiactav.com/obra/2395,exterior_visible
Edificio Nebot-Pellicer I,Víctor Bueso Bellot,,39.471503510778795,-0.37403890449229843,1,CTAV2256,CTAV,Edificio de viviendas,false,https://arquitecturavalencia.es/img/comprimido/936.jpg,https://guiactav.com/obra/2256,exterior_visible
Tesorería General de la Seguridad Social (Casa del Xavo),"Enrique Viedma Vidal, Enric Sagnier i Villavechia",,39.468581480741605,-0.37728106378809945,2,CTAV2385,CTAV,Edificio administrativo,false,https://arquitecturavalencia.es/img/comprimido/1140.jpg,https://guiactav.com/obra/2385,exterior_visible
Edificio Ortí Palanca,Luis Gay Ramos,,39.47338979907442,-0.37102486456444544,2,CTAV2288,CTAV,Edificio de viviendas,false,https://arquitecturavalencia.es/img/comprimido/992.jpg,https://guiactav.com/obra/2288,exterior_visible
Edificio Conde de Montornés,"Pepe Font Jimenez, Curro Mestre Jordá",,39.47374758573795,-0.3703652402102938,3,CTAV2108,CTAV,Edificio de viviendas,false,https://arquitecturavalencia.es/img/comprimido/649.jpg,https://guiactav.com/obra/2108,exterior_visible
Estación València Joaquín Sorolla (Estación provisional del AVE),"Elvira Puchades Gimeno, Jorge Bernabéu Larena, (IDOM-ACXT)",,39.46026113436702,-0.3810866609367185,1,CTAV2081,CTAV,Transporte,false,https://arquitecturavalencia.es/img/comprimido/595.jpg,https://guiactav.com/obra/2081,exterior_visible
Edificio Santonja,Luis Albert Ballesteros,,39.4689128261682,-0.3771599664968551,3,CTAV2344,CTAV,Edificio de viviendas,false,https://arquitecturavalencia.es/img/comprimido/1081.jpg,https://guiactav.com/obra/2344,exterior_visible
Instituto Lluís Vives,,,39.468227008068084,-0.37777718357748574,3,CTAV2628,CTAV,Centro educativo,false,https://arquitecturavalencia.es/img/comprimido/1601.jpg,https://guiactav.com/obra/2628,exterior_visible
Confederación Hidrográfica del Júcar,Miguel Colomina Barberá,,39.47633240440902,-0.3578661650768551,3,CTAV2228,CTAV,Edificio administrativo,false,https://arquitecturavalencia.es/img/comprimido/881.jpg,https://guiactav.com/obra/2228,exterior_visible
Edificio Gil Adán II,Joaquín Rieta Síster,,39.470581233344774,-0.37547994555576364,1,CTAV2293,CTAV,Edificio de viviendas,false,https://arquitecturavalencia.es/img/comprimido/999.jpg,https://guiactav.com/obra/2293,exterior_visible
Plaza del Ayuntamiento,Javier Goerlich Lleó,,39.46979232531544,-0.37635333624786327,3,CTAV2387,CTAV,Espacio público,false,https://arquitecturavalencia.es/img/comprimido/1142.jpg,https://guiactav.com/obra/2387,exterior_visible
Edificio Chapa,Antonio Martorell Trilles,,39.47271942880203,-0.37255260715664423,1,CTAV2476,CTAV,Edificio de viviendas,false,https://arquitecturavalencia.es/img/comprimido/1387.jpg,https://guiactav.com/obra/2476,exterior_visible
Edificio Jerusalén,Salvador Donderis Tatay,,39.46462785246453,-0.3801590538861836,2,CTAV2383,CTAV,Espacio cultural,false,https://arquitecturavalencia.es/img/comprimido/1138.jpg,https://guiactav.com/obra/2383,exterior_visible
El Patriarca (Real Colegio del Corpus Christi),Guillem del Rey,,39.47255221900313,-0.373064357147349,3,CTAV2627,CTAV,Edificio religioso,false,https://arquitecturavalencia.es/img/comprimido/1597.jpg,https://guiactav.com/obra/2627,exterior_visible
Edificio Gómez-Trenor (Antiguo Edificio Banco Vitalicio de España),"Lluís Bonet i Garí, Javier Goerlich Lleó",,39.46917946184535,-0.37721792818934563,2,CTAV2379,CTAV,Edificio de viviendas,false,https://arquitecturavalencia.es/img/comprimido/1134.jpg,https://guiactav.com/obra/2379,exterior_visible
Edificio Vicomán,"Vicente Valls Abad, Joaquín García Sanz",,39.47158260896869,-0.3745650225173858,3,CTAV2224,CTAV,Edificio de viviendas,false,https://arquitecturavalencia.es/img/comprimido/874.jpg,https://guiactav.com/obra/2224,exterior_visible
Edificio Gómez I,Francisco Mora Berenguer,,39.47327413762312,-0.3721836613066349,2,CTAV2475,CTAV,Edificio de viviendas,false,https://arquitecturavalencia.es/img/comprimido/1386.jpg,https://guiactav.com/obra/2475,exterior_visible
Archivo Histórico Municipal (Palacio de Cervelló),,,39.47425232269167,-0.37035293468868913,2,CTAV2607,CTAV,Edificio administrativo,false,https://arquitecturavalencia.es/img/comprimido/1569.jpg,https://guiactav.com/obra/2607,exterior_visible
Facultad de Filosofía y Ciencias de la Educación (Antigua Facultad de Derecho),Fernando Moreno Barberá,,39.47663516714296,-0.36062667109130564,3,CTAV2248,CTAV,Centro educativo,false,https://arquitecturavalencia.es/img/comprimido/920.jpg,https://guiactav.com/obra/2248,exterior_visible
Instituto Sorolla,José Ramón Azpiazu Ordóñez,,39.4673893492119,-0.338466087939105,1,CTAV2216,CTAV,Centro educativo,false,https://arquitecturavalencia.es/img/comprimido/860.jpg,https://guiactav.com/obra/2216,exterior_visible
Edificio Josefa Sancho II,Joaquín Mª Arnau Miramón,,39.47331113454985,-0.37251685082924296,2,CTAV2484,CTAV,Edificio de viviendas,false,https://arquitecturavalencia.es/img/comprimido/1395.jpg,https://guiactav.com/obra/2484,exterior_visible
Edificio Vicoman Rex (La Pirámide),GO.DB. Arquitectos asociados,,39.46881262828725,-0.37806815900964147,3,CTAV2215,CTAV,Edificio de viviendas,false,https://arquitecturavalencia.es/img/comprimido/859.jpg,https://guiactav.com/obra/2215,exterior_visible
Ateneo Mercantil,"Juan de Zavala y Lafora, José Mª Rivas Eulate, Fernando Arzadún Ibarrarán",,39.47081094216926,-0.3761103385578521,3,CTAV2359,CTAV,Espacio cultural,false,https://arquitecturavalencia.es/img/comprimido/1098.jpg,https://guiactav.com/obra/2359,exterior_visible
Palacio de los Marqueses de Montortal,,,39.47452575827124,-0.3701948677683084,2,CTAV2601,CTAV,Palacio,false,https://arquitecturavalencia.es/img/comprimido/1563.jpg,https://guiactav.com/obra/2601,exterior_visible
Iglesia de San Juan de la Cruz,"Alonso Orts, Luis Domingo",,39.47205233195872,-0.37456953085504247,2,CTAV2619,CTAV,Edificio religioso,false,https://arquitecturavalencia.es/img/comprimido/1587.jpg,https://guiactav.com/obra/2619,exterior_visible
IMSKE,Javier García-Solera Vera,,39.45360447,-0.336523552,2,CTAV2063,CTAV,Centro de salud,false,https://arquitecturavalencia.es/img/comprimido/560.jpg,https://guiactav.com/obra/2063,exterior_visible
Instituto Valenciano de Finanzas (Palacio Boïl d´Arenós),,,39.47260406072856,-0.37396381421595265,3,CTAV2605,CTAV,Edificio administrativo,false,https://arquitecturavalencia.es/img/comprimido/1567.jpg,https://guiactav.com/obra/2605,exterior_visible
Edificio Oliag,Sebastián Monleón Estellés,,39.47493886821633,-0.36956897268562067,2,CTAV2554,CTAV,Edificio de viviendas,false,https://arquitecturavalencia.es/img/comprimido/1494.jpg,https://guiactav.com/obra/2554,exterior_visible
Edificio Martorell,Antonio Martorell Trilles,,39.47318626402337,-0.3730977431194602,1,CTAV2497,CTAV,Edificio de viviendas,false,https://arquitecturavalencia.es/img/comprimido/1408.jpg,https://guiactav.com/obra/2497,exterior_visible
Ayuntamiento,,,39.469894559377764,-0.37737462000257876,3,CTAV2588,CTAV,Edificio administrativo,false,https://arquitecturavalencia.es/img/comprimido/1543.jpg,https://guiactav.com/obra/2588,exterior_visible
Edificios Alameda,Miguel Colomina Barberá,,39.4761896708276,-0.36583496674020966,1,CTAV2223,CTAV,Edificio de viviendas,false,https://arquitecturavalencia.es/img/comprimido/872.jpg,https://guiactav.com/obra/2223,exterior_visible
Edificio Camaña Laymón,José Camaña Laymón,,39.47344170031144,-0.3727675201766987,1,CTAV2485,CTAV,Edificio de viviendas,false,https://arquitecturavalencia.es/img/comprimido/1396.jpg,https://guiactav.com/obra/2485,exterior_visible
Edificio Rialto,Cayetano Borso di Carminati González,,39.47099243534065,-0.3762380349066944,1,CTAV2334,CTAV,Espacio cultural,false,https://arquitecturavalencia.es/img/comprimido/1064.jpg,https://guiactav.com/obra/2334,exterior_visible
Delegación Territorial de la O.N.C.E,"Juan Blat Pizarro, Mª José Tatay Romeu",,39.464288619973665,-0.3811447241907035,3,CTAV2159,CTAV,Oficina,false,https://arquitecturavalencia.es/img/comprimido/761.jpg,https://guiactav.com/obra/2159,exterior_visible
Edificio Aznar,Manuel García Sierra,,39.471783114059676,-0.375337254985725,1,CTAV2474,CTAV,Edificio de viviendas,false,https://arquitecturavalencia.es/img/comprimido/1385.jpg,https://guiactav.com/obra/2474,exterior_visible
Edificio Moroder Gómez,Miguel Fisac Serna,,39.474870443635446,-0.3701581604979682,2,CTAV2234,CTAV,Edificio de viviendas,false,https://arquitecturavalencia.es/img/comprimido/896.jpg,https://guiactav.com/obra/2234,exterior_visible
Edificio Font de Mora,Javier Goerlich Lleó,,39.47108686986536,-0.37630136644245593,3,CTAV2321,CTAV,Edificio de viviendas,false,https://arquitecturavalencia.es/img/comprimido/1046.jpg,https://guiactav.com/obra/2321,exterior_visible
Colegio de Abogados de València,"Ignacio Bosch Reig, Carlos Campos González, Vicente Corell Farinós, Vicente Mas Llorens",,39.475221022398394,-0.3695649067353739,3,CTAV2136,CTAV,Oficina,false,https://arquitecturavalencia.es/img/comprimido/702.jpg,https://guiactav.com/obra/2136,exterior_visible
Barrio de San Cristobal,Cayetano Borso di Carminati González,,39.46311227884487,-0.3356643185369133,3,CTAV2368,CTAV,Edificio de viviendas,false,https://arquitecturavalencia.es/img/comprimido/1109.jpg,https://guiactav.com/obra/2368,exterior_visible
Edificio García Ibánez,Ricard Roso Olivé,,39.471427111749676,-0.37615801501554996,3,CTAV2295,CTAV,Edificio de viviendas,false,https://arquitecturavalencia.es/img/comprimido/1001.jpg,https://guiactav.com/obra/2295,exterior_visible
Edificio Garcerán (Finca de Hierro),Vicente Figuerola Benavent,,39.468461258258614,-0.3790589209875896,1,CTAV2274,CTAV,Edificio de viviendas,false,https://arquitecturavalencia.es/img/comprimido/969.jpg,https://guiactav.com/obra/2274,exterior_visible
Edificio Roig-Vives,Javier Goerlich Lleó,,39.46793697034938,-0.37948113966267705,1,CTAV2309,CTAV,Edificio de viviendas,false,https://arquitecturavalencia.es/img/comprimido/1023.jpg,https://guiactav.com/obra/2309,exterior_visible
Edificios Serratosa,Antonio Gómez Davó,,39.471712617206755,-0.37591824861510686,3,CTAV2322,CTAV,Edificio de viviendas,false,https://arquitecturavalencia.es/img/comprimido/1048.jpg,https://guiactav.com/obra/2322,exterior_visible
Grupo Residencial Isla Perdida,"José Fonseca Llamedo, Manuel Ruiz de la Prada, Juan Piqueras Menéndez, José Gómez Mesa, José M. Rodríguez Cano, Manuel Basterreche Lerdo de Tejada",,39.470901739794066,-0.3405739803681024,2,CTAV2283,CTAV,Edificio de viviendas,false,https://arquitecturavalencia.es/img/comprimido/985.jpg,https://guiactav.com/obra/2283,exterior_visible
Palacio de los Marqueses de Dos Aguas,"Luis Domingo, Hipólito Rovira, Ignacio Vergara",,39.47264792400592,-0.3747402531526945,2,CTAV2590,CTAV,Palacio,false,https://arquitecturavalencia.es/img/comprimido/1547.jpg,https://guiactav.com/obra/2590,exterior_visible
Iglesia de Santo Tomás y San Felipe Neri (Iglesia de la Congregación),,,39.474087433607906,-0.3724645443850856,3,CTAV2595,CTAV,Edificio religioso,false,https://arquitecturavalencia.es/img/comprimido/1555.jpg,https://guiactav.com/obra/2595,exterior_visible
Hotel Casual (Antiguo Edificio Martí- Alegre II),Javier Goerlich Lleó,,39.47139115895367,-0.3764333074506207,1,CTAV2342,CTAV,"Hotel, Colegio Mayor",false,https://arquitecturavalencia.es/img/comprimido/1079.jpg,https://guiactav.com/obra/2342,exterior_visible
Edificio Morand,Ramón Mª Ximénez Cros,,39.47388974336878,-0.37284379159283754,3,CTAV2559,CTAV,Edificio de viviendas,false,https://arquitecturavalencia.es/img/comprimido/1500.jpg,https://guiactav.com/obra/2559,exterior_visible
Edificio Alonso,Luis Albert Ballesteros,,39.46797263666541,-0.37973798521970964,1,CTAV2331,CTAV,Edificio de viviendas,false,https://arquitecturavalencia.es/img/comprimido/1059.jpg,https://guiactav.com/obra/2331,exterior_visible
Edificio Conde de Torrefiel        ,Cayetano Borso di Carminati González,,39.47086331662103,-0.3772350780537762,2,CTAV2700,CTAV,Edificio de viviendas,false,https://arquitecturavalencia.es/img/comprimido/2134.jpg,https://guiactav.com/obra/2700,exterior_visible
Edificio Puelles,Cecilio Puelles González,,39.474701645068116,-0.3715628335074858,3,CTAV2205,CTAV,Edificio de viviendas,false,https://arquitecturavalencia.es/img/comprimido/843.jpg,https://guiactav.com/obra/2205,exterior_visible
Edificios Senabre,"Cayetano Borso di Carminati González, José Luis Testor Gómez",,39.46931125252806,-0.37878172922000636,3,CTAV2326,CTAV,Edificio de viviendas,false,https://arquitecturavalencia.es/img/comprimido/1051.jpg,https://guiactav.com/obra/2326,exterior_visible
Agencia Tributaria. Delegación Especial de Valencia (Antiguo Edificio social del Banco de Vizcaya),Eugenio Mª de Aguinaga Azqueta,,39.471866193017085,-0.376145807088847,2,CTAV2268,CTAV,Edificio administrativo,false,https://arquitecturavalencia.es/img/comprimido/957.jpg,https://guiactav.com/obra/2268,exterior_visible
Hotel Inglés (Palacio de Cardona),Ricardo Cerdá Cardona,,39.4730341958223,-0.3745626614555878,3,CTAV2408,CTAV,"Hotel, Colegio Mayor",false,https://arquitecturavalencia.es/img/comprimido/1181.jpg,https://guiactav.com/obra/2408,exterior_visible
Grupo Residencial Agentes Comerciales. Sección J (Edificio Iturbi),Joaquín Hernández Martínez,,39.45405064620214,-0.3820244220810318,3,CTAV2181,CTAV,Edificio de viviendas,false,https://arquitecturavalencia.es/img/comprimido/809.jpg,https://guiactav.com/obra/2181,exterior_visible
Facultad de Geografía e Historia (Antigua Facultad de Filosofía y Letras),Fernando Moreno Barberá,,39.47746617280126,-0.3617834749155646,2,CTAV2058,CTAV,Centro educativo,false,https://arquitecturavalencia.es/img/comprimido/555.jpg,https://guiactav.com/obra/2058,exterior_visible
Centro de Arte Hortensia Herrero (Palacio de los Valeriola),,,39.47391503845392,-0.37318202554021107,1,CTAV2624,CTAV,Museo,false,https://arquitecturavalencia.es/img/comprimido/1593.jpg,https://guiactav.com/obra/2624,exterior_visible
Edificio Mora,Juan Francisco Guardiola Martínez,,39.469577727168755,-0.37862360920465266,2,CTAV2299,CTAV,Edificio de viviendas,false,https://arquitecturavalencia.es/img/comprimido/1007.jpg,https://guiactav.com/obra/2299,exterior_visible
Edificio Castells,Salvador Monmeneu Escrig,,39.47277208966445,-0.3750923373076176,1,CTAV2562,CTAV,Edificio de viviendas,false,https://arquitecturavalencia.es/img/comprimido/1504.jpg,https://guiactav.com/obra/2562,exterior_visible
Edificio Cervera,Joaquín Rieta Síster,,39.47176215552887,-0.3765013850385416,1,CTAV2366,CTAV,Edificio de viviendas,false,https://arquitecturavalencia.es/img/comprimido/1107.jpg,https://guiactav.com/obra/2366,exterior_visible
Edificio Llopis Crespo I,Ricard Roso Olivé,,39.47042551405832,-0.37799765679989594,2,CTAV2348,CTAV,Edificio de viviendas,false,https://arquitecturavalencia.es/img/comprimido/1085.jpg,https://guiactav.com/obra/2348,exterior_visible
Torre Iberia,"Vicente Corell Farinós, Joaquín Monfort Salvador, José Vicente Palacio Espasa, Alfonso Magraner del Val",,39.44635,-0.376742,1,CTAV2062,CTAV,Edificio de viviendas,false,https://arquitecturavalencia.es/img/comprimido/559.jpg,https://guiactav.com/obra/2062,exterior_visible
Edificio Puig,"Luis Casado Martín, Vicente Colomer Sendra, Vicente Alcácer García",,39.470656414695256,-0.37779696166840215,1,CTAV2175,CTAV,Edificio de viviendas,false,https://arquitecturavalencia.es/img/comprimido/801.jpg,https://guiactav.com/obra/2175,exterior_visible
Edificios Blanco,Vicente Rodríguez Martín,,39.4750012659305,-0.3714788069279869,2,CTAV2430,CTAV,Edificio de viviendas,false,https://arquitecturavalencia.es/img/comprimido/1317.jpg,https://guiactav.com/obra/2430,exterior_visible
Edificio Marqués de Valero de Palma,José Camaña Laymón,,39.47333382006752,-0.37446684742167463,3,CTAV2428,CTAV,Edificio de viviendas,false,https://arquitecturavalencia.es/img/comprimido/1315.jpg,https://guiactav.com/obra/2428,exterior_visible
Edificio Barros,Antonio Martorell Trilles,,39.47302296642131,-0.3749410736079314,1,CTAV2452,CTAV,Edificio de viviendas,false,https://arquitecturavalencia.es/img/comprimido/1354.jpg,https://guiactav.com/obra/2452,exterior_visible
Espai Vives (Antiguo Colegio Mayor Lluís Vives),Javier Goerlich Lleó,,39.47783035121761,-0.358641013040369,3,CTAV2319,CTAV,Espacio cultural,false,https://arquitecturavalencia.es/img/comprimido/1041.jpg,https://guiactav.com/obra/2319,exterior_visible
Edificio Merle,Ignacio de Cárdenas Pastor,,39.46905502377553,-0.37938640626115006,1,CTAV2289,CTAV,Edificio de viviendas,false,https://arquitecturavalencia.es/img/comprimido/993.jpg,https://guiactav.com/obra/2289,exterior_visible
Iglesia y Monasterio de San Vicente de la Roqueta,,,39.464507424420795,-0.38210065891423145,3,CTAV2670,CTAV,Edificio religioso,false,https://arquitecturavalencia.es/img/comprimido/1680.jpg,https://guiactav.com/obra/2670,exterior_visible
Iglesia del Milagro y Hospital de Pobres Sacerdotes,,,39.47436419421838,-0.3728909577727505,1,CTAV2663,CTAV,Edificio religioso,false,https://arquitecturavalencia.es/img/comprimido/1670.jpg,https://guiactav.com/obra/2663,exterior_visible
Edificio March,Cayetano Borso di Carminati González,,39.47150866007898,-0.37701696877057195,2,CTAV2701,CTAV,Edificio de viviendas,false,https://arquitecturavalencia.es/img/comprimido/2138.jpg,https://guiactav.com/obra/2701,exterior_visible
Edificio oficinas MSC,AIC Equip,,39.453748701323626,-0.33521215485608236,3,CTAV2074,CTAV,Oficina,false,https://arquitecturavalencia.es/img/comprimido/587.jpg,https://guiactav.com/obra/2074,exterior_visible
Iglesia de San Juan del hospital,,,39.474361610394105,-0.3729802619309992,2,CTAV2678,CTAV,Edificio religioso,false,https://arquitecturavalencia.es/img/comprimido/1723.jpg,https://guiactav.com/obra/2678,exterior_visible
Iglesia de Santa María del Mar,Francisco Martí,,39.460736874421215,-0.334314443346701,3,CTAV2609,CTAV,Edificio religioso,false,https://arquitecturavalencia.es/img/comprimido/1572.jpg,https://guiactav.com/obra/2609,exterior_visible
Edificio Bianqui-Gras,Javier Goerlich Lleó,,39.47169107262884,-0.3770257555969418,1,CTAV2375,CTAV,Edificio de viviendas,false,https://arquitecturavalencia.es/img/comprimido/1130.jpg,https://guiactav.com/obra/2375,exterior_visible
Edificio Pasaje Ripalda,Joaquín Mª Arnau Miramón,,39.4722542191215,-0.3763542466270631,3,CTAV2515,CTAV,Edificio de viviendas,false,https://arquitecturavalencia.es/img/comprimido/1432.jpg,https://guiactav.com/obra/2515,exterior_visible
Edificio Ros,"Pablo Navarro Alvargonzalez, Julio Trullenque Sanjuan",,39.47057486013465,-0.3782459680548714,2,CTAV2241,CTAV,Edificio de viviendas,false,https://arquitecturavalencia.es/img/comprimido/909.jpg,https://guiactav.com/obra/2241,exterior_visible
Edificio Gil Adán I,Joaquín Rieta Síster,,39.47214004409631,-0.37652863327527897,3,CTAV2364,CTAV,Edificio de viviendas,false,https://arquitecturavalencia.es/img/comprimido/1105.jpg,https://guiactav.com/obra/2364,exterior_visible
Edificio Olympia,Vicente Rodríguez Martín,,39.47084934640666,-0.37807884556134774,2,CTAV2422,CTAV,Edificio de viviendas,false,https://arquitecturavalencia.es/img/comprimido/1306.jpg,https://guiactav.com/obra/2422,exterior_visible
Puente del Real,"Guillem Salvador, Jeroni Negret, Francesc Antón, Joan Pascual",,39.47642589738116,-0.368729531763825,1,CTAV2694,CTAV,Puentes,false,https://arquitecturavalencia.es/img/comprimido/2012.jpg,https://guiactav.com/obra/2694,exterior_visible
Petit Palace Plaza de la Reina (Antiguo Edificio Calabuig),Luis Ferreres Soler,,39.47312578555188,-0.37533262156654995,1,CTAV2488,CTAV,"Hotel, Colegio Mayor",false,https://arquitecturavalencia.es/img/comprimido/1399.jpg,https://guiactav.com/obra/2488,exterior_visible
Palacio del Barón de Terrateig,,,39.47557653943709,-0.37098902330985195,3,CTAV2625,CTAV,Palacio,false,https://arquitecturavalencia.es/img/comprimido/1594.jpg,https://guiactav.com/obra/2625,exterior_visible
Iglesia de San Agustín,,,39.46868082613799,-0.3800791643063957,1,CTAV2665,CTAV,Edificio religioso,false,https://arquitecturavalencia.es/img/comprimido/1672.jpg,https://guiactav.com/obra/2665,exterior_visible
Torre de Ripalda (La Pagoda),"Antonio Escario Martínez, José Antonio Vidal Beneyto, José Vives Ferrero",,39.47716493958434,-0.3664239547330224,2,CTAV2196,CTAV,Edificio de viviendas,false,https://arquitecturavalencia.es/img/comprimido/828.jpg,https://guiactav.com/obra/2196,exterior_visible
Edificio Roca,Vicente Valls Gadea,,39.47132527756102,-0.37768452377549205,1,CTAV2347,CTAV,Edificio de viviendas,false,https://arquitecturavalencia.es/img/comprimido/1084.jpg,https://guiactav.com/obra/2347,exterior_visible
Lo Rat Penat (Palacio de los Barones de Alaquás),,,39.474722453206525,-0.3728545004911049,2,CTAV2556,CTAV,Palacio,false,https://arquitecturavalencia.es/img/comprimido/1496.jpg,https://guiactav.com/obra/2556,exterior_visible
Jardín de Monforte,Sebastián Monleón Estellés,,39.47751462347854,-0.36497443350468334,1,CTAV2558,CTAV,Espacio público,false,https://arquitecturavalencia.es/img/comprimido/1498.jpg,https://guiactav.com/obra/2558,exterior_visible
Edificio Gil Colomer,Luis Albert Ballesteros,,39.46907919645637,-0.37982293772712383,1,CTAV2279,CTAV,Edificio de viviendas,false,https://arquitecturavalencia.es/img/comprimido/978.jpg,https://guiactav.com/obra/2279,exterior_visible
Edificio Santo Domingo,Joaquín Lleó Morugán,,39.47596644991393,-0.37039275013404227,1,CTAV2186,CTAV,Edificio de viviendas,false,https://arquitecturavalencia.es/img/comprimido/816.jpg,https://guiactav.com/obra/2186,exterior_visible
Palacio de los Condes de Almansa,,,39.47497974387935,-0.3726645872241057,3,CTAV2602,CTAV,Palacio,false,https://arquitecturavalencia.es/img/comprimido/1564.jpg,https://guiactav.com/obra/2602,exterior_visible
Edificio Gil-Tecles,Joaquín Rieta Síster,,39.471951902486,-0.3772188083039063,1,CTAV2314,CTAV,Edificio de viviendas,false,https://arquitecturavalencia.es/img/comprimido/1029.jpg,https://guiactav.com/obra/2314,exterior_visible
Aulario III de la Universitat de València,"Miguel Colomina Barberá, Ignacio Bosch Reig, Luis Carratalá Calvo, Antonio Escario Martínez",,39.47828596465177,-0.3584077203780344,2,CTAV2165,CTAV,Centro educativo,false,https://arquitecturavalencia.es/img/comprimido/772.jpg,https://guiactav.com/obra/2165,exterior_visible
Edificio Atenas,"Vicente Figuerola Benavent, Facundo Martínez (interiorismo)",,39.47125034081545,-0.3781074303359547,3,CTAV2222,CTAV,Edificio de viviendas,false,https://arquitecturavalencia.es/img/comprimido/871.jpg,https://guiactav.com/obra/2222,exterior_visible
Edificio Nebot II,Víctor Bueso Bellot,,39.469482260956475,-0.37982960633722895,3,CTAV2277,CTAV,Edificio de viviendas,false,https://arquitecturavalencia.es/img/comprimido/975.jpg,https://guiactav.com/obra/2277,exterior_visible
Palacio de Tremolar,José Gisbert Berenguer,,39.47502199966113,-0.37285155849367907,1,CTAV2553,CTAV,Palacio,false,https://arquitecturavalencia.es/img/comprimido/1493.jpg,https://guiactav.com/obra/2553,exterior_visible
Edificio Las Vegas,"Vicente Figuerola Benavent, Facundo Martínez (interiorismo)",,39.45746492462857,-0.38381195225752274,1,CTAV2238,CTAV,Edificio de viviendas,false,https://arquitecturavalencia.es/img/comprimido/903.jpg,https://guiactav.com/obra/2238,exterior_visible
Iglesia de San Martín,,,39.47323977027613,-0.375804054072792,1,CTAV2664,CTAV,Edificio religioso,false,https://arquitecturavalencia.es/img/comprimido/1671.jpg,https://guiactav.com/obra/2664,exterior_visible
Edificio Martí,Francisco Almenar Quinzá,,39.47247767347075,-0.3768741026667907,1,CTAV2376,CTAV,Edificio de viviendas,false,https://arquitecturavalencia.es/img/comprimido/1131.jpg,https://guiactav.com/obra/2376,exterior_visible
Baños del Almirante,,,39.47483736064198,-0.3733897281132396,1,CTAV2667,CTAV,Museo,false,https://arquitecturavalencia.es/img/comprimido/1676.jpg,https://guiactav.com/obra/2667,exterior_visible
Edificio Navarro Igual,Luis Ferreres Soler,,39.472731896720354,-0.3766136472368808,2,CTAV2466,CTAV,Edificio de viviendas,false,https://arquitecturavalencia.es/img/comprimido/1375.jpg,https://guiactav.com/obra/2466,exterior_visible
Oficina bioclimática Mariano Cuber,"César Ruiz-Larrea Cangas, Antonio Gómez Gutiérrez",,39.464128302335084,-0.3343712803697935,1,CTAV2085,CTAV,Oficina,false,https://arquitecturavalencia.es/img/comprimido/599.jpg,https://guiactav.com/obra/2085,exterior_visible
Grupo Residencial Torre Mediterránea,"Roberto Soler Boix, José Serra Arnándis",,39.465867446969646,-0.3823885285880679,1,CTAV2233,CTAV,Edificio de viviendas,false,https://arquitecturavalencia.es/img/comprimido/895.jpg,https://guiactav.com/obra/2233,exterior_visible
Edificio Novella,Antonio Martorell Trilles,,39.47287778592414,-0.37648254430469674,3,CTAV2465,CTAV,Edificio de viviendas,false,https://arquitecturavalencia.es/img/comprimido/1374.jpg,https://guiactav.com/obra/2465,exterior_visible
Edificio Llopis Crespo II,"Ricard Roso Olivé, Julio J. Bellot Senent",,39.47233884415369,-0.3771829068612524,2,CTAV2340,CTAV,Edificio de viviendas,false,https://arquitecturavalencia.es/img/comprimido/1075.jpg,https://guiactav.com/obra/2340,exterior_visible
Centro de Idiomas de la UV,"Salvador Lara Ortega, Carlos Sánchez Hernández, (Arkitera SLP)",,39.47548345786297,-0.34520946914920797,2,CTAV2071,CTAV,Centro educativo,false,https://arquitecturavalencia.es/img/comprimido/571.jpg,https://guiactav.com/obra/2071,exterior_visible
Las Atarazanas del Grao,,,39.46133341213799,-0.3335691030762456,3,CTAV2661,CTAV,Museo,false,https://arquitecturavalencia.es/img/comprimido/1666.jpg,https://guiactav.com/obra/2661,exterior_visible
Edificio Conejos,Antonio Martorell Trilles,,39.473064727464035,-0.37635834684542746,2,CTAV2498,CTAV,Edificio de viviendas,false,https://arquitecturavalencia.es/img/comprimido/1409.jpg,https://guiactav.com/obra/2498,exterior_visible
Edificio Josefa Sancho I (Antiguos Almacenes La Isla de Cuba),Lucas García Cardona,,39.47367806590019,-0.3755382617846693,1,CTAV2505,CTAV,Edificio de viviendas,false,https://arquitecturavalencia.es/img/comprimido/1420.jpg,https://guiactav.com/obra/2505,exterior_visible
Facultad de Psicología y Hospital Clínico Universitario,"Fernando Moreno Barberá, Cayetano Borso di Carminati González",,39.478599995439566,-0.3596833749155338,1,CTAV2059,CTAV,Centro educativo,false,https://arquitecturavalencia.es/img/comprimido/556.jpg,https://guiactav.com/obra/2059,exterior_visible
Edificio Pascual Gimeno,Manuel Pascual Gimeno,,39.46973078450261,-0.3800262674726656,3,CTAV2255,CTAV,Edificio de viviendas,false,https://arquitecturavalencia.es/img/comprimido/935.jpg,https://guiactav.com/obra/2255,exterior_visible
Residencia universitaria Damià Bonet,"Joan Francesc Chico Contijoch, Joan Mª Marco Cardona, Joan Carles Theilacker Pons, Carlos Coedo González",,39.47531909699558,-0.3445947201509239,1,CTAV2089,CTAV,"Hotel, Colegio Mayor",false,https://arquitecturavalencia.es/img/comprimido/610.jpg,https://guiactav.com/obra/2089,exterior_visible
Edificio La Gallera,Manuel Ferrando Mora,,39.47219777726274,-0.37758253249256046,2,CTAV2542,CTAV,Espacio cultural,false,https://arquitecturavalencia.es/img/comprimido/1477.jpg,https://guiactav.com/obra/2542,exterior_visible
Edificio M. Sánchez de León,Lucas García Cardona,,39.47335660647079,-0.3761568042933561,3,CTAV2503,CTAV,Edificio de viviendas,false,https://arquitecturavalencia.es/img/comprimido/1416.jpg,https://guiactav.com/obra/2503,exterior_visible
Edificios Nebot I,Javier Goerlich Lleó,,39.47001766601926,-0.3798657444331548,1,CTAV2290,CTAV,Edificio de viviendas,false,https://arquitecturavalencia.es/img/comprimido/995.jpg,https://guiactav.com/obra/2290,exterior_visible
Delegación del Ministerio de Economía y Hacienda,"Luis Calvo Huedo, Francisco Echenique Gómez",,39.46879985847111,-0.38085449207105776,3,CTAV2278,CTAV,Edificio administrativo,false,https://arquitecturavalencia.es/img/comprimido/977.jpg,https://guiactav.com/obra/2278,exterior_visible
Conselleria de Hacienda y Modelo Económico (Palacio del Almirante),,,39.47517495812919,-0.37329574637286267,1,CTAV2659,CTAV,Edificio administrativo,false,https://arquitecturavalencia.es/img/comprimido/1664.jpg,https://guiactav.com/obra/2659,exterior_visible
Iglesia de la Concepción,Francisco Mora Berenguer,,39.44584004108317,-0.3396699845198263,3,CTAV2479,CTAV,Edificio religioso,false,https://arquitecturavalencia.es/img/comprimido/1390.jpg,https://guiactav.com/obra/2479,exterior_visible
Hotel Caro (Palacio de los Marqueses de Caro),,,39.4759014314062,-0.37194872859802075,2,CTAV2541,CTAV,"Hotel, Colegio Mayor",false,https://arquitecturavalencia.es/img/comprimido/1471.jpg,https://guiactav.com/obra/2541,exterior_visible
Edificio Martí Cortina,Javier Goerlich Lleó,,39.47064610687852,-0.37939618963492466,1,CTAV2300,CTAV,Edificio de viviendas,false,https://arquitecturavalencia.es/img/comprimido/1008.jpg,https://guiactav.com/obra/2300,exterior_visible
Edificio Dasí,Cayetano Borso di Carminati González,,39.47255400811762,-0.37734606368308593,3,CTAV2325,CTAV,Edificio de viviendas,false,https://arquitecturavalencia.es/img/comprimido/1050.jpg,https://guiactav.com/obra/2325,exterior_visible
Edificio P. Sánchez de León,Lucas García Cardona,,39.47374137137024,-0.37584260061750935,3,CTAV2502,CTAV,Edificio de viviendas,false,https://arquitecturavalencia.es/img/comprimido/1415.jpg,https://guiactav.com/obra/2502,exterior_visible
Edificio Campos-Calvet,Javier Goerlich Lleó,,39.4726593403094,-0.3774128482476992,3,CTAV2323,CTAV,Edificio de viviendas,false,https://arquitecturavalencia.es/img/comprimido/1047.jpg,https://guiactav.com/obra/2323,exterior_visible
Centre de Cultura Contemporània Octubre (El Siglo Valenciano),,,39.47306583211136,-0.3769514879718021,3,CTAV2537,CTAV,Espacio cultural,false,https://arquitecturavalencia.es/img/comprimido/1465.jpg,https://guiactav.com/obra/2537,exterior_visible
Residencia y centro de día AVAPACE,"Iñigo Magro de Orbe, Paco Oria Montalt, Tania Magro Huertas, Gabriel García Carrillo",,39.4726933522946,-0.34002766412046703,1,CTAV2096,CTAV,Centro de salud,false,https://arquitecturavalencia.es/img/comprimido/1978.jpg,https://guiactav.com/obra/2096,exterior_visible
Edificio Janini-Vela,"José Mª Manuel Cortina Pérez, Antonio Martorell Trilles",,39.47377553071472,-0.3760045459346226,2,CTAV2499,CTAV,Edificio de viviendas,false,https://arquitecturavalencia.es/img/comprimido/1411.jpg,https://guiactav.com/obra/2499,exterior_visible
Instituto de Investigación de la UV,"Salvador Lara Ortega, Carlos Sánchez Hernández, (Arkitera SLP)",,39.474873574970154,-0.3431442342389398,1,CTAV2111,CTAV,Oficina,false,https://arquitecturavalencia.es/img/comprimido/652.jpg,https://guiactav.com/obra/2111,exterior_visible
Edificio Gay,Javier Goerlich Lleó,,39.474992139621044,-0.37417209144347424,3,CTAV2419,CTAV,Edificio de viviendas,false,https://arquitecturavalencia.es/img/comprimido/1193.jpg,https://guiactav.com/obra/2419,exterior_visible
Edificio Ramón Ferrer,Demetrio Ribes Marco,,39.47169381093601,-0.37887531642386973,3,CTAV2412,CTAV,Edificio de viviendas,false,https://arquitecturavalencia.es/img/comprimido/1185.jpg,https://guiactav.com/obra/2412,exterior_visible
Plaça Redona,"Salvador Escrig Melchor, et al.",,39.473590694167505,-0.37659594620317727,2,CTAV2573,CTAV,Espacio público,false,https://arquitecturavalencia.es/img/comprimido/1522.jpg,https://guiactav.com/obra/2573,exterior_visible
Nuevo Hospital La Fe,"Aidhos Arquitec, Ramón Esteve Cambra",,39.44356640739671,-0.3754807806024633,1,CTAV2107,CTAV,Centro de salud,false,https://arquitecturavalencia.es/img/comprimido/645.jpg,https://guiactav.com/obra/2107,exterior_visible
El Temple,Miguel Fernández,,39.476674181181714,-0.3711856530883017,3,CTAV2585,CTAV,Edificio religioso,false,https://arquitecturavalencia.es/img/comprimido/1539.jpg,https://guiactav.com/obra/2585,exterior_visible
Palacio de los Carbonell Sanz de Bremond,,,39.47641113976023,-0.3719018956045328,2,CTAV2600,CTAV,Palacio,false,https://arquitecturavalencia.es/img/comprimido/1560.jpg,https://guiactav.com/obra/2600,exterior_visible
Palacio Arzobispal,Vicente Traver Tomás,,39.47533125611195,-0.3742470614569194,1,CTAV2302,CTAV,Palacio,false,https://arquitecturavalencia.es/img/comprimido/1011.jpg,https://guiactav.com/obra/2302,exterior_visible
Avenida del Oeste,Federico Aymamí Faura,,39.471181832301966,-0.3797012233997512,3,CTAV2462,CTAV,Espacio público,false,https://arquitecturavalencia.es/img/comprimido/1368.jpg,https://guiactav.com/obra/2462,exterior_visible
Centro de Salud Serrería (Antiguo Matadero del Cabanyal),,,39.468298749344186,-0.33540671377436615,3,CTAV2454,CTAV,Centro de salud,false,https://arquitecturavalencia.es/img/comprimido/1356.jpg,https://guiactav.com/obra/2454,exterior_visible
Edificio Tarín I,Vicente Rodríguez Martín,,39.47166912026494,-0.3792470613085769,1,CTAV2458,CTAV,Edificio de viviendas,false,https://arquitecturavalencia.es/img/comprimido/1361.jpg,https://guiactav.com/obra/2458,exterior_visible
Plaza de la Reina,,,39.474651787899575,-0.3754411341606094,3,CTAV2494,CTAV,Espacio público,false,https://arquitecturavalencia.es/img/comprimido/1405.jpg,https://guiactav.com/obra/2494,exterior_visible
Estación del Grao,Domingo Cardenal,,39.45832495509202,-0.3323864478764765,3,CTAV2548,CTAV,Transporte,false,https://arquitecturavalencia.es/img/comprimido/1484.jpg,https://guiactav.com/obra/2548,exterior_visible
Edificio Barchilla,"José Santatecla Fayos, Roberto Santatecla Fayos, Jorge Torres Cueco",,39.47508218691011,-0.3748971449205289,2,CTAV2158,CTAV,Edificio de viviendas,false,https://arquitecturavalencia.es/img/comprimido/760.jpg,https://guiactav.com/obra/2158,exterior_visible
Iglesia de Santa Catalina,Valero y Juan Bautista Viñes,,39.47412014787182,-0.3764832056544236,2,CTAV2677,CTAV,Edificio religioso,false,https://arquitecturavalencia.es/img/comprimido/1719.jpg,https://guiactav.com/obra/2677,exterior_visible
Museo Valenciano de la Ilustración y de la Modernidad (MUVIM),"Guillermo Vázquez Consuegra, Pedro Díaz Gil, Iñigo Casero Portugal",,39.46968623503607,-0.3813591973755863,2,CTAV2137,CTAV,Museo,false,https://arquitecturavalencia.es/img/comprimido/703.jpg,https://guiactav.com/obra/2137,exterior_visible
Iglesia de San Esteban,"Guillem del Rey, Alonso Orts",,39.47614479092795,-0.37324332453724024,2,CTAV2620,CTAV,Edificio religioso,false,https://arquitecturavalencia.es/img/comprimido/1588.jpg,https://guiactav.com/obra/2620,exterior_visible
Habitat Torremalilla,"Francisco Bargues Reinoso, Inmaculada Celda Mollá, Francisco Tornos Marzal, (NAC Arquitectos)",,39.44637540393046,-0.37980539530479174,2,CTAV2064,CTAV,Edificio de viviendas,false,https://arquitecturavalencia.es/img/comprimido/561.jpg,https://guiactav.com/obra/2064,exterior_visible
Grupo Residencial Finca Roja,Enrique Viedma Vidal,,39.46348536908934,-0.3848000831745988,3,CTAV2372,CTAV,Edificio de viviendas,false,https://arquitecturavalencia.es/img/comprimido/1120.jpg,https://guiactav.com/obra/2372,exterior_visible
Facultad de Medicina,"José Luis Oriol Urigüen, Alfonso Fungairiño Nebot",,39.479376810349564,-0.36296509135301674,1,CTAV2455,CTAV,Centro educativo,false,https://arquitecturavalencia.es/img/comprimido/1357.jpg,https://guiactav.com/obra/2455,exterior_visible
Jardín del Turia,,,39.47756167773803,-0.37047548314154255,2,CTAV2169,CTAV,Espacio público,false,https://arquitecturavalencia.es/img/comprimido/778.jpg,https://guiactav.com/obra/2169,exterior_visible
Museo de la Ciudad (Palacio del Marqués de Campo),Manuel Ferrando Mora,,39.476079168643565,-0.37383748669660444,2,CTAV2561,CTAV,Museo,false,https://arquitecturavalencia.es/img/comprimido/1502.jpg,https://guiactav.com/obra/2561,exterior_visible
Edificio del Punt de Ganxo,Manuel Peris Ferrando,,39.47592843662211,-0.3742914081798998,1,CTAV2468,CTAV,Edificio de viviendas,false,https://arquitecturavalencia.es/img/comprimido/1377.jpg,https://guiactav.com/obra/2468,exterior_visible
Edificio Lafarge,"Vicente Figuerola Benavent, Facundo Martínez (interiorismo)",,39.46421997052872,-0.3847961262545646,3,CTAV2213,CTAV,Edificio de viviendas,false,https://arquitecturavalencia.es/img/comprimido/855.jpg,https://guiactav.com/obra/2213,exterior_visible
Colegio de educación infantil y primaria Mare Nostrum,Manuel Portaceli Roig,,39.47164520302386,-0.337378297736594,2,CTAV2132,CTAV,Centro educativo,false,https://arquitecturavalencia.es/img/comprimido/691.jpg,https://guiactav.com/obra/2132,exterior_visible
Edificio del Reloj,Federico G. de Membrillera (Ing.),,39.460133983763434,-0.33182459028113415,1,CTAV2414,CTAV,Oficina,false,https://arquitecturavalencia.es/img/comprimido/1187.jpg,https://guiactav.com/obra/2414,exterior_visible
Museo del Colegio del Arte Mayor de la Seda,,,39.47084887107879,-0.38089579071184543,3,CTAV2638,CTAV,Museo,false,https://arquitecturavalencia.es/img/comprimido/1615.jpg,https://guiactav.com/obra/2638,exterior_visible
Catedral Basílica Metropolitana de Santa María ,,,39.475617700653586,-0.37512950778533477,2,CTAV2676,CTAV,Edificio religioso,false,https://arquitecturavalencia.es/img/comprimido/1699.jpg,https://guiactav.com/obra/2676,exterior_visible
Grupo Residencial Stella Maris,"Cayetano Borso di Carminati González, Rafael Contel Comenge",,39.452129305073285,-0.3330567509522046,2,CTAV2253,CTAV,Edificio de viviendas,false,https://arquitecturavalencia.es/img/comprimido/930.jpg,https://guiactav.com/obra/2253,exterior_visible
Palacio de los Escrivá y Boil,,,39.47663925720378,-0.37343331023903825,1,CTAV2644,CTAV,Palacio,false,https://arquitecturavalencia.es/img/comprimido/1640.jpg,https://guiactav.com/obra/2644,exterior_visible
Paseo Blasco Ibáñez (Paseo València al Mar),Casimiro Meseguer,,39.479252936645736,-0.3658120731279682,1,CTAV2518,CTAV,Espacio público,false,https://arquitecturavalencia.es/img/comprimido/1437.jpg,https://guiactav.com/obra/2518,exterior_visible
Centro Arqueológico de L’Almoina,,,39.476233,-0.374315,1,CTAV2053,CTAV,Centro arqueológico,false,https://arquitecturavalencia.es/img/comprimido/539.jpg,https://guiactav.com/obra/2053,exterior_visible
Instituto de educación secundaria El Grao,Carlos Campos González,,39.462500492131944,-0.331856504569499,3,CTAV2121,CTAV,Centro educativo,false,https://arquitecturavalencia.es/img/comprimido/669.jpg,https://guiactav.com/obra/2121,exterior_visible
Biblioteca Pública de València (Antiguo Hospital),,,39.47031710892998,-0.3817458283834192,2,CTAV2649,CTAV,Biblioteca,false,https://arquitecturavalencia.es/img/comprimido/1647.jpg,https://guiactav.com/obra/2649,exterior_visible
Edificio Rectorado U.V. (Antigua Facultad de Ciencias),"José Luis Oriol Urigüen, Mariano Peset Aleixandre",,39.479576593263104,-0.364501436303187,3,CTAV2456,CTAV,Centro educativo,false,https://arquitecturavalencia.es/img/comprimido/1358.jpg,https://guiactav.com/obra/2456,exterior_visible
Grupo Residencial Torres de la Universidad,"Antonio Escario Martínez, José Antonio Vidal Beneyto, José Vives Ferrero",,39.47995101936799,-0.3617462696823814,2,CTAV2190,CTAV,Edificio de viviendas,false,https://arquitecturavalencia.es/img/comprimido/820.jpg,https://guiactav.com/obra/2190,exterior_visible
Almudín,,,39.476569697760965,-0.37387956890017765,2,CTAV2652,CTAV,Museo,false,https://arquitecturavalencia.es/img/comprimido/1650.jpg,https://guiactav.com/obra/2652,exterior_visible
Edificio García Salelles,Vicente Perales Berdonces,,39.475569804726916,-0.37570655082714466,2,CTAV2535,CTAV,Edificio de viviendas,false,https://arquitecturavalencia.es/img/comprimido/1463.jpg,https://guiactav.com/obra/2535,exterior_visible
Fábrica de Harinas Belenguer,Julio J. Bellot Senent,,39.451714459122556,-0.3844650289932369,2,CTAV2339,CTAV,Patrimonio industrial,false,https://arquitecturavalencia.es/img/comprimido/1074.jpg,https://guiactav.com/obra/2339,exterior_visible
Plaza del Mercado,,,39.47385261399061,-0.3783489562935697,2,CTAV2658,CTAV,Espacio público,false,https://arquitecturavalencia.es/img/comprimido/1662.jpg,https://guiactav.com/obra/2658,exterior_visible
Real Basílica de Nuestra Señora de los Desamparados,Diego Martínez Ponce de Urrana,,39.476238149234085,-0.37482819669611656,1,CTAV2613,CTAV,Edificio religioso,false,https://arquitecturavalencia.es/img/comprimido/1577.jpg,https://guiactav.com/obra/2613,exterior_visible
Centro Cultural El Musical,Eduardo de Miguel Arbonés,,39.46463189004611,-0.33214789301754877,2,CTAV2124,CTAV,Espacio cultural,false,https://arquitecturavalencia.es/img/comprimido/677.jpg,https://guiactav.com/obra/2124,exterior_visible
Palau Tamarit,,,39.471634184969645,-0.38090928041863165,1,CTAV2587,CTAV,Edificio administrativo,false,https://arquitecturavalencia.es/img/comprimido/1542.jpg,https://guiactav.com/obra/2587,exterior_visible
"Facultad de Ciencias Económicas, Jurídicas y Sociales UCV (Antiguo Seminario Conciliar)",Timoteo Calvo Ibarra,,39.477182491740415,-0.37313013993992145,3,CTAV2565,CTAV,Centro educativo,false,https://arquitecturavalencia.es/img/comprimido/1508.jpg,https://guiactav.com/obra/2565,exterior_visible
Casa Vestuario,José García,,39.47597171666042,-0.37545045803789967,2,CTAV2581,CTAV,Edificio administrativo,false,https://arquitecturavalencia.es/img/comprimido/1533.jpg,https://guiactav.com/obra/2581,exterior_visible
Mercado Central,"Alejandro Soler March, Francisco Guardia Vial",,39.473545469782444,-0.37895148058979233,3,CTAV2441,CTAV,"Mercado, Feria",false,https://arquitecturavalencia.es/img/comprimido/1329.jpg,https://guiactav.com/obra/2441,exterior_visible
Edificio Instituto de Hijas del Corazón de María,Miguel Colomina Barberá,,39.47267903192593,-0.38001228348121424,3,CTAV2246,CTAV,Edificio de viviendas,false,https://arquitecturavalencia.es/img/comprimido/915.jpg,https://guiactav.com/obra/2246,exterior_visible
Edificio Cuadrado,Joaquín Rieta Síster,,39.469391992008106,-0.38294461405069175,2,CTAV2373,CTAV,Edificio de viviendas,false,https://arquitecturavalencia.es/img/comprimido/1116.jpg,https://guiactav.com/obra/2373,exterior_visible
Fundación Universitaria San Pablo-CEU (Palacio Marquesa de Colomina),Manuel Ferrando Mora,,39.4766672003927,-0.37433342941267167,1,CTAV2552,CTAV,Centro educativo,false,https://arquitecturavalencia.es/img/comprimido/1492.jpg,https://guiactav.com/obra/2552,exterior_visible
Iglesia de Nuestra Señora del Rosario,Joaquín María Calvo Tomás,,39.46484715589306,-0.3320380333689063,1,CTAV2569,CTAV,Edificio religioso,false,https://arquitecturavalencia.es/img/comprimido/1514.jpg,https://guiactav.com/obra/2569,exterior_visible
Confederación Empresarial Valenciana (Antiguo Palacio del Barón de Ariza),Antonio Ferrer Gómez,,39.47753481016042,-0.37268693231463423,2,CTAV2519,CTAV,Palacio,false,https://arquitecturavalencia.es/img/comprimido/1441.jpg,https://guiactav.com/obra/2519,exterior_visible
Edificio Greco,"Vicente Figuerola Benavent, Facundo Martínez (interiorismo)",,39.47244092663451,-0.3804390612832419,2,CTAV2240,CTAV,Edificio de viviendas,false,https://arquitecturavalencia.es/img/comprimido/906.jpg,https://guiactav.com/obra/2240,exterior_visible
Edificio Julián II,Emilio Giménez Julián,,39.460565803130336,-0.3865169056142411,2,CTAV2193,CTAV,Edificio de viviendas,false,https://arquitecturavalencia.es/img/comprimido/824.jpg,https://guiactav.com/obra/2193,exterior_visible
Tinglados del Puerto,"José Mª Fuster (Ing.), Fausto Élio (Ing.)",,39.46099980120072,-0.3309428614914132,1,CTAV2435,CTAV,Patrimonio industrial,false,https://arquitecturavalencia.es/img/comprimido/1322.jpg,https://guiactav.com/obra/2435,exterior_visible
Lonja de mercaderes de la seda,"Pere Compte, Joan Ibarra",,39.47443067641355,-0.3783950203866176,3,CTAV2642,CTAV,Museo,false,https://arquitecturavalencia.es/img/comprimido/1627.jpg,https://guiactav.com/obra/2642,exterior_visible
Iglesia del Santísimo Cristo del Salvador,,,39.47723476260835,-0.3738395319000742,2,CTAV2674,CTAV,Edificio religioso,false,https://arquitecturavalencia.es/img/comprimido/1692.jpg,https://guiactav.com/obra/2674,exterior_visible
Puente de Astilleros,"Federico G. de Membrillera (Ing.), Luis Dicenta (Ing.)",,39.45337258469111,-0.3315778894176248,1,CTAV2690,CTAV,Puentes,false,https://arquitecturavalencia.es/img/comprimido/2040.jpg,https://guiactav.com/obra/2690,exterior_visible
Instituto Valenciano de Vivienda S.A. (Palacio d´en Bou),,,39.47526588253963,-0.37734435110490083,1,CTAV2646,CTAV,Edificio administrativo,false,https://arquitecturavalencia.es/img/comprimido/1642.jpg,https://guiactav.com/obra/2646,exterior_visible
Edificio Edificaciones Civiles II,Miguel Colomina Barberá,,39.47322921039105,-0.3799846438335973,2,CTAV2262,CTAV,Edificio de viviendas,false,https://arquitecturavalencia.es/img/comprimido/951.jpg,https://guiactav.com/obra/2262,exterior_visible
Grupo Residencial Asocación de la Prensa Valenciana,Enrique Viedma Vidal,,39.48012985337159,-0.36533786348093356,3,CTAV2360,CTAV,Casas,false,https://arquitecturavalencia.es/img/comprimido/1099.jpg,https://guiactav.com/obra/2360,exterior_visible
Jefatura Superior de Policía,Javier Lahuerta Vargas,,39.46920116124258,-0.3837138014251936,1,CTAV2265,CTAV,"Comisaría de policía, cuartel",false,https://arquitecturavalencia.es/img/comprimido/954.jpg,https://guiactav.com/obra/2265,exterior_visible
Edificio Cánovas,Luis Albert Ballesteros,,39.476933026709574,-0.3750038190819824,1,CTAV2361,CTAV,Edificio de viviendas,false,https://arquitecturavalencia.es/img/comprimido/1100.jpg,https://guiactav.com/obra/2361,exterior_visible
Edificio Navarro,Peregrín Mustieles Cano,,39.476222127550514,-0.3762846800102871,3,CTAV2491,CTAV,Edificio de viviendas,false,https://arquitecturavalencia.es/img/comprimido/1402.jpg,https://guiactav.com/obra/2491,exterior_visible
Edificio de viviendas para realojo II,"Alfredo Payá Benedito, Carla Sentieri Omarrementeria",,39.47261149506655,-0.38099758219389296,3,CTAV2131,CTAV,Edificio de viviendas,false,https://arquitecturavalencia.es/img/comprimido/689.jpg,https://guiactav.com/obra/2131,exterior_visible
Grupo Residencial Agentes Comerciales. Sección E,Emilio Artal Fos,,39.46858344301844,-0.3843261329123326,2,CTAV2266,CTAV,Edificio de viviendas,false,https://arquitecturavalencia.es/img/comprimido/955.jpg,https://guiactav.com/obra/2266,exterior_visible
Iglesia del Sagrado Corazón de Jesús,Joaquín Mª Belda Ibáñez,,39.474913538808934,-0.37833569746142554,3,CTAV2521,CTAV,Edificio religioso,false,https://arquitecturavalencia.es/img/comprimido/1443.jpg,https://guiactav.com/obra/2521,exterior_visible
Iglesia de los Santos Juanes,,,39.474214911104745,-0.37929108297108,2,CTAV2666,CTAV,Edificio religioso,false,https://arquitecturavalencia.es/img/comprimido/1673.jpg,https://guiactav.com/obra/2666,exterior_visible
Edificio Rodrigo Farinós,Miguel Martínez Ortega,,39.46604936216179,-0.38574767717959046,2,CTAV2354,CTAV,Edificio de viviendas,false,https://arquitecturavalencia.es/img/comprimido/1093.jpg,https://guiactav.com/obra/2354,exterior_visible
Ermita de Santa Lucía,,,39.47054813100113,-0.383055283282142,1,CTAV2645,CTAV,Edificio religioso,false,https://arquitecturavalencia.es/img/comprimido/1641.jpg,https://guiactav.com/obra/2645,exterior_visible
Escuela Profesional Xavier (Antiguo Instituto Social de la Mujer),Mauro Lleó Serret,,39.478065546828766,-0.37307476683984747,3,CTAV2208,CTAV,Centro educativo,false,https://arquitecturavalencia.es/img/comprimido/846.jpg,https://guiactav.com/obra/2208,exterior_visible
Edificio Primo Yufera,"Pablo Navarro Alvargonzalez, Julio Trullenque Sanjuan",,39.48061892236227,-0.3646338896984431,1,CTAV2267,CTAV,Edificio de viviendas,false,https://arquitecturavalencia.es/img/comprimido/956.jpg,https://guiactav.com/obra/2267,exterior_visible
Palacio del Barón de Carcer,Joaquín Mª Belda Ibáñez,,39.477935973466494,-0.37354196533003237,3,CTAV2525,CTAV,Palacio,false,https://arquitecturavalencia.es/img/comprimido/1450.jpg,https://guiactav.com/obra/2525,exterior_visible
Edificio de viviendas para realojo IV,"Enrique Fernández-Vivancos González, Juan Deltell Pastor, José Luis Delgado Urdanibia",,39.472765476779855,-0.3812290751681959,2,CTAV2128,CTAV,Edificio de viviendas,false,https://arquitecturavalencia.es/img/comprimido/685.jpg,https://guiactav.com/obra/2128,exterior_visible
Conselleria de Presidencia (Palacio de Fuentehermosa),Joaquín Mª Arnau Miramón,,39.47647503821182,-0.37653115296212214,3,CTAV2480,CTAV,Edificio administrativo,false,https://arquitecturavalencia.es/img/comprimido/1391.jpg,https://guiactav.com/obra/2480,exterior_visible
Edificio Vicente Machí,,,39.47729549492432,-0.37514680302539466,2,CTAV2493,CTAV,Edificio de viviendas,false,https://arquitecturavalencia.es/img/comprimido/1404.jpg,https://guiactav.com/obra/2493,exterior_visible
Palau de la Generalitat,,,39.47665006245228,-0.37638184872402974,1,CTAV2653,CTAV,Edificio administrativo,false,https://arquitecturavalencia.es/img/comprimido/1656.jpg,https://guiactav.com/obra/2653,exterior_visible
Convento e Iglesia de la Puridad,,,39.47699922807089,-0.3758259815923435,3,CTAV2660,CTAV,Edificio religioso,false,https://arquitecturavalencia.es/img/comprimido/1665.jpg,https://guiactav.com/obra/2660,exterior_visible
Edificio Zabala,Luis Albert Ballesteros,,39.46871250158037,-0.38478615554113904,1,CTAV2338,CTAV,Edificio de viviendas,false,https://arquitecturavalencia.es/img/comprimido/1073.jpg,https://guiactav.com/obra/2338,exterior_visible
Museo de Bellas Artes de València,Juan Bautista Pérez Castiel,,39.47923615072472,-0.3709803277240395,2,CTAV2610,CTAV,Museo,false,https://arquitecturavalencia.es/img/comprimido/1573.jpg,https://guiactav.com/obra/2610,exterior_visible
Edificio Royo,"Víctor Bueso Bellot, Julio J. Bellot Senent",,39.478281361584195,-0.37353300708503706,3,CTAV2245,CTAV,Edificio de viviendas,false,https://arquitecturavalencia.es/img/comprimido/914.jpg,https://guiactav.com/obra/2245,exterior_visible
Palacio de los Lassala,,,39.476071494795825,-0.3775858255186072,2,CTAV2634,CTAV,Palacio,false,https://arquitecturavalencia.es/img/comprimido/1609.jpg,https://guiactav.com/obra/2634,exterior_visible
Palacios de los Exarchs,,,39.4743435399861,-0.3799368174720747,1,CTAV2669,CTAV,Palacio,false,https://arquitecturavalencia.es/img/comprimido/1679.jpg,https://guiactav.com/obra/2669,exterior_visible
Casa Patio,"José Luis Sáez Martínez, Francisco Vigueras Marín-Baldo",,39.446991638717506,-0.3340285336596088,2,CTAV2079,CTAV,Casas,false,https://arquitecturavalencia.es/img/comprimido/593.jpg,https://guiactav.com/obra/2079,exterior_visible
Corts Valencianes (Palacio de Benicarló),,,39.47787919395119,-0.37460098431003075,3,CTAV2639,CTAV,Edificio administrativo,false,https://arquitecturavalencia.es/img/comprimido/1622.jpg,https://guiactav.com/obra/2639,exterior_visible
Edificio Z. Janini,Antonio Martorell Trilles,,39.475789107402875,-0.3782015465469178,1,CTAV2536,CTAV,Edificio de viviendas,false,https://arquitecturavalencia.es/img/comprimido/1464.jpg,https://guiactav.com/obra/2536,exterior_visible
Diputació de València (Palacio de los Marqueses de Scala),,,39.47708150597499,-0.37618875307779165,3,CTAV2631,CTAV,Edificio administrativo,false,https://arquitecturavalencia.es/img/comprimido/1606.jpg,https://guiactav.com/obra/2631,exterior_visible
Universitat de València. Campus dels Tarongers,Carlos Salvadores Navarro,,39.47778851017891,-0.34240261281302425,2,CTAV2162,CTAV,Centro educativo,false,https://arquitecturavalencia.es/img/comprimido/764.jpg,https://guiactav.com/obra/2162,exterior_visible
Generalitat Valenciana. Sede administrativa (Palacio de los Catalá de Valeriola),,,39.47763296947403,-0.3753677190430689,2,CTAV2636,CTAV,Palacio,false,https://arquitecturavalencia.es/img/comprimido/1613.jpg,https://guiactav.com/obra/2636,exterior_visible
Edificios Cadahia,GO.DB. Arquitectos asociados,,39.48130164770051,-0.3638349339649581,3,CTAV2232,CTAV,Edificio de viviendas,false,https://arquitecturavalencia.es/img/comprimido/894.jpg,https://guiactav.com/obra/2232,exterior_visible
Iglesia de San Lorenzo,,,39.477839623652685,-0.37503662693414136,2,CTAV2626,CTAV,Edificio religioso,false,https://arquitecturavalencia.es/img/comprimido/1595.jpg,https://guiactav.com/obra/2626,exterior_visible
Iglesia del Pilar,"Pedro Leonart, Pedro Do, Francisco Giner",,39.471536172008086,-0.38320507492351574,1,CTAV2614,CTAV,Edificio religioso,false,https://arquitecturavalencia.es/img/comprimido/1582.jpg,https://guiactav.com/obra/2614,exterior_visible
Grupo Residencial La Previsora,Cayetano Borso di Carminati González,,39.45390705399728,-0.3874184886654375,1,CTAV2384,CTAV,Casas,false,https://arquitecturavalencia.es/img/comprimido/1139.jpg,https://guiactav.com/obra/2384,exterior_visible
Edificio Nave de Cristal,José Manuel Sanjuan Rodríguez,,39.456799742053725,-0.3880481494469253,3,CTAV2141,CTAV,Edificio de viviendas,false,https://arquitecturavalencia.es/img/comprimido/712.jpg,https://guiactav.com/obra/2141,exterior_visible
Jardines del Real (Jardines de Viveros),,,39.48059029431794,-0.36785801374024635,2,CTAV2679,CTAV,Jardín,false,https://arquitecturavalencia.es/img/comprimido/1724.jpg,https://guiactav.com/obra/2679,exterior_visible
Biblioteca de Ciencias Sociales Gregori Maians,"Giorgio Grassi, Juan José Estellés Ceba, Nuncio Dego, Juan Añón Gómez, Rafael Martínez Sanchez, Gemma Martín, Ramón Calvo Soto",,39.47744392555183,-0.341512754790228,1,CTAV2153,CTAV,Biblioteca,false,https://arquitecturavalencia.es/img/comprimido/734.jpg,https://guiactav.com/obra/2153,exterior_visible
Puente de la Trinidad ,,,39.47904296401566,-0.37267083629139836,2,CTAV2693,CTAV,Puentes,false,https://arquitecturavalencia.es/img/comprimido/1998.jpg,https://guiactav.com/obra/2693,exterior_visible
Palacio de la Maestranza,Salvador Monmeneu Escrig,,39.477659673066114,-0.37561312220146803,3,CTAV2567,CTAV,Palacio,false,https://arquitecturavalencia.es/img/comprimido/1512.jpg,https://guiactav.com/obra/2567,exterior_visible
Diputació de València (Palacio de la Bailía),,,39.477069302088495,-0.3766863995992205,2,CTAV2643,CTAV,Edificio administrativo,false,https://arquitecturavalencia.es/img/comprimido/1636.jpg,https://guiactav.com/obra/2643,exterior_visible
Consell Jurídic Consultiu de la Comunitat Valenciana (Palacio de los Marqueses de Santa Bárbara),,,39.47579543825809,-0.3787531903229468,2,CTAV2651,CTAV,Edificio administrativo,false,https://arquitecturavalencia.es/img/comprimido/1649.jpg,https://guiactav.com/obra/2651,exterior_visible
Edificio GestValencia,"Frédéric John Floquet, Mónica García Martínez",,39.47320168481777,-0.3819118628036344,3,CTAV2090,CTAV,Edificio de viviendas,false,https://arquitecturavalencia.es/img/comprimido/611.jpg,https://guiactav.com/obra/2090,exterior_visible
Edificio EMT,,,39.476219623326394,-0.3782346236314007,1,CTAV2492,CTAV,Transporte,false,https://arquitecturavalencia.es/img/comprimido/1403.jpg,https://guiactav.com/obra/2492,exterior_visible
Nuevas Facultades de Magisterio y Ciencias Sociales,AIC Equip,,39.479825200351904,-0.34641603291234485,1,CTAV2098,CTAV,Centro educativo,false,https://arquitecturavalencia.es/img/comprimido/630.jpg,https://guiactav.com/obra/2098,exterior_visible
Fundación Chirivella-Soriano (Palacio de Joan de Valeriola) ,,,39.47468217178185,-0.3804760254952901,1,CTAV2668,CTAV,Museo,false,https://arquitecturavalencia.es/img/comprimido/1677.jpg,https://guiactav.com/obra/2668,exterior_visible
Torre de San Bartolomé,,,39.477209333916136,-0.3769692285710403,3,CTAV2596,CTAV,Edificio religioso,false,https://arquitecturavalencia.es/img/comprimido/1556.jpg,https://guiactav.com/obra/2596,exterior_visible
Edificios Sancho,Lucas García Cardona,,39.47671890594015,-0.37777505325377514,3,CTAV2530,CTAV,Edificio de viviendas,false,https://arquitecturavalencia.es/img/comprimido/1455.jpg,https://guiactav.com/obra/2530,exterior_visible
L’Escorxador del Cabanyal,,,39.46922110337847,-0.33193261767338844,2,CTAV2438,CTAV,Edificio administrativo,false,https://arquitecturavalencia.es/img/comprimido/1326.jpg,https://guiactav.com/obra/2438,exterior_visible
Colegio Mayor Rector Peset (Palacio de los Martínez de Vallejo),,,39.475709368499075,-0.3794613691212729,3,CTAV2603,CTAV,Palacio,false,https://arquitecturavalencia.es/img/comprimido/1565.jpg,https://guiactav.com/obra/2603,exterior_visible
Colegio Alemán,"Dirección General de la Construcción Federal de Berlín (Mertz, Eberhard Becker, Dieter Weise y Peter Müller), Pablo Navarro Alvargonzalez, Julio Trullenque Sanjuan",,39.481839130570044,-0.3634557392300943,1,CTAV2681,CTAV,Centro educativo,false,https://arquitecturavalencia.es/img/comprimido/1811.jpg,https://guiactav.com/obra/2681,exterior_visible
Edificio de viviendas para realojo III,"Vicente Bernat Oltra, Francisco J. Nieto Edo",,39.472591983176315,-0.3830079221502032,2,CTAV2129,CTAV,Edificio de viviendas,false,https://arquitecturavalencia.es/img/comprimido/686.jpg,https://guiactav.com/obra/2129,exterior_visible
Colegio e Iglesia de las Escuelas Pías,"Blas del Espíritu Santo, José Puchol, Antonio Gilabert Fornés",,39.473948629532245,-0.38167638282160976,1,CTAV2591,CTAV,Centro educativo,false,https://arquitecturavalencia.es/img/comprimido/1549.jpg,https://guiactav.com/obra/2591,exterior_visible
Iglesia de San Nicolás,,,39.47618068046659,-0.37895938038060906,3,CTAV2671,CTAV,Edificio religioso,false,https://arquitecturavalencia.es/img/comprimido/1681.jpg,https://guiactav.com/obra/2671,exterior_visible
Palacio de los Centelles o Daya Nueva,,,39.47652469865244,-0.37845825249326176,3,CTAV2640,CTAV,Palacio,false,https://arquitecturavalencia.es/img/comprimido/1625.jpg,https://guiactav.com/obra/2640,exterior_visible
Museo l´Iber (Palacio de los Malferit),Lucas García Cardona,,39.476748507765976,-0.3781331825327403,1,CTAV2506,CTAV,Museo,false,https://arquitecturavalencia.es/img/comprimido/1421.jpg,https://guiactav.com/obra/2506,exterior_visible
Museo de las Ciencias Médicas (Palacio de Cerveró),,,39.47806112140503,-0.3761075132910665,3,CTAV2592,CTAV,Museo,false,https://arquitecturavalencia.es/img/comprimido/1552.jpg,https://guiactav.com/obra/2592,exterior_visible
CEE de parálisis cerebral infantil Cruz Roja (Antiguo Edificio Moroder),Salvador Galiana Araquistán,,39.48017598376514,-0.37148588125922066,2,CTAV2507,CTAV,Centro educativo,false,https://arquitecturavalencia.es/img/comprimido/1422.jpg,https://guiactav.com/obra/2507,exterior_visible
Colegio del Sagrado Corazón de Jesús,Joaquín Mª Belda Ibáñez,,39.478725936801446,-0.37494383821537575,3,CTAV2510,CTAV,Centro educativo,false,https://arquitecturavalencia.es/img/comprimido/1425.jpg,https://guiactav.com/obra/2510,exterior_visible
Palacio de los Marqueses de Llanera,,,39.47494383940325,-0.38089119916781994,2,CTAV2570,CTAV,Palacio,false,https://arquitecturavalencia.es/img/comprimido/1515.jpg,https://guiactav.com/obra/2570,exterior_visible
Iglesia del antiguo Convento de Santa María de Jesús,,,39.45958434001849,-0.3890693996652642,2,CTAV2635,CTAV,Edificio religioso,false,https://arquitecturavalencia.es/img/comprimido/1612.jpg,https://guiactav.com/obra/2635,exterior_visible
Marina de Empresas,ERRE arquitectura,,39.46218358579494,-0.32864082257100224,1,CTAV2070,CTAV,Oficina,false,https://arquitecturavalencia.es/img/comprimido/570.jpg,https://guiactav.com/obra/2070,exterior_visible
Edificio Alfonso,Javier Goerlich Lleó,,39.474631842557365,-0.38139272641889815,3,CTAV2306,CTAV,Edificio de viviendas,false,https://arquitecturavalencia.es/img/comprimido/1018.jpg,https://guiactav.com/obra/2306,exterior_visible
Sede Unión de Cooperativas Agrícolas de Valencia (Palacio de los Marqueses de Mercader),,,39.476703830001,-0.3787529600873636,1,CTAV2654,CTAV,Palacio,false,https://arquitecturavalencia.es/img/comprimido/1658.jpg,https://guiactav.com/obra/2654,exterior_visible
Edificio Soler Palmero,"Pablo Navarro Alvargonzalez, Julio Trullenque Sanjuan",,39.48215470026984,-0.3639810135460155,1,CTAV2217,CTAV,Edificio de viviendas,false,https://arquitecturavalencia.es/img/comprimido/862.jpg,https://guiactav.com/obra/2217,exterior_visible
Edificios Triador (Antiguos Edificios Gascó),Vicente Bochons Llorente,,39.472874990055516,-0.38337191491891737,3,CTAV2524,CTAV,Edificio de viviendas,false,https://arquitecturavalencia.es/img/comprimido/1448.jpg,https://guiactav.com/obra/2524,exterior_visible
Edificio Ángel Custodio,Josep Lluís Ros Andreu,,39.47760181516025,-0.3774523901658565,3,CTAV2160,CTAV,Edificio de viviendas,false,https://arquitecturavalencia.es/img/comprimido/762.jpg,https://guiactav.com/obra/2160,exterior_visible
Cruz del camino de Xàtiva,,,39.44798482702368,-0.385755244408232,1,CTAV2696,CTAV,Cruces de término,false,https://arquitecturavalencia.es/img/comprimido/1846.jpg,https://guiactav.com/obra/2696,exterior_visible
Palacio de los Queixal o de los Trenor,Sebastián Monleón Estellés,,39.476404552074214,-0.379309395698987,1,CTAV2560,CTAV,Palacio,false,https://arquitecturavalencia.es/img/comprimido/1501.jpg,https://guiactav.com/obra/2560,exterior_visible
Palacio de los Condes de Alpuente,,,39.47665851075897,-0.37904726759545215,2,CTAV2633,CTAV,Palacio,false,https://arquitecturavalencia.es/img/comprimido/1608.jpg,https://guiactav.com/obra/2633,exterior_visible
Edificio Sierra Perenchiza,Camilo Grau García,,39.482370751022685,-0.36325927027443855,3,CTAV2202,CTAV,Edificio de viviendas,false,https://arquitecturavalencia.es/img/comprimido/840.jpg,https://guiactav.com/obra/2202,exterior_visible
Escuela infantil Virgen del Carmen,"Mª Jesús Rodríguez Ortiz, Miguel Campos González, Pedro Pablo Campos González",,39.47499447462678,-0.33616854880663194,3,CTAV2156,CTAV,Centro educativo,false,https://arquitecturavalencia.es/img/comprimido/758.jpg,https://guiactav.com/obra/2156,exterior_visible
Real Monasterio de la Trinidad,Antoni Dalmau,,39.48031144897076,-0.37221014034483657,1,CTAV2648,CTAV,Edificio religioso,false,https://arquitecturavalencia.es/img/comprimido/1644.jpg,https://guiactav.com/obra/2648,exterior_visible
Centro de Salud Benimaclet,Carlos Salvadores Navarro,,39.482716790673514,-0.35848107160192444,3,CTAV2151,CTAV,Centro de salud,false,https://arquitecturavalencia.es/img/comprimido/731.jpg,https://guiactav.com/obra/2151,exterior_visible
Palacio de los Pascual Guillem,,,39.47757779104938,-0.3778656809221873,2,CTAV2622,CTAV,Palacio,false,https://arquitecturavalencia.es/img/comprimido/1591.jpg,https://guiactav.com/obra/2622,exterior_visible
Edificio Alzamora,José Serra Sumi,,39.477278113714455,-0.3783931207310834,2,CTAV2539,CTAV,Edificio de viviendas,false,https://arquitecturavalencia.es/img/comprimido/1469.jpg,https://guiactav.com/obra/2539,exterior_visible
Conjunto Residencial La Puridad,Antonino Sancho Arango,,39.47571305362497,-0.38073601963429865,1,CTAV2572,CTAV,Edificio de viviendas,false,https://arquitecturavalencia.es/img/comprimido/1519.jpg,https://guiactav.com/obra/2572,exterior_visible
Antiguo Palacio de los Fernández de Córdova,Salvador Monmeneu Escrig,,39.47654672418797,-0.37961819516660655,3,CTAV2547,CTAV,Palacio,false,https://arquitecturavalencia.es/img/comprimido/1483.jpg,https://guiactav.com/obra/2547,exterior_visible
Sede de la Fundación Victoria Cano-Alejandro Agustín,,,39.47741632553461,-0.37832274763236984,2,CTAV2599,CTAV,Museo,false,https://arquitecturavalencia.es/img/comprimido/1559.jpg,https://guiactav.com/obra/2599,exterior_visible
Centro Teatral Escalante,Salvador Monmeneu Escrig,,39.4772539839605,-0.3785957341308265,3,CTAV2564,CTAV,Espacio cultural,false,https://arquitecturavalencia.es/img/comprimido/1507.jpg,https://guiactav.com/obra/2564,exterior_visible
Edificio de viviendas,,,39.47733464546726,-0.3784903521426806,1,CTAV2580,CTAV,Edificio de viviendas,false,https://arquitecturavalencia.es/img/comprimido/1531.jpg,https://guiactav.com/obra/2580,exterior_visible
Edificio de viviendas,,,39.474341267235225,-0.38245139284737856,3,CTAV2582,CTAV,Edificio de viviendas,false,https://arquitecturavalencia.es/img/comprimido/1534.jpg,https://guiactav.com/obra/2582,exterior_visible
Puerto y Marina de València,,,39.459633057648695,-0.3277404459491945,1,CTAV2490,CTAV,Espacio público,false,https://arquitecturavalencia.es/img/comprimido/1401.jpg,https://guiactav.com/obra/2490,exterior_visible
Edificio Castillo Arnedo (Portal de Valldigna),Antonio Gómez Davó,,39.477549404330695,-0.37842908283973015,1,CTAV2297,CTAV,Edificio de viviendas,false,https://arquitecturavalencia.es/img/comprimido/1005.jpg,https://guiactav.com/obra/2297,exterior_visible
Pont de Fusta ,Tomás Llavador Arquitectos+Ingenieros,,39.479839938647785,-0.37415879062704066,1,CTAV2685,CTAV,Puentes,false,https://arquitecturavalencia.es/img/comprimido/2284.jpg,https://guiactav.com/obra/2685,exterior_visible
Edificio de viviendas protegidas. IVVSA IV,"Juan Deltell Pastor, Clara E. Mejía Vallejo",,39.474370254691294,-0.3827723155315366,1,CTAV2100,CTAV,Edificio de viviendas,false,https://arquitecturavalencia.es/img/comprimido/634.jpg,https://guiactav.com/obra/2100,exterior_visible
Edificio de viviendas protegidas. IVVSA I,"Roberto Santatecla Fayos, José Santatecla Fayos",,39.474941052959416,-0.38216797547545617,1,CTAV2115,CTAV,Edificio de viviendas,false,https://arquitecturavalencia.es/img/comprimido/658.jpg,https://guiactav.com/obra/2115,exterior_visible
Edificio Valls,Javier Goerlich Lleó,,39.46600429293982,-0.32881000759070067,3,CTAV2327,CTAV,Edificio de viviendas,false,https://arquitecturavalencia.es/img/comprimido/1052.jpg,https://guiactav.com/obra/2327,exterior_visible
Grupo Residencial Virgen del Carmen,GO.DB. Arquitectos asociados,,39.47454320318701,-0.3348174017608446,3,CTAV2251,CTAV,Edificio de viviendas,false,https://arquitecturavalencia.es/img/comprimido/923.jpg,https://guiactav.com/obra/2251,exterior_visible
Grupo Residencial Mutua Levantina de Viajantes y Representantes,"Vicente Valls Abad, Joaquín García Sanz",,39.48276157373368,-0.3644432767486086,1,CTAV2231,CTAV,Edificio de viviendas,false,https://arquitecturavalencia.es/img/comprimido/890.jpg,https://guiactav.com/obra/2231,exterior_visible
Muralla andalusí,,,39.47845855122458,-0.3773935308114761,1,CTAV2055,CTAV,Elemento defensivo,false,https://arquitecturavalencia.es/img/comprimido/545.jpg,https://guiactav.com/obra/2055,exterior_visible
Puerta de Serranos,Pere Balaguer,,39.47926388477432,-0.3759960847810984,3,CTAV2662,CTAV,Elemento defensivo,false,https://arquitecturavalencia.es/img/comprimido/1669.jpg,https://guiactav.com/obra/2662,exterior_visible
Edificio Ros Ferrer,Salvador Galiana Araquistán,,39.476319801434954,-0.381054115873494,2,CTAV2513,CTAV,Edificio de viviendas,false,https://arquitecturavalencia.es/img/comprimido/1430.jpg,https://guiactav.com/obra/2513,exterior_visible
Museo del Corpus (Casa de las Rocas),,,39.479122979529734,-0.3767108767087772,2,CTAV2650,CTAV,Museo,false,https://arquitecturavalencia.es/img/comprimido/1648.jpg,https://guiactav.com/obra/2650,exterior_visible
Complejo educativo Velluters,"Antonio Gomis Bernal, Ignacio Belenguer Zamit",,39.47497433425328,-0.3827364916711846,3,CTAV2123,CTAV,Centro educativo,false,https://arquitecturavalencia.es/img/comprimido/675.jpg,https://guiactav.com/obra/2123,exterior_visible
Complejo Abastos (Antiguo Mercado de Abastos),Javier Goerlich Lleó,,39.46804006059079,-0.38824422070607406,2,CTAV2320,CTAV,Centro educativo,false,https://arquitecturavalencia.es/img/comprimido/1045.jpg,https://guiactav.com/obra/2320,exterior_visible
Torres del Turia,GO.DB. Arquitectos asociados,,39.48086781233213,-0.3730442784959957,3,CTAV2184,CTAV,Edificio de viviendas,false,https://arquitecturavalencia.es/img/comprimido/812.jpg,https://guiactav.com/obra/2184,exterior_visible
Edificio Echeveste,Joaquín María Calvo Tomás,,39.4760758407003,-0.38164030103046975,2,CTAV2555,CTAV,Edificio de viviendas,false,https://arquitecturavalencia.es/img/comprimido/1495.jpg,https://guiactav.com/obra/2555,exterior_visible
Casa de los Marqueses de González de Quirós (Palacio de Raga),,,39.477766618431694,-0.3793377868739633,2,CTAV2522,CTAV,Palacio,false,https://arquitecturavalencia.es/img/comprimido/1446.jpg,https://guiactav.com/obra/2522,exterior_visible
Edificio Córdova,Luis Marés Feliu,,39.48333965059872,-0.36333094199650356,3,CTAV2206,CTAV,Edificio de viviendas,false,https://arquitecturavalencia.es/img/comprimido/844.jpg,https://guiactav.com/obra/2206,exterior_visible
Edificio Marqués de Cruilles,Curro Mestre Jordá,,39.46154,-0.390498394,2,CTAV2066,CTAV,Edificio de viviendas,false,https://arquitecturavalencia.es/img/comprimido/563.jpg,https://guiactav.com/obra/2066,exterior_visible
Casa señorial (Antigua casa-taller de Joan de Joanes),,,39.478239240266426,-0.3786894920741554,2,CTAV2623,CTAV,Casas,false,https://arquitecturavalencia.es/img/comprimido/1592.jpg,https://guiactav.com/obra/2623,exterior_visible
Plaza de la Santa Cruz,,,39.4786135755681,-0.3780791392559385,2,CTAV2574,CTAV,Espacio público,false,https://arquitecturavalencia.es/img/comprimido/1525.jpg,https://guiactav.com/obra/2574,exterior_visible
Centro Municipal de Servicios Sociales Ciutat Vella (Antiguo Mesón de Morella),,,39.47777331026047,-0.37969135002118,1,CTAV2544,CTAV,Edificio administrativo,false,https://arquitecturavalencia.es/img/comprimido/1485.jpg,https://guiactav.com/obra/2544,exterior_visible
Edificios Lar,"Juan Añón Gómez, Rafael Martínez Sanchez",,39.48243978803456,-0.36919913347432803,2,CTAV2161,CTAV,Edificio de viviendas,false,https://arquitecturavalencia.es/img/comprimido/763.jpg,https://guiactav.com/obra/2161,exterior_visible
Edificio de viviendas protegidas. IVVSA II,"José María Lozano Velasco, Juan Ranchal Padilla",,39.478319731863934,-0.37893185183265876,1,CTAV2105,CTAV,Edificio de viviendas,false,https://arquitecturavalencia.es/img/comprimido/643.jpg,https://guiactav.com/obra/2105,exterior_visible
Casa señorial (Antigua Casa Vella),,,39.47892175699437,-0.37813720009751517,1,CTAV2606,CTAV,Casas,false,https://arquitecturavalencia.es/img/comprimido/1568.jpg,https://guiactav.com/obra/2606,exterior_visible
Jefatura de Policía de la Generalitat Valenciana (Antigua Estación de Santa Mónica),Joaquín Mª Belda Ibáñez,,39.481135300600926,-0.3735891408870541,2,CTAV2509,CTAV,"Comisaría de policía, cuartel",false,https://arquitecturavalencia.es/img/comprimido/1424.jpg,https://guiactav.com/obra/2509,exterior_visible
Edificio de viviendas protegidas. IVVSA III,"José Luis Sáez Martínez, Francisco Vigueras Marín-Baldo",,39.47593489633339,-0.3824514682141289,2,CTAV2102,CTAV,Edificio de viviendas,false,https://arquitecturavalencia.es/img/comprimido/638.jpg,https://guiactav.com/obra/2102,exterior_visible
Iglesia de Nuestra Señora del Puig,Jose Calvo Tomás,,39.47705337174926,-0.3811054971877363,2,CTAV2540,CTAV,Edificio administrativo,false,https://arquitecturavalencia.es/img/comprimido/1470.jpg,https://guiactav.com/obra/2540,exterior_visible
Universidad Internacional Menéndez Pelayo (Palacio de Pineda),,,39.47889770211234,-0.3787078373903178,1,CTAV2593,CTAV,Centro educativo,false,https://arquitecturavalencia.es/img/comprimido/1553.jpg,https://guiactav.com/obra/2593,exterior_visible
Puente de Serranos,juan Bta. Corbera,,39.48070250012912,-0.37535262092176774,2,CTAV2692,CTAV,Puentes,false,https://arquitecturavalencia.es/img/comprimido/1835.jpg,https://guiactav.com/obra/2692,exterior_visible
Edificio Tomás,Salvador Rocafull Jáudenes,,39.4720330063943,-0.3867069186822,1,CTAV2311,CTAV,Edificio de viviendas,false,https://arquitecturavalencia.es/img/comprimido/1025.jpg,https://guiactav.com/obra/2311,exterior_visible
Casa Taller en el Cabanyal,,,39.46939135359613,-0.32891101142747453,3,CTAV2402,CTAV,Casas,false,https://arquitecturavalencia.es/img/comprimido/1165.jpg,https://guiactav.com/obra/2402,exterior_visible
Edificio Nexus,CB Arquitectes Associats,,39.47917726350538,-0.338927581017686,1,CTAV2142,CTAV,Centro educativo,false,https://arquitecturavalencia.es/img/comprimido/713.jpg,https://guiactav.com/obra/2142,exterior_visible
Antiguos Astilleros Unión Naval de Levante,Justo González Garrido (ing.),,39.45202003930443,-0.327149028939575,1,CTAV2410,CTAV,Patrimonio industrial,false,https://arquitecturavalencia.es/img/comprimido/1183.jpg,https://guiactav.com/obra/2410,exterior_visible
Edificio Crespo-Pardos,,,39.468920011916595,-0.3284647408112112,3,CTAV2404,CTAV,Casas,false,https://arquitecturavalencia.es/img/comprimido/1172.jpg,https://guiactav.com/obra/2404,exterior_visible
Casas Ferrer,Javier Goerlich Lleó,,39.46938558639212,-0.32872738626101733,2,CTAV2396,CTAV,Casas,false,https://arquitecturavalencia.es/img/comprimido/1155.jpg,https://guiactav.com/obra/2396,exterior_visible
Edificio Espai Verd,"Antonio Cortés Ferrando, Alfonso Serrano Puig, Salvador Pérez Luján, Antonio Carrascosa Corella, (CSPT Estudio Arquitectura y Urbanismo)",,39.48405386840376,-0.35352717598376515,2,CTAV2173,CTAV,Edificio de viviendas,false,https://arquitecturavalencia.es/img/comprimido/796.jpg,https://guiactav.com/obra/2173,exterior_visible
Edificio de viviendas para realojo I,Eduardo de Miguel Arbonés,,39.47897510814297,-0.37909585143320246,3,CTAV2149,CTAV,Edificio de viviendas,false,https://arquitecturavalencia.es/img/comprimido/724.jpg,https://guiactav.com/obra/2149,exterior_visible
Grupo Residencial UA-2,"Juan Añón Gómez, Rafael Martínez Sanchez, Francisco Pina Alegre, Javier Esparza Beltrán, Emilio Giménez Julián, Vicente M. Vidal Vidal, Luis Alonso de Armiño Pérez, Vicente González Móstoles, Alejandro Pons Romani, Carlos Campos González, Emilio Sánchez García, Javier Pérez Igualda",,39.47869735892866,-0.37959187578225173,3,CTAV2167,CTAV,Edificio de viviendas,false,https://arquitecturavalencia.es/img/comprimido/776.jpg,https://guiactav.com/obra/2167,exterior_visible
Universitat Politècnica de València. Campus de Vera ,L35 Arquitectos,,39.48163992818927,-0.3436521665380607,2,CTAV2318,CTAV,Centro educativo,false,https://arquitecturavalencia.es/img/comprimido/1037.jpg,https://guiactav.com/obra/2318,exterior_visible
Refugios antiaéreos,,,39.47840178236218,-0.380097240961812,2,CTAV2680,CTAV,Elemento defensivo,false,https://arquitecturavalencia.es/img/comprimido/1803.jpg,https://guiactav.com/obra/2680,exterior_visible
Central Hidroeléctrica Española (Antigua Central térmica La Valenciana),,,39.45532233779184,-0.39141701038321414,3,CTAV2450,CTAV,Patrimonio industrial,false,https://arquitecturavalencia.es/img/comprimido/1350.jpg,https://guiactav.com/obra/2450,exterior_visible
Edificio Mascarell,Víctor Bueso Bellot,,39.472356065603456,-0.3869530131417662,2,CTAV2328,CTAV,Edificio de viviendas,false,https://arquitecturavalencia.es/img/comprimido/1054.jpg,https://guiactav.com/obra/2328,exterior_visible
Casa Viguier Simó,,,39.474341651439495,-0.3322346434430713,3,CTAV2403,CTAV,Casas,false,https://arquitecturavalencia.es/img/comprimido/1168.jpg,https://guiactav.com/obra/2403,exterior_visible
Puerta de Quart,Francesc Baldomar,,39.475756879706246,-0.38391725803776644,2,CTAV2647,CTAV,Elemento defensivo,false,https://arquitecturavalencia.es/img/comprimido/1643.jpg,https://guiactav.com/obra/2647,exterior_visible
Consell Valencià de Cultura (Palacio de Forcalló),Luis Peretto Santos,,39.479376922150365,-0.379061880629468,2,CTAV2550,CTAV,Edificio administrativo,false,https://arquitecturavalencia.es/img/comprimido/1490.jpg,https://guiactav.com/obra/2550,exterior_visible
Iglesia de Santa Úrsula,,,39.47609061750768,-0.383680038964186,2,CTAV2615,CTAV,Edificio religioso,false,https://arquitecturavalencia.es/img/comprimido/1583.jpg,https://guiactav.com/obra/2615,exterior_visible
Colegio Gran Asociación,Sebastián Monleón Estellés,,39.47992029420337,-0.3782233216764494,3,CTAV2551,CTAV,Centro educativo,false,https://arquitecturavalencia.es/img/comprimido/1491.jpg,https://guiactav.com/obra/2551,exterior_visible
Colegio Jesús-María,Agustín Borrell Sensat,,39.4727047323887,-0.38726743280113984,2,CTAV2280,CTAV,Centro educativo,false,https://arquitecturavalencia.es/img/comprimido/979.jpg,https://guiactav.com/obra/2280,exterior_visible
Edificio Costa,Vicente Bochons Llorente,,39.475522993825656,-0.3846541506701001,1,CTAV2500,CTAV,Edificio de viviendas,false,https://arquitecturavalencia.es/img/comprimido/1413.jpg,https://guiactav.com/obra/2500,exterior_visible
Edificio Boluda,Antonio Gómez Davó,,39.4803110020186,-0.37790848852750386,2,CTAV2270,CTAV,Edificio de viviendas,false,https://arquitecturavalencia.es/img/comprimido/959.jpg,https://guiactav.com/obra/2270,exterior_visible
Edificio San Ramón,San Juan Arquitectura SL,,39.47817385635198,-0.3814041374217332,1,CTAV2083,CTAV,Edificio de viviendas,false,https://arquitecturavalencia.es/img/comprimido/597.jpg,https://guiactav.com/obra/2083,exterior_visible
Centre del Carme e Iglesia de la Santa Cruz (Antiguo Convento del Carmen),,,39.47973516695509,-0.3789686700024472,1,CTAV2675,CTAV,Museo,false,https://arquitecturavalencia.es/img/comprimido/1693.jpg,https://guiactav.com/obra/2675,exterior_visible
Edificio Cooperativa Benlliure,"Antonio Cortés Ferrando, Alfonso Serrano Puig, Salvador Pérez Luján, Antonio Carrascosa Corella, (CSPT Estudio Arquitectura y Urbanismo)",,39.484810029286194,-0.35500979077386613,2,CTAV2176,CTAV,Edificio de viviendas,false,https://arquitecturavalencia.es/img/comprimido/802.jpg,https://guiactav.com/obra/2176,exterior_visible
Antiguo Varadero Público,José Mª Fuster (Ing.),,39.4619510011513,-0.3252117572172137,3,CTAV2424,CTAV,Oficina,false,https://arquitecturavalencia.es/img/comprimido/1308.jpg,https://guiactav.com/obra/2424,exterior_visible
Edificio Albert Burguet,Luis Sancho Coloma,,39.47021798115398,-0.3892854539037754,1,CTAV2317,CTAV,Edificio de viviendas,false,https://arquitecturavalencia.es/img/comprimido/1036.jpg,https://guiactav.com/obra/2317,exterior_visible
Colegio Gran Asocación (Antiguo Salón de Racionistas),Joaquín Mª Arnau Miramón,,39.48040798414192,-0.3781103324184796,1,CTAV2520,CTAV,Centro educativo,false,https://arquitecturavalencia.es/img/comprimido/1442.jpg,https://guiactav.com/obra/2520,exterior_visible
Iglesia de Santa Mónica,,,39.48201058646183,-0.37474904717270047,2,CTAV2612,CTAV,Edificio religioso,false,https://arquitecturavalencia.es/img/comprimido/1576.jpg,https://guiactav.com/obra/2612,exterior_visible
El Casinet. Sociedad Musical Unión de Pescadores,Juan Bautista Gosálvez Navarro,,39.47213417369469,-0.3294294924502288,2,CTAV2445,CTAV,Centro educativo,false,https://arquitecturavalencia.es/img/comprimido/1343.jpg,https://guiactav.com/obra/2445,exterior_visible
Edificio Cuñat-Blanch,Ricard Roso Olivé,,39.48194287796062,-0.3752206685139647,1,CTAV2244,CTAV,Edificio de viviendas,false,https://arquitecturavalencia.es/img/comprimido/912.jpg,https://guiactav.com/obra/2244,exterior_visible
Polideportivo El Carmen,José María Herrera García,,39.478908856277734,-0.3808784169126112,3,CTAV2164,CTAV,Instalación deportiva,false,https://arquitecturavalencia.es/img/comprimido/771.jpg,https://guiactav.com/obra/2164,exterior_visible
Edificio Esteve,Ramón Esteve Cambra,,39.47969363102417,-0.3797718607426964,1,CTAV2110,CTAV,Oficina,false,https://arquitecturavalencia.es/img/comprimido/651.jpg,https://guiactav.com/obra/2110,exterior_visible
Docks comerciales del Puerto de València,Víctor Gosálvez Gómez,,39.46277710744454,-0.3249495544471809,2,CTAV2409,CTAV,Patrimonio industrial,false,https://arquitecturavalencia.es/img/comprimido/1182.jpg,https://guiactav.com/obra/2409,exterior_visible
Complejo Deportivo-Cultural municipal de Patraix (Fábrica textil La Batifora),,,39.45993181178607,-0.39297057502045074,1,CTAV2575,CTAV,Instalación deportiva,false,https://arquitecturavalencia.es/img/comprimido/1526.jpg,https://guiactav.com/obra/2575,exterior_visible
Centro de Salud Guillem de Castro,Carlos Campos González,,39.47669768613067,-0.38416507132952166,1,CTAV2116,CTAV,Centro de salud,false,https://arquitecturavalencia.es/img/comprimido/659.jpg,https://guiactav.com/obra/2116,exterior_visible
CEIP Santa Teresa (Antiguos Cines Caro),Vicente Ferrer Pérez,,39.47883850888725,-0.3814527771391061,3,CTAV2440,CTAV,Centro educativo,false,https://arquitecturavalencia.es/img/comprimido/1328.jpg,https://guiactav.com/obra/2440,exterior_visible
Edificio Llosá (Corrala),Felipe García,,39.474833073552375,-0.38658625052316253,1,CTAV2517,CTAV,Edificio de viviendas,false,https://arquitecturavalencia.es/img/comprimido/1434.jpg,https://guiactav.com/obra/2517,exterior_visible
Fundación Universidad Católica de Valencia. Sede Marqués de Campo (Antiguo Asilo del Marqués de Campo),José Camaña Laymón,,39.4783447292381,-0.3825896306292806,3,CTAV2527,CTAV,Centro educativo,false,https://arquitecturavalencia.es/img/comprimido/1452.jpg,https://guiactav.com/obra/2527,exterior_visible
Chalet Ribes,Demetrio Ribes Marco,,39.466309212337535,-0.32541822918932267,2,CTAV2407,CTAV,Casas,false,https://arquitecturavalencia.es/img/comprimido/1178.jpg,https://guiactav.com/obra/2407,exterior_visible
Grupo Escolar Cervantes,Eugenio López Aracil,,39.47723123960154,-0.38414023838176986,1,CTAV2471,CTAV,Centro educativo,false,https://arquitecturavalencia.es/img/comprimido/1381.jpg,https://guiactav.com/obra/2471,exterior_visible
Ciudad Politécnica de la Innovación,Luis Manuel Ferrer Obanos,,39.47790815233789,-0.33412385227246355,3,CTAV2114,CTAV,Centro educativo,false,https://arquitecturavalencia.es/img/comprimido/655.jpg,https://guiactav.com/obra/2114,exterior_visible
Casa-Museo Benlliure,Vicente Miguel Viñuelas,,39.48079775952676,-0.37895120980625435,1,CTAV2534,CTAV,Museo,false,https://arquitecturavalencia.es/img/comprimido/1461.jpg,https://guiactav.com/obra/2534,exterior_visible
Edificio Veles e Vents,"David Chipperfield, Fermín Vázquez (b720 Arquitectos)",,39.46104499749971,-0.32407219724336744,3,CTAV2097,CTAV,Espacio cultural,false,https://arquitecturavalencia.es/img/comprimido/621.jpg,https://guiactav.com/obra/2097,exterior_visible
Edificio Barberá,Miguel López González,,39.47653981217454,-0.38519397750472956,2,CTAV2356,CTAV,Edificio de viviendas,false,https://arquitecturavalencia.es/img/comprimido/1095.jpg,https://guiactav.com/obra/2356,exterior_visible
Edificio Montesinos Andreu,José Peris Martínez,,39.478138777710356,-0.3832745356657898,1,CTAV2363,CTAV,Edificio de viviendas,false,https://arquitecturavalencia.es/img/comprimido/1102.jpg,https://guiactav.com/obra/2363,exterior_visible
Edificios Na Jordana,Carlos Spain Pérez,,39.479895280123536,-0.3808210379325408,2,CTAV2566,CTAV,Edificio de viviendas,false,https://arquitecturavalencia.es/img/comprimido/1509.jpg,https://guiactav.com/obra/2566,exterior_visible
Edificio Zeluán,Lorenzo Criado Oltra,,39.48375936627005,-0.3725980832535172,1,CTAV2393,CTAV,Edificio de viviendas,false,https://arquitecturavalencia.es/img/comprimido/1152.jpg,https://guiactav.com/obra/2393,exterior_visible
Escuela Técnica Superior de Ingeniería del Diseño,AIC Equip,,39.48059326853184,-0.3377867635634636,3,CTAV2147,CTAV,Centro educativo,false,https://arquitecturavalencia.es/img/comprimido/722.jpg,https://guiactav.com/obra/2147,exterior_visible
Edificio Aviación,"Camilo Grau Soler, Joaquín García Sanz, Camilo Grau García",,39.48549943093601,-0.3654587877450981,2,CTAV2247,CTAV,Edificio de viviendas,false,https://arquitecturavalencia.es/img/comprimido/916.jpg,https://guiactav.com/obra/2247,exterior_visible
Edificio Requena,Alfonso Fungairiño Nebot,,39.47669151333918,-0.38519854268960146,2,CTAV2357,CTAV,Edificio de viviendas,false,https://arquitecturavalencia.es/img/comprimido/1096.jpg,https://guiactav.com/obra/2357,exterior_visible
Iglesia de San Miguel y San Sebastián,José Cardona y Pertusa,,39.47515475148033,-0.3868816348772462,3,CTAV2594,CTAV,Edificio religioso,false,https://arquitecturavalencia.es/img/comprimido/1554.jpg,https://guiactav.com/obra/2594,exterior_visible
Casa Mira,,,39.4860743177752,-0.36096912596105196,1,CTAV2401,CTAV,Casas,false,https://arquitecturavalencia.es/img/comprimido/1161.jpg,https://guiactav.com/obra/2401,exterior_visible
Antigua Lonja de Pescado,Juan Bautista Gosálvez Navarro,,39.46888866021309,-0.3258638816575236,1,CTAV2477,CTAV,"Mercado, Feria",false,https://arquitecturavalencia.es/img/comprimido/1388.jpg,https://guiactav.com/obra/2477,exterior_visible
Centro Cultural La Beneficencia,Joaquín Mª Belda Ibáñez,,39.478822780625634,-0.38304397338419544,2,CTAV2538,CTAV,Museo,false,https://arquitecturavalencia.es/img/comprimido/1475.jpg,https://guiactav.com/obra/2538,exterior_visible
Convento de San José y Santa Teresa,,,39.480913525618156,-0.3798382422373708,3,CTAV2618,CTAV,Edificio religioso,false,https://arquitecturavalencia.es/img/comprimido/1586.jpg,https://guiactav.com/obra/2618,exterior_visible
Centro de Salud Plaza de Segovia,"Joaquín Sanchis Serrano, José Miquel Benito Suay",,39.4484772877604,-0.3915044341498071,3,CTAV2143,CTAV,Centro de salud,false,https://arquitecturavalencia.es/img/comprimido/714.jpg,https://guiactav.com/obra/2143,exterior_visible
Edificio Almenar,Tonet Sunyer i Vives,,39.48435635578855,-0.3722515307193389,3,CTAV2140,CTAV,Edificio de viviendas,false,https://arquitecturavalencia.es/img/comprimido/711.jpg,https://guiactav.com/obra/2140,exterior_visible
Grupo Alboraya,Javier Goerlich Lleó,,39.485667730243165,-0.3679669624848273,1,CTAV2294,CTAV,Edificio de viviendas,false,https://arquitecturavalencia.es/img/comprimido/1000.jpg,https://guiactav.com/obra/2294,exterior_visible
Convento de Corpus Christi,Juan Simó,,39.47863473773042,-0.3839144868582471,1,CTAV2608,CTAV,Edificio religioso,false,https://arquitecturavalencia.es/img/comprimido/1571.jpg,https://guiactav.com/obra/2608,exterior_visible
Instituto Valenciano de Arte Moderno (IVAM),"Emilio Giménez Julián, Carlos Salvadores Navarro",,39.4797421249444,-0.38259531033407645,3,CTAV2166,CTAV,Museo,false,https://arquitecturavalencia.es/img/comprimido/773.jpg,https://guiactav.com/obra/2166,exterior_visible
Grupo Marina Auxiliante (Pavimar),Julio Peris Pardo,,39.46891010374816,-0.3251508422677255,1,CTAV2330,CTAV,Casas,false,https://arquitecturavalencia.es/img/comprimido/1056.jpg,https://guiactav.com/obra/2330,exterior_visible
Piscinas Las Arenas,Luis Gutiérrez Soto,,39.46733199001101,-0.3244018272974422,1,CTAV2353,CTAV,"Balneario, Piscinas",false,https://arquitecturavalencia.es/img/comprimido/1092.jpg,https://guiactav.com/obra/2353,exterior_visible
E.T.S. Ingeniería Geodésica y Cartografía,Vetges Tu i Mediterrània SLP,,39.48152437919154,-0.3375761066604696,1,CTAV2145,CTAV,Centro educativo,false,https://arquitecturavalencia.es/img/comprimido/719.jpg,https://guiactav.com/obra/2145,exterior_visible
Edificios Carbonell,Emilio Artal Fos,,39.483011461631136,-0.3770590346266515,1,CTAV2371,CTAV,Edificio de viviendas,false,https://arquitecturavalencia.es/img/comprimido/1115.jpg,https://guiactav.com/obra/2371,exterior_visible
Jardín Botánico,Cristobal Sales,,39.47686093592236,-0.3867049675516792,3,CTAV2579,CTAV,Espacio público,false,https://arquitecturavalencia.es/img/comprimido/1530.jpg,https://guiactav.com/obra/2579,exterior_visible
Hospital València al Mar (Antiguo Asilo de San Juan de Dios),Francisco Mora Berenguer,,39.47704534071619,-0.3309030814374608,2,CTAV2459,CTAV,Centro de salud,false,https://arquitecturavalencia.es/img/comprimido/1362.jpg,https://guiactav.com/obra/2459,exterior_visible
Edificio Acontrapeu,"Carmel Gradolí i Martínez, Arturo Sanz Martínez",,39.4870635917877,-0.358805978780055,3,CTAV2075,CTAV,Oficina,false,https://arquitecturavalencia.es/img/comprimido/588.jpg,https://guiactav.com/obra/2075,exterior_visible
Jardín de Enrique Granados,Luis López Silgo,,39.46172009070348,-0.3951167925169478,3,CTAV2171,CTAV,Espacio público,false,https://arquitecturavalencia.es/img/comprimido/791.jpg,https://guiactav.com/obra/2171,exterior_visible
Casa AYM,Manuel Cerdá Pérez,,39.487345900133846,-0.3586017340652795,1,CTAV2122,CTAV,Casas,false,https://arquitecturavalencia.es/img/comprimido/672.jpg,https://guiactav.com/obra/2122,exterior_visible
Nuevo Campus de la Universidad Europea (Antiguo asilo de San Juan Bautista),Sebastián Monleón Estellés,,39.479017228675964,-0.38479902942614697,1,CTAV2545,CTAV,Centro educativo,false,https://arquitecturavalencia.es/img/comprimido/1479.jpg,https://guiactav.com/obra/2545,exterior_visible
Puente de San José,"Jeroni Negret, Sebastià Gurrea",,39.48222566197611,-0.3803283652481229,1,CTAV2691,CTAV,Puentes,false,https://arquitecturavalencia.es/img/comprimido/2011.jpg,https://guiactav.com/obra/2691,exterior_visible
Grupo Residencial Malva-rosa,"Jorge Stuyck del Portillo, Alberto Sanchís Pérez",,39.479290546775054,-0.3324229786409007,1,CTAV2191,CTAV,Edificio de viviendas,false,https://arquitecturavalencia.es/img/comprimido/821.jpg,https://guiactav.com/obra/2191,exterior_visible
Edificio y Fábrica Buch,Luis Albert Ballesteros,,39.47521080447898,-0.3895350694747693,2,CTAV2337,CTAV,Edificio de viviendas,false,https://arquitecturavalencia.es/img/comprimido/1070.jpg,https://guiactav.com/obra/2337,exterior_visible
Centro Cultural La Rambleta,"Carmel Gradolí i Martínez, Arturo Sanz Martínez",,39.44726125640065,-0.3928287936035457,2,CTAV2087,CTAV,Espacio cultural,false,https://arquitecturavalencia.es/img/comprimido/601.jpg,https://guiactav.com/obra/2087,exterior_visible
Iglesia del Colegio de San José,Joaquín Mª Belda Ibáñez,,39.47657088036103,-0.3883350558117849,1,CTAV2531,CTAV,Edificio religioso,false,https://arquitecturavalencia.es/img/comprimido/1456.jpg,https://guiactav.com/obra/2531,exterior_visible
Casa Caridad,Antonio Martorell Trilles,,39.47837131407781,-0.38676466620546646,3,CTAV2442,CTAV,Casa de caridad,false,https://arquitecturavalencia.es/img/comprimido/1334.jpg,https://guiactav.com/obra/2442,exterior_visible
Pont de les Arts,"Carlos Fernandez Casado S.L., Leonardo Fernandez (Ing.), Javier Manterola (Ing.), Miguel A. Ástiz (Ing.), José Cuervo (Ing.), Agustín Sevilla (Ing.)",,39.48108705224536,-0.38344563321632213,3,CTAV2684,CTAV,Puentes,false,https://arquitecturavalencia.es/img/comprimido/2039.jpg,https://guiactav.com/obra/2684,exterior_visible
Jardín de Morvedre,"Jacobo Ríos-Capapé y Carpi, Adolfo Vigil de Insausti",,39.48574520950037,-0.37385111460122605,3,CTAV2069,CTAV,Espacio público,false,https://arquitecturavalencia.es/img/comprimido/569.jpg,https://guiactav.com/obra/2069,exterior_visible
Complejo escolar Rodríguez-Fornos,"Lluís Clotet Ballús, Ignacio Paricio Ansuátegui",,39.46027909711688,-0.396641888168031,1,CTAV2126,CTAV,Centro educativo,false,https://arquitecturavalencia.es/img/comprimido/683.jpg,https://guiactav.com/obra/2126,exterior_visible
Grupo Residencial Agentes Comerciales. Sección F (Santa María Micaela),Santiago Artal Ríos,,39.4720444291743,-0.3928037100070315,1,CTAV2252,CTAV,Edificio de viviendas,false,https://arquitecturavalencia.es/img/comprimido/927.jpg,https://guiactav.com/obra/2252,exterior_visible
Jardín de las Hespérides,"Mª Teresa Santamaría, Carlos Campos González, Miguel del Rey Aynat, Antonio Gallud Martínez",,39.47751254315743,-0.38826873755892755,3,CTAV2134,CTAV,Espacio público,false,https://arquitecturavalencia.es/img/comprimido/697.jpg,https://guiactav.com/obra/2134,exterior_visible
Parque de la Rambleta,"Carmel Gradolí i Martínez, Arturo Sanz Martínez, Taller de Jardinería Babilonia",,39.445578383313084,-0.3936410337086771,1,CTAV2125,CTAV,Espacio público,false,https://arquitecturavalencia.es/img/comprimido/680.jpg,https://guiactav.com/obra/2125,exterior_visible
Central eléctrica de Nou Molés,Vicente Rodríguez Martín,,39.47144009225507,-0.3943123985334649,3,CTAV2453,CTAV,Patrimonio industrial,false,https://arquitecturavalencia.es/img/comprimido/1355.jpg,https://guiactav.com/obra/2453,exterior_visible
Casa Escrivá (Antiguo Chalet Lloret),Vicente Bochons Llorente,,39.475619131793756,-0.3261137440172534,3,CTAV2478,CTAV,Casas,false,https://arquitecturavalencia.es/img/comprimido/1389.jpg,https://guiactav.com/obra/2478,exterior_visible
Grupo Residencial Agentes Comerciales. Sección D (Finca FERCA),José Luis Testor Gómez,,39.47674271936313,-0.39079054010795233,3,CTAV2291,CTAV,Edificio de viviendas,false,https://arquitecturavalencia.es/img/comprimido/997.jpg,https://guiactav.com/obra/2291,exterior_visible
Grupo Residencial Antonio Rueda,"Vicente Valls Abad, Joaquín García Sanz, Luis Marés Feliu",,39.46478001843494,-0.3975202554903761,3,CTAV2211,CTAV,Edificio de viviendas,false,https://arquitecturavalencia.es/img/comprimido/849.jpg,https://guiactav.com/obra/2211,exterior_visible
Convento de Santa Clara,Ramón Lucini Callejo,,39.472499124550666,-0.3944639376871467,3,CTAV2437,CTAV,Edificio religioso,false,https://arquitecturavalencia.es/img/comprimido/1325.jpg,https://guiactav.com/obra/2437,exterior_visible
Colegio Inmaculado Corazón de María (Congregación Madres Desamparados y San José de la Montaña),Agustín Borrell Sensat,,39.47371140083309,-0.39366911079960365,1,CTAV2257,CTAV,Centro educativo,false,https://arquitecturavalencia.es/img/comprimido/937.jpg,https://guiactav.com/obra/2257,exterior_visible
Edificio Cooperativa Ntra. Sra. Virgen de los Llanos,"Vicente M. Vidal Vidal, Juan Luis Piñón Pallarés, Vicente Colomer Sendra, Luis Alonso de Armiño Pérez",,39.488240485717014,-0.37103604611955643,3,CTAV2185,CTAV,Edificio de viviendas,false,https://arquitecturavalencia.es/img/comprimido/815.jpg,https://guiactav.com/obra/2185,exterior_visible
Grupos Escolares Plan Riada,"Rafael Fernández-Huidobro Pineda, Pablo Pintado y Riba",,39.479220193549345,-0.32863937176861524,1,CTAV2259,CTAV,Centro educativo,false,https://arquitecturavalencia.es/img/comprimido/943.jpg,https://guiactav.com/obra/2259,exterior_visible
Ermita de Vera,,,39.485398045633865,-0.3377520179059223,1,CTAV2637,CTAV,Edificio religioso,false,https://arquitecturavalencia.es/img/comprimido/1614.jpg,https://guiactav.com/obra/2637,exterior_visible
Viviendas experimentales M-IV-SIC,GO.DB. Arquitectos asociados,,39.48190323779768,-0.3868863314115591,2,CTAV2200,CTAV,Casas,false,https://arquitecturavalencia.es/img/comprimido/838.jpg,https://guiactav.com/obra/2200,exterior_visible
Grupo Residencial Virgen de los Llanos,"Juan de Otegui Tellería, Alberto Sanchís Pérez, Rafael Soler Verdú, Vicente M. Vidal Vidal",,39.489203540380984,-0.37185286083080954,1,CTAV2194,CTAV,Edificio de viviendas,false,https://arquitecturavalencia.es/img/comprimido/825.jpg,https://guiactav.com/obra/2194,exterior_visible
Complejo La Petxina (Antiguo Matadero Municipal),Luis Ferreres Soler,,39.47533084320303,-0.3944662259816371,3,CTAV2504,CTAV,Instalación deportiva,false,https://arquitecturavalencia.es/img/comprimido/1417.jpg,https://guiactav.com/obra/2504,exterior_visible
Biblioteca Joanot Martorell (Alquería de Barrinto),,,39.48645919042519,-0.3812369732477623,1,CTAV2655,CTAV,Alquería,false,https://arquitecturavalencia.es/img/comprimido/1659.jpg,https://guiactav.com/obra/2655,exterior_visible
Chalet Montesinos,Luis Ferreres Soler,,39.47980685228071,-0.32614061958830276,2,CTAV2406,CTAV,Casas,false,https://arquitecturavalencia.es/img/comprimido/1177.jpg,https://guiactav.com/obra/2406,exterior_visible
Cementerio,Cristobal Sales,,39.44821122782413,-0.3991641978975471,2,CTAV2578,CTAV,Cementerio,false,https://arquitecturavalencia.es/img/comprimido/1529.jpg,https://guiactav.com/obra/2578,exterior_visible
Bombas Gens,Cayetano Borso di Carminati González,,39.48558708832983,-0.38505632873559986,1,CTAV2369,CTAV,Museo,false,https://arquitecturavalencia.es/img/comprimido/1112.jpg,https://guiactav.com/obra/2369,exterior_visible
Parque de Marxalenes,"Amparo Medina Piles, Taller de Jardinería Babilonia",,39.48711755737708,-0.38231394531363844,3,CTAV2133,CTAV,Espacio público,false,https://arquitecturavalencia.es/img/comprimido/693.jpg,https://guiactav.com/obra/2133,exterior_visible
Edificio multiusos Benimaclet,"Manuel Cerdá Pérez, Joaquín Asensi Roig",,39.49302802730511,-0.3586537179281856,1,CTAV2077,CTAV,Espacio cultural,false,https://arquitecturavalencia.es/img/comprimido/590.jpg,https://guiactav.com/obra/2077,exterior_visible
Casa-Museo Blasco Ibáñez,Vicente Bochons Llorente,,39.48268369267724,-0.325965720822587,1,CTAV2483,CTAV,Museo,false,https://arquitecturavalencia.es/img/comprimido/1394.jpg,https://guiactav.com/obra/2483,exterior_visible
Servicio de emergencias sanitarias de la C.V.,"Mª Dolores Contell Jurado, Juan Miguel Martínez López, Manuel Vega Uyá",,39.4847826407564,-0.38937784111208873,2,CTAV2060,CTAV,Centro de salud,false,https://arquitecturavalencia.es/img/comprimido/557.jpg,https://guiactav.com/obra/2060,exterior_visible
Instituto de educación secundaria Rascanya Antonio Cañuelo,"Jose Manuel Barrera Puigdollers, (Inaval SL)",,39.49438285081639,-0.3607243788834338,2,CTAV2109,CTAV,Centro educativo,false,https://arquitecturavalencia.es/img/comprimido/650.jpg,https://guiactav.com/obra/2109,exterior_visible
Edificio Layetana,"Carmel Gradolí i Martínez, Arturo Sanz Martínez",,39.47010222554603,-0.4023992412317649,2,CTAV2101,CTAV,Edificio de viviendas,false,https://arquitecturavalencia.es/img/comprimido/635.jpg,https://guiactav.com/obra/2101,exterior_visible
Casa de la Música (Alquería de Julià),,,39.47305776108404,-0.40130486848521624,3,CTAV2632,CTAV,Alquería,false,https://arquitecturavalencia.es/img/comprimido/1607.jpg,https://guiactav.com/obra/2632,exterior_visible
Iglesia de Nuestra Señora del Sagrado Corazón,,,39.49474958688021,-0.36613841792234264,3,CTAV2641,CTAV,Edificio religioso,false,https://arquitecturavalencia.es/img/comprimido/1626.jpg,https://guiactav.com/obra/2641,exterior_visible
Centro de actividades de personas mayores Sant Pau,Adolfo Herrero Colás,,39.477189026219044,-0.39950067995141786,1,CTAV2112,CTAV,Centro de día,false,https://arquitecturavalencia.es/img/comprimido/653.jpg,https://guiactav.com/obra/2112,exterior_visible
Centro de Salud Campanar,San Juan Arquitectura SL,,39.47750072315866,-0.4002694188899606,1,CTAV2106,CTAV,Centro de salud,false,https://arquitecturavalencia.es/img/comprimido/644.jpg,https://guiactav.com/obra/2106,exterior_visible
Depósito Sur y Talleres centrales de la EMT,"Miguel Colomina Barberá, Luis Carratalá Calvo, Juan Luis Piñón Pallarés",,39.44973091627187,-0.4053263319237391,2,CTAV2152,CTAV,Transporte,false,https://arquitecturavalencia.es/img/comprimido/733.jpg,https://guiactav.com/obra/2152,exterior_visible
Ciudad Administrativa 9 de Octubre (Antigua Cárcel Modelo),Joaquín Mª Belda Ibáñez,,39.47163846480393,-0.40405419421981537,2,CTAV2512,CTAV,Edificio administrativo,false,https://arquitecturavalencia.es/img/comprimido/1428.jpg,https://guiactav.com/obra/2512,exterior_visible
Instituto Conselleria,"Carlos Salvadores Navarro, Manuel Giménez Condón",,39.485002482318265,-0.39351177205841253,1,CTAV2174,CTAV,Centro educativo,false,https://arquitecturavalencia.es/img/comprimido/800.jpg,https://guiactav.com/obra/2174,exterior_visible
Iglesia de Nuestra Señora de la Misericordia de Campanar,,,39.4819793966207,-0.3973360272081764,3,CTAV2630,CTAV,Edificio religioso,false,https://arquitecturavalencia.es/img/comprimido/1605.jpg,https://guiactav.com/obra/2630,exterior_visible
Grupo Residencial Virgen de la Fuensanta,"Mauro Lleó Serret, José Ramón Pons Ibáñez, J. Antonio Pastor Pastor, Carlos Soria Pérez, Camilo Grau Soler",,39.46490064424324,-0.4069156392195011,3,CTAV2261,CTAV,Edificio de viviendas,false,https://arquitecturavalencia.es/img/comprimido/950.jpg,https://guiactav.com/obra/2261,exterior_visible
Convento de Recoletas de San Agustín,Manuel Peris Ferrando,,39.48931805106459,-0.3877522360524084,3,CTAV2418,CTAV,Edificio religioso,false,https://arquitecturavalencia.es/img/comprimido/1192.jpg,https://guiactav.com/obra/2418,exterior_visible
Instituto Valenciano de Infertilidad (IVI),"Dolores Alonso Vera, Javier García-Solera Vera",,39.47919409439276,-0.4005558195895608,1,CTAV2130,CTAV,Centro de salud,false,https://arquitecturavalencia.es/img/comprimido/687.jpg,https://guiactav.com/obra/2130,exterior_visible
Torre Solar,Ábalos + Sentkiewicz AS +,,39.43453264099487,-0.3968881595727382,1,CTAV2057,CTAV,Edificio de viviendas,false,https://arquitecturavalencia.es/img/comprimido/550.jpg,https://guiactav.com/obra/2057,exterior_visible
Hospital General,Luis Albert Ballesteros,,39.46850600391681,-0.40777730266183576,2,CTAV2292,CTAV,Centro de salud,false,https://arquitecturavalencia.es/img/comprimido/998.jpg,https://guiactav.com/obra/2292,exterior_visible
Pont Nou d´Octubre,Santiago Calatrava Valls,,39.473849809967135,-0.40577228710285457,1,CTAV2683,CTAV,Puentes,false,https://arquitecturavalencia.es/img/comprimido/1851.jpg,https://guiactav.com/obra/2683,exterior_visible
Fábrica de mayólicas La Ceramo,,,39.49049635020614,-0.39082292029865773,1,CTAV2514,CTAV,Patrimonio industrial,false,https://arquitecturavalencia.es/img/comprimido/1431.jpg,https://guiactav.com/obra/2514,exterior_visible
Museo de Historia de València (Antiguo depósito de agua),"Idelfonso Cerdá Sunyer (Ing.), Leodegario Marchessaux (Ing.)",,39.472515089127455,-0.40828425180617195,2,CTAV2568,CTAV,Museo,false,https://arquitecturavalencia.es/img/comprimido/1513.jpg,https://guiactav.com/obra/2568,exterior_visible
Centro de Salud Miguel Servet,Tomás Guitarte Gimeno,,39.48804375083302,-0.3954671631851005,3,CTAV2118,CTAV,Centro de salud,false,https://arquitecturavalencia.es/img/comprimido/661.jpg,https://guiactav.com/obra/2118,exterior_visible
Escuelas Profesionales San José,"Cayetano Borso di Carminati González, Rafael Contel Comenge",,39.48626247053097,-0.3979210197762126,1,CTAV2235,CTAV,Centro educativo,false,https://arquitecturavalencia.es/img/comprimido/897.jpg,https://guiactav.com/obra/2235,exterior_visible
Colegio Pureza de María,Mauro Lleó Serret,,39.470353341053645,-0.4094361730550141,2,CTAV2225,CTAV,Centro educativo,false,https://arquitecturavalencia.es/img/comprimido/875.jpg,https://guiactav.com/obra/2225,exterior_visible
Escuela infantil municipal y Colegio de educación infantil y primaria Pinedo,"Luís Francisco Herrero García, Carlos Ferrandis Guillén",,39.422195566358816,-0.335263123114281,2,CTAV2091,CTAV,Centro educativo,false,https://arquitecturavalencia.es/img/comprimido/612.jpg,https://guiactav.com/obra/2091,exterior_visible
Ermita de San Miguel de Soternes,,,39.46882664116538,-0.4104234288094025,1,CTAV2657,CTAV,Edificio religioso,false,https://arquitecturavalencia.es/img/comprimido/1661.jpg,https://guiactav.com/obra/2657,exterior_visible
Biblioteca Valenciana (Monasterio de San Miguel de los Reyes),"Alonso de Covarrubias, Juan de Vidaña",,39.49932940053045,-0.36909091191561655,2,CTAV2629,CTAV,Biblioteca,false,https://arquitecturavalencia.es/img/comprimido/1603.jpg,https://guiactav.com/obra/2629,exterior_visible
Parque de Cabecera,"Arancha Muñoz Criado, Eduardo de Miguel Arbonés, Vicente Corell Farinós",,39.4752370649421,-0.40820630915353723,3,CTAV2119,CTAV,Espacio público,false,https://arquitecturavalencia.es/img/comprimido/662.jpg,https://guiactav.com/obra/2119,exterior_visible
Cruz de Mislata,,,39.472797337759474,-0.40945857590952245,2,CTAV2697,CTAV,Cruces de término,false,https://arquitecturavalencia.es/img/comprimido/1847.jpg,https://guiactav.com/obra/2697,exterior_visible
Biblioteca municipal Carmelina Sánchez-Cutillas,"Manuel Cerdá Pérez, Joaquín Asensi Roig",,39.494352083234695,-0.38725370187257724,2,CTAV2076,CTAV,Biblioteca,false,https://arquitecturavalencia.es/img/comprimido/589.jpg,https://guiactav.com/obra/2076,exterior_visible
Ciudad Ros Casares,"Mark Fenwick, Javier Iribarren",,39.46061023587955,-0.41291098904405255,1,CTAV2095,CTAV,Oficina,false,https://arquitecturavalencia.es/img/comprimido/617.jpg,https://guiactav.com/obra/2095,exterior_visible
CREAP. Centro de atención a personas con trastorno mental grave,"Pablo Peñín Llobell, Alberto Peñín Ibáñez, Alberto Peñín Llobell",,39.48153046058921,-0.4047500084499669,3,CTAV2094,CTAV,Centro de salud,false,https://arquitecturavalencia.es/img/comprimido/619.jpg,https://guiactav.com/obra/2094,exterior_visible
Fundación de Oftalmología Médica,"Tomás Guitarte Gimeno, Jose María Canosa Nuñez",,39.480974556901636,-0.4060504735760344,2,CTAV2117,CTAV,Centro de salud,false,https://arquitecturavalencia.es/img/comprimido/660.jpg,https://guiactav.com/obra/2117,exterior_visible
Alquería de Falcó,,,39.49813983352445,-0.3806623944937641,1,CTAV2621,CTAV,Alquería,false,https://arquitecturavalencia.es/img/comprimido/1590.jpg,https://guiactav.com/obra/2621,exterior_visible
Edificio SEAT,Mauro Lleó Serret,,39.470522561113846,-0.41204083487293264,3,CTAV2212,CTAV,Oficina,false,https://arquitecturavalencia.es/img/comprimido/854.jpg,https://guiactav.com/obra/2212,exterior_visible
Centro multifuncional Casa Caridad,"Miguel del Rey Aynat, Juan Ignacio Fuster Marco",,39.494415564717436,-0.39043994468026616,3,CTAV2073,CTAV,Casa de caridad,false,https://arquitecturavalencia.es/img/comprimido/586.jpg,https://guiactav.com/obra/2073,exterior_visible
Escuela infantil municipal Sant Pau,"José Martí Cunquero, Dolors Aparici Galdón",,39.48514261751645,-0.405418574952019,3,CTAV2078,CTAV,Centro educativo,false,https://arquitecturavalencia.es/img/comprimido/592.jpg,https://guiactav.com/obra/2078,exterior_visible
Edificio de oficinas de FGV,Carlos Salvadores Navarro,,39.441007446874444,-0.41200101989903315,1,CTAV2157,CTAV,Oficina,false,https://arquitecturavalencia.es/img/comprimido/759.jpg,https://guiactav.com/obra/2157,exterior_visible
Alqueria Fonda,,,39.50163519392835,-0.3802748821243561,1,CTAV2656,CTAV,Alquería,false,https://arquitecturavalencia.es/img/comprimido/1660.jpg,https://guiactav.com/obra/2656,exterior_visible
Alquería Nova de Sant Josep,,,39.50010928175839,-0.38479921029817643,1,CTAV2576,CTAV,Alquería,false,https://arquitecturavalencia.es/img/comprimido/1527.jpg,https://guiactav.com/obra/2576,exterior_visible
Parque de Benicalap,Luis Jiménez de la Iglesia,,39.49761881321957,-0.3966510930472616,3,CTAV2179,CTAV,Espacio público,false,https://arquitecturavalencia.es/img/comprimido/806.jpg,https://guiactav.com/obra/2179,exterior_visible
Jardín de Polifilo,"Citerea SL, Carmen Añón Feliú, Jonathan Maher",,39.492353933416695,-0.40469714951478675,3,CTAV2138,CTAV,Espacio público,false,https://arquitecturavalencia.es/img/comprimido/707.jpg,https://guiactav.com/obra/2138,exterior_visible
Edificio Torre Luz (Torre Ikon),Ricardo Bofill,,39.494254550819065,-0.402788094449319,2,CTAV2061,CTAV,Edificio de viviendas,false,https://arquitecturavalencia.es/img/comprimido/558.jpg,https://guiactav.com/obra/2061,exterior_visible
Alquería dels Moros,,,39.499187575930556,-0.39600705439321293,2,CTAV2673,CTAV,Alquería,false,https://arquitecturavalencia.es/img/comprimido/1691.jpg,https://guiactav.com/obra/2673,exterior_visible
Palacio de Congresos,Norman Foster (Foster & Partners),,39.49622789818862,-0.40203635992752224,3,CTAV2150,CTAV,Espacio cultural,false,https://arquitecturavalencia.es/img/comprimido/726.jpg,https://guiactav.com/obra/2150,exterior_visible
Alquería de la Torre,,,39.49965610832501,-0.3973026677191845,2,CTAV2598,CTAV,Alquería,false,https://arquitecturavalencia.es/img/comprimido/1558.jpg,https://guiactav.com/obra/2598,exterior_visible
Cruz cubierta de Almàssera,,,39.512219982233155,-0.36348541191638084,2,CTAV2698,CTAV,Cruces de término,false,https://arquitecturavalencia.es/img/comprimido/1848.jpg,https://guiactav.com/obra/2698,exterior_visible
Iglesia de Santa Ana de Borbotó,Antonio Gilabert Fornés,,39.51529152087486,-0.39047080577223137,2,CTAV2583,CTAV,Edificio religioso,false,https://arquitecturavalencia.es/img/comprimido/1535.jpg,https://guiactav.com/obra/2583,exterior_visible
Parque Lineal de Benimamet,Oficina Técnica TES,,39.50188923962495,-0.417226922713759,1,CTAV2067,CTAV,Espacio público,false,https://arquitecturavalencia.es/img/comprimido/567.jpg,https://guiactav.com/obra/2067,exterior_visible
Velódromo Lluís Puig,"Luis Hernández Úbeda, Victor Iñurria Montero",,39.50068930535216,-0.42728363659380675,3,CTAV2163,CTAV,Instalación deportiva,false,https://arquitecturavalencia.es/img/comprimido/767.jpg,https://guiactav.com/obra/2163,exterior_visible
Feria Valencia,"Guillaume Jullian de la Fuente, Román Jiménez Iranzo, Carlos Soria Pérez, José Oubrerie",,39.503699962373645,-0.428780764727463,2,CTAV2198,CTAV,"Mercado, Feria",false,https://arquitecturavalencia.es/img/comprimido/831.jpg,https://guiactav.com/obra/2198,exterior_visible
Casa de la Demanà,,,39.38240211276177,-0.3333456725996557,3,CTAV2597,CTAV,Casas,false,https://arquitecturavalencia.es/img/comprimido/1557.jpg,https://guiactav.com/obra/2597,exterior_visible
Parque de Bomberos El Saler,"Josep Cano Pérez, Consuelo Morató Moreno",,39.360643573195404,-0.3278145747043894,2,CTAV2113,CTAV,Parque de bomberos,false,https://arquitecturavalencia.es/img/comprimido/654.jpg,https://guiactav.com/obra/2113,exterior_visible
Poblado de verano Les Gavines,GO.DB. Arquitectos asociados,,39.35600466536905,-0.3241417576719382,2,CTAV2197,CTAV,Casas,false,https://arquitecturavalencia.es/img/comprimido/829.jpg,https://guiactav.com/obra/2197,exterior_visible
Parador nacional de turismo Luis Vives,"Jose María Canosa Nuñez, Fernando Martinez Hoz, (Arquitectura y Urbanismo Tres)",,39.32074886134444,-0.30216901996211976,2,CTAV2099,CTAV,"Hotel, Colegio Mayor",false,https://arquitecturavalencia.es/img/comprimido/633.jpg,https://guiactav.com/obra/2099,exterior_visible
Grupo Residencial Marqués de Valterra,Carlos de Miguel González,,39.30815271979137,-0.2979744605758634,2,CTAV2282,CTAV,Edificio de viviendas,false,https://arquitecturavalencia.es/img/comprimido/981.jpg,https://guiactav.com/obra/2282,exterior_visible
Urbanización Tres Carabelas (Recatí II),"Vicente Valls Abad, Joaquín García Sanz",,39.287778573726555,-0.28297134539841506,3,CTAV2218,CTAV,Edificio de viviendas,false,https://arquitecturavalencia.es/img/comprimido/863.jpg,https://guiactav.com/obra/2218,exterior_visible
