nombre_obra,arquitecto,año_construccion,latitud,longitud,importancia,id,añadido_por,categoria,visitable,foto_url,enlace_url,estado_acceso
Edificio Noble I.E.S. Cardenal López de Mendoza,,1538,42.3367712,-3.7045235,3,NTJI7307X8E2,OpenStreetMap,,True,,,exterior_visible
Plaza de Toros,,1711,40.3786057,-5.7614939,3,65V7J06BDP8M,OpenStreetMap,,True,,,exterior_visible
La Isla Residencial,Eduardo Adaro Magro,,42.3376576,-3.7074648,3,COM165L1MZ34,OpenStreetMap,,True,,,exterior_visible
,Saturnino Martínez Ruiz,,42.3441767,-3.6998538,3,90LG8LDL6N27,OpenStreetMap,,True,,,exterior_visible
,Martín Tárrega Pérez,,42.3465239,-3.6837807,3,33N48POO8BN4,OpenStreetMap,,True,,,exterior_visible
,Francisco Coello de Portugal,,40.9692545,-5.6351712,3,VQ059YND946E,OpenStreetMap,,True,,,exterior_visible
Hospital de la Concepción,,1567,42.3359529,-3.701121,3,L61FBCGB6462,OpenStreetMap,,True,,,exterior_visible
,Vicente Lampérez y Romea,1909-03-19,42.3372917,-3.7043185,3,03LD5WFE5K16,OpenStreetMap,,True,,,exterior_visible
Muralla romana de Lugo,,263..276,43.0097438,-7.5539662,3,586V16BBQ0TX,OpenStreetMap,,True,,,exterior_visible
Palacio de Castilfalé,,1550,42.3412912,-3.7051823,3,9F09NO99AMJ0,OpenStreetMap,,True,"Category:Palacio de Castilfalé, Burgos",,exterior_visible
Palacio Arzobispal-Casa de la Iglesia,Julián de Apraiz;Juan Luque,1916,42.3391966,-3.7070153,3,99ZA33H2R0FQ,OpenStreetMap,,True,,,exterior_visible
Las Adelas,Arturo Mélida,1879,42.3405586,-3.7123342,3,Y7W7ND87L5K5,OpenStreetMap,,True,,,exterior_visible
,José Luis Gutiérrez Martínez,15-12-1929,42.3425559,-3.7121213,3,I64D9W3PB5S2,OpenStreetMap,,True,,,exterior_visible
Igrexa de San Pedro,,C13,43.0114621,-7.5581625,3,4ED1P01H9TJ8,OpenStreetMap,,True,,,exterior_visible
,José Luis Gutiérrez Martínez,1946,42.341901,-3.6963475,3,05B8T620ANMJ,OpenStreetMap,,True,,,exterior_visible
,Jose Antonio Olano López de Letona,,42.3476911,-3.6953957,3,729DNV18R4NQ,OpenStreetMap,,True,,,exterior_visible
Colexio de San Clemente,,1609,42.8781715,-8.5471917,3,EDG3925LUG02,OpenStreetMap,,True,Category:Colexio de San Clemente (Santiago de Compostela),,exterior_visible
Concello do Porriño,Antonio Palacios Ramilo,,42.161881,-8.6205769,3,2WUV23PJ93Z3,OpenStreetMap,,True,Category:Casa do Concello of O Porriño,,exterior_visible
,Luis Gutiérrez Soto,,40.4105411,-3.7089137,3,Y4YD21HQ4Z29,OpenStreetMap,,True,,,exterior_visible
,Luis Gutiérrez Soto,,40.4101629,-3.7086443,3,R5YVE924QT82,OpenStreetMap,,True,,,exterior_visible
Igrexa de San Martiño de Noia,,1434,42.7822423,-8.8886138,3,YT06A9H02A2D,OpenStreetMap,,True,,,exterior_visible
Casa de Mateus,Nicolau Nasoni,1744,41.2968102,-7.7125634,3,KV215LG076CV,OpenStreetMap,,True,,,exterior_visible
Centro de Recreo y Descanso San José,Enrique Rodríguez Bustelo,1946,43.3625839,-5.8441071,3,U44L8SIB3T87,OpenStreetMap,,True,,,exterior_visible
Biblioteca Municipal,Álvaro Siza Vieira,2008,41.6913243,-8.8271833,3,7NO7181L3GQT,OpenStreetMap,,True,,,exterior_visible
Tribunal de Oliveira de Azeméis,Carlos João Chambers Ramos,,40.8392685,-8.4770978,3,39KB5IYS3M87,OpenStreetMap,,True,,,exterior_visible
,Aripa Arquitectos,,40.5309089,-7.2778039,3,Q14JRDA82B69,OpenStreetMap,,True,,,exterior_visible
Antiga Faculdade de Medicina,Lucínio Cruz,,40.208795,-8.4238867,3,06YKVY569XF2,OpenStreetMap,,True,,,exterior_visible
Palácio da Justiça de Coimbra,Luís Amoroso Lopes,,40.2140592,-8.4323819,3,7MJ1N11Z78XQ,OpenStreetMap,,True,,,exterior_visible
Tribunal de Barcelos,Luís Pádua Ramos,,41.5306602,-8.6176456,3,15K147LPTL8K,OpenStreetMap,,True,,,exterior_visible
Conservatória do Registo Civil da Guarda,Luís Cristino da Silva,,40.5384833,-7.2669374,3,32PL06U92VRW,OpenStreetMap,,True,"Category:Edifício da Caixa Geral de Depósitos, CGD, da Guarda",,exterior_visible
Estadio Helmántico,,1970,40.9958709,-5.6658377,3,4M0U24F30SRJ,OpenStreetMap,,True,,,exterior_visible
Palacio Episcopal,,1550,40.9518209,-4.1242677,3,AU3485W3E2KG,OpenStreetMap,,True,,,exterior_visible
Cabaña de Hijedo,,1913,42.9176603,-3.9600566,3,1E2D2R78AFT3,OpenStreetMap,,True,,,exterior_visible
Mosteiro de Celas,,1221,40.215166,-8.4120741,3,98A266ECK2SX,OpenStreetMap,,True,,,exterior_visible
Estádio Municipal 25 de Abril,,1934-01-21,41.212067,-8.2769915,3,3HSQ3D2S3Z54,OpenStreetMap,,True,,,exterior_visible
Convento de San Miguel,,1592,42.7725357,-3.1785327,3,7089ALAR79SM,OpenStreetMap,,True,,,exterior_visible
Paço Episcopal do Porto,Nicolau Nasoni,C18,41.1422475,-8.6112766,3,3O5NL7WI4Z90,OpenStreetMap,,True,Category:Paço Episcopal do Porto,,exterior_visible
Palacio de los Pizarro,,1562,39.4602931,-5.881726,3,84M13UT2P8ES,OpenStreetMap,,True,,,exterior_visible
Edifício da Caixa Geral de Depósitos,Porfírio Pardal Monteiro,,41.1478172,-8.6104819,3,669NM3GOW59D,OpenStreetMap,,True,Category:Edifício da Caixa Geral de Depósitos (Avenida dos Aliados),,exterior_visible
Câmara Municipal do Porto,"António Correia da Silva, arq.;Carlos Ramos, arq.",,41.1503187,-8.6108006,3,45C5LO6P3KV6,OpenStreetMap,,True,Category:Edifício da Câmara Municipal do Porto,,exterior_visible
Mercado do Bolhão,Correia da Silva,,41.1487125,-8.6071189,3,C6DW78G36EX2,OpenStreetMap,,True,Category:Mercado do Bolhão,,exterior_visible
Reitoria da Universidade do Porto,Carlos Amarante,,41.1469115,-8.6160374,3,ZLL21H893B6J,OpenStreetMap,,True,Category:Reitoria da Universidade do Porto,,exterior_visible
Palacio de Juan II,,C13,41.0872709,-4.9957363,3,F28W7HT06AX5,OpenStreetMap,,True,File:Convento_de_Nuestra_Señora_de_Gracia._09.JPG,,exterior_visible
Real Monasterio de Santo Tomás,,C15,40.6506583,-4.6891109,3,9QMG659Q53UT,OpenStreetMap,,True,,,exterior_visible
Fundación Comillas,Joan Martorell;Lluís Domènech i Montaner,,43.3868982,-4.2986046,3,8DIW380TM49Q,OpenStreetMap,,True,,,exterior_visible
,Luís Amoroso Lopes,,40.0595491,-8.6244304,3,OXQ9X1A2919T,OpenStreetMap,,True,Category:Tribunal de Soure,,exterior_visible
Palacio de Hielo y del Automóvil,"Edmond De Lune, Gabriel Abreu Barreda, Fernando García Mercadal, Pedro Muguruza, Miguel Fisac y Ricardo Fernández Vallespín",1920,40.4153517,-3.6959706,3,765K33MN1SZR,OpenStreetMap,,True,,,exterior_visible
Catedral de Nuestra Señora del Pilar de Justo Gallego Martínez,Justo Gallego Martínez,,40.394378,-3.4884233,3,7X2CJ1TQJ874,OpenStreetMap,,True,,,exterior_visible
Estabelecimento Prisional de Alcoentre,Cottinelli Telmo,,39.2114572,-8.9606743,3,5HP9F5Q93YZ8,OpenStreetMap,,True,,,exterior_visible
Mercado Municipal los Mostenses,,1946,40.4233571,-3.7096394,3,81OHV58V51QY,OpenStreetMap,,True,,,exterior_visible
Tribunal Judicial de Rio Maior,Sebastião Formosinho Sanchez,,39.335635,-8.9331835,3,LB0I4Z6578RC,OpenStreetMap,,True,Category:Tribunal Judicial de Rio Maior,,exterior_visible
Palacio del Congreso de los Diputados,Narciso Pascual Colomer,1850-10-31,40.4162358,-3.6970068,3,7DC3XK0X98I2,OpenStreetMap,,True,,,exterior_visible
Tribunal de Mogadouro,Raul Rodrigues Lima,,41.3416356,-6.7141876,3,0L3Y7774ODTK,OpenStreetMap,,True,File:Tribunal de Mogadouro - Portugal 02.jpg,,exterior_visible
Palacio de Linares,Adolf Ombrecht,1877,40.419885,-3.6923027,3,23L2I9I4BOR7,OpenStreetMap,,True,Category:Palacio_de_Linares,,exterior_visible
Seminário do Imaculado Coração de Maria,Vasco Regaleira,,39.3043547,-7.4315464,3,3YB253XYYK70,OpenStreetMap,,True,,,exterior_visible
Casa Palacio Pablo del Puerto,Miguel de Olabarría Zuaxuabar;Benito González del Valle y Fernández Galán,1905,40.4289432,-3.6899478,3,7EG200IU4I1C,OpenStreetMap,,True,,,exterior_visible
Cuartel General Marqués de la Ensenada,,1776,41.3028306,-4.9138986,3,18ZHL81PLA14,OpenStreetMap,,True,,,exterior_visible
,Emilio Ortiz de Villajos Müller,1930,40.4221696,-3.7082082,3,D804TXB0IM61,OpenStreetMap,,True,,,exterior_visible
Palácio do Comércio,Henrique Moreira (escultura);David Moreira da Silva e Maria José Marques da Silva (Projecto do Edifício),1947..1955,41.1503167,-8.6072529,3,T72PF076E1FK,OpenStreetMap,,True,Category:Palácio do Comércio (Porto),,exterior_visible
Palácio dos Figuerôas,,C16,41.1440253,-8.6135647,3,BIG0O06S6K10,OpenStreetMap,,True,File:Casa Companhia (Porto).JPG,,exterior_visible
,Júlio de Brito,,41.1488706,-8.6103982,3,RRV54218LNP8,OpenStreetMap,,True,Category:Edifício da Companhia de Fiação e Tecidos de Fafe,,exterior_visible
Pasaje Mutualidad,,1952,40.4252475,-3.7009694,3,FP4X4S2890IR,OpenStreetMap,,True,,,exterior_visible
Centro Comercial Abella,,2015-11-18,43.0141893,-7.5739065,3,F6UJ5495S8XN,OpenStreetMap,,True,,,exterior_visible
,Manuel Norte Júnior,,40.4243296,-8.4627133,3,62F11Y5XVIG2,OpenStreetMap,,True,,,exterior_visible
Centro Hospitalar Nossa Senhora da Nazaré,,1878,39.6054543,-9.0776195,3,46Q1TXIYE829,OpenStreetMap,,True,,,exterior_visible
Capela de São Pedro,,1941-05-22,39.5991198,-9.069083,3,80OJ97P53APE,OpenStreetMap,,True,,,exterior_visible
Palazzo Reale,Fernando Arbós y Tremanti,,40.4273275,-3.690769,3,4Z64YSDT28H9,OpenStreetMap,,True,,,exterior_visible
Palacio da Justiça do Fundão,José Sousa Seco,,40.1396675,-7.5037827,3,664M08JDW8AN,OpenStreetMap,,True,,,exterior_visible
Antigo tribunal de Santa Maria da Feira,Alfredo Evangelista Viana de Lima,1977,40.9286171,-8.5450682,3,Q9GW35VNY596,OpenStreetMap,,True,,,exterior_visible
Tribunal de Baião,Agostinho Ricca,,41.1636281,-8.0341702,3,6VF0M95U16MH,OpenStreetMap,,True,,,exterior_visible
Convento de Cristo,,1160,39.6035274,-8.4188726,3,1XU174V6EG1Q,OpenStreetMap,,True,,,exterior_visible
Clube Estrela Azul,,1981-03-01,40.6825102,-8.6017885,3,5MKMART08255,OpenStreetMap,,True,,,exterior_visible
Estadio Municipal El Toralín,,2000-09-05,42.5578164,-6.6008201,3,ZFUY84447A3G,OpenStreetMap,,True,,,exterior_visible
Residencia Universitaria Monte da Condesa,,1989,42.8775713,-8.5592068,3,L5446OEPJ13D,OpenStreetMap,,True,,,exterior_visible
Residencia Universitaria José Pérez de Vargas,Ferrovial,,40.4061333,-3.6124479,3,45AE48R3R5PW,OpenStreetMap,,True,,,exterior_visible
Plaza de Toros,,1805,40.9409491,-4.1072247,3,8WFET3IA7354,OpenStreetMap,,True,,,exterior_visible
Centro Comercial Área Central,,1993,42.8830693,-8.5262102,3,QQBG08167C7R,OpenStreetMap,,True,,,exterior_visible
Casa Cuartel,,1960-12,43.2544994,-4.0667189,3,8N48OF8WX89L,OpenStreetMap,,True,,,exterior_visible
Casa dos Arcos,,C19?,40.7786937,-7.3487338,3,CJH465V30P7Y,OpenStreetMap,,True,,,exterior_visible
,Tomás Taveira,,40.6468462,-8.5936994,3,21E8C9VH68QM,OpenStreetMap,,True,,,exterior_visible
,Nicolau Nasoni,,41.1744518,-8.6325155,3,263BWM4SD95Z,OpenStreetMap,,True,File:Torre da prelada.png,,exterior_visible
Planetario de Madrid,,29-09-1986,40.3924274,-3.6848812,3,II8807GKU0M0,OpenStreetMap,,True,,,exterior_visible
Edificio Siboney,José Enrique Marrero Regalado,1931,43.4634483,-3.7949869,3,1F035DPHMI04,OpenStreetMap,,True,,,exterior_visible
,Gonzalo Bringas Vega,1923,43.4635497,-3.7964071,3,9C79L4E7GI6N,OpenStreetMap,,True,,,exterior_visible
,Valentín Ramón Lavín Casalís,1906,43.463416,-3.7957312,3,7HZRQY79Y418,OpenStreetMap,,True,,,exterior_visible
Pazo do Cotón,,C14,42.9075571,-8.738603,3,XYM827XS51R4,OpenStreetMap,,True,,,exterior_visible
,Antonio Zabaleta,1838,43.4629736,-3.802444,3,V9I5L3GF985X,OpenStreetMap,,True,,,exterior_visible
Convento de Las Reparadoras,,1931,43.4622923,-3.813589,3,WC3P56Z7V24X,OpenStreetMap,,True,,,exterior_visible
Convento Agustino de Extramuros,,C14,41.0823911,-5.0037015,3,G390XL5XUT90,OpenStreetMap,,True,,,exterior_visible
Núcleo Museológico da Torre de Menagem,,1324,39.7469496,-8.8097333,3,Q7A12OZF5U02,OpenStreetMap,,True,,,exterior_visible
Caixa Geral de Depósitos,António Reis Camelo,,40.2119554,-8.4291856,3,E55QN1RT728Z,OpenStreetMap,,True,,,exterior_visible
Casa Molina,,1915,43.3698849,-8.3949892,3,S4PGW43B65E4,OpenStreetMap,,True,"Category:Casa Molina, A Coruña",,exterior_visible
Edifício dos Correios,Raul Espada Cruz,1941,41.297492,-7.7463952,3,AB8873JJYY30,OpenStreetMap,,True,,,exterior_visible
Seminário Diocesano de Vila Real,,1926,41.2980984,-7.7463155,3,ZL493PV878MH,OpenStreetMap,,True,,,exterior_visible
Antiga Cadeia da Comarca de Vila Real,Cottinelli Telmo,1941-03,41.3083262,-7.7409238,3,2HF6FM8I160K,OpenStreetMap,,True,,,exterior_visible
Tribunal Judicial da Comarca de Viseu,,2003,40.6667084,-7.9175661,3,NBYV8K400W53,OpenStreetMap,,True,,,exterior_visible
Casal de Fabeiro,,1884,42.9059827,-8.7402615,3,GTM05VHO7318,OpenStreetMap,,True,,,exterior_visible
Palacio Real de Riofrío,,1751,40.8730837,-4.1501764,3,13C2JWZ31ME0,OpenStreetMap,,True,File:Riofrio_-_Palacio_Real_01.JPG,,exterior_visible
Solar do Souto,,C18,41.4706181,-8.0452155,3,899N3ML5E1SE,OpenStreetMap,,True,,,exterior_visible
Monasterio de San Pelayo,,934,41.8736553,-4.1656047,3,8H14MTOD84I3,OpenStreetMap,,True,,,exterior_visible
Plaza de toros de Villafranca de la Sierra,,1854,40.4957869,-5.2317537,3,L558BUVM6C04,OpenStreetMap,,True,,,exterior_visible
Palácio da Justiça de Vila Real,Raul Rodrigues Lima,1956,41.297806,-7.7459152,3,7W6D0O7O6TY6,OpenStreetMap,,True,File:Tribunal de Vila Real - Portugal (2202921452).jpg,,exterior_visible
Solar dos Viscondes de Santa Marta,,C18,41.2111383,-7.7872997,3,U128NJ0J8R8U,OpenStreetMap,,True,,,exterior_visible
Estadio El Sardinero,,1988,43.476567,-3.7942868,3,V37MPN2Q676I,OpenStreetMap,,True,,,exterior_visible
Complejo Cultural Los Arenales,,1899,43.4542977,-3.8143147,3,42E9K5VK1UY4,OpenStreetMap,,True,,,exterior_visible
Plaza de Toros,,1904,39.6488353,-3.8785244,3,79V7LKS89I5B,OpenStreetMap,,True,,,exterior_visible
Convento de La Coria,,C15,39.4609255,-5.8857907,3,D1TP41EW03J3,OpenStreetMap,,True,,,exterior_visible
Residência Paroquial de Tões,,1955,41.0973207,-7.7165093,3,5ZD2765FQJH8,OpenStreetMap,,True,,,exterior_visible
Concello de Ortigueira,,C14,43.684813,-7.8550379,3,7IP881NRX5M4,OpenStreetMap,,True,,,exterior_visible
Palacio de las Torres,,C18,39.6931978,-3.5031333,3,083OJ88HDDO6,OpenStreetMap,,True,,,exterior_visible
Horto Urbano da Paxareira de San Diego,,2000,43.3536885,-8.3892065,3,UZ77R8788OSF,OpenStreetMap,,True,,,exterior_visible
Monumento ao Espírito Feirense,José Aurélio,1981-04-25,40.9619789,-8.5383023,3,C6J55556OCQW,OpenStreetMap,,True,,,exterior_visible
Pabellón de los Hexágonos,José Antonio Corrales;Ramón Vázquez Molezún,,40.4128537,-3.7426169,3,ATJ249DAV676,OpenStreetMap,,True,,,exterior_visible
Castillo de las Arguijuelas de Arriba,,C16,39.3462827,-6.3333386,3,VK0R48KLL791,OpenStreetMap,,True,,,exterior_visible
Casa-palacio del Marqués de Viluma,,1857,40.4235416,-3.6965038,3,WBMV26W486Q6,OpenStreetMap,,True,,,exterior_visible
Hospital Quirónsalud Valle del Henares,,2021-10-04,40.4666953,-3.4410603,3,Y3MJ256F6ER5,OpenStreetMap,,True,,,exterior_visible
Palacio de Santa Bárbara,,1866-01-01,40.4261172,-3.6972211,3,RV908I0AJ6T3,OpenStreetMap,,True,,,exterior_visible
Tribunal de Tomar,Januário Godinho,,39.6010222,-8.4139448,3,8J31LEV4U42T,OpenStreetMap,,True,,,exterior_visible
Convento de Santa Ana,,C15,43.0991485,-3.2842271,3,9Z635O7PSIQ5,OpenStreetMap,,True,"Category:Convent of Santa Ana, Villasana de Mena",,exterior_visible
Centro Pastoral Paulo VI,,1982-05-13,39.6280867,-8.6779752,3,5F064YG4REF0,OpenStreetMap,,True,,,exterior_visible
Igreja de São João Baptista da Foz do Douro,,C16,41.1492854,-8.6688586,3,L5S9523KU9KX,OpenStreetMap,,True,Category:Igreja de São João Baptista (Foz do Douro),,exterior_visible
Estación Marítima de Santander,Ricardo Lorenzo García,1971,43.4594777,-3.806133,3,Q2WJ127M8PO4,OpenStreetMap,,True,,,exterior_visible
Estación Marítima de Santander,Ricardo Lorenzo García,1971,43.4594777,-3.806133,3,7D5NY9AK287W,OpenStreetMap,,True,,,exterior_visible
Palácio da Justiça de Arganil,João Alves,,40.2186681,-8.0553215,3,2MI9W4BEB421,OpenStreetMap,,True,,,exterior_visible
Casa da Calçada,,1715,41.218378,-7.5684655,3,4K4J3C3O9TU8,OpenStreetMap,,True,,,exterior_visible
Búnker de los Barberos,,1936..1939,40.9283529,-4.0656337,3,9HX8A911IB3G,OpenStreetMap,,True,File:Búnker_Palazuelos.jpg,,exterior_visible
Castillo de Casarrubios del Monte,,C15,40.1875778,-4.0375359,3,94QV526I4GDE,OpenStreetMap,,True,,,exterior_visible
Iglesia de Nuestra Señora del Rosario,,1948,40.8753636,-4.0221944,3,SL90KHX2C522,OpenStreetMap,,True,,,exterior_visible
Ayuntamiento de Ciudad Rodrigo,,C16,40.5972595,-6.5333431,3,9PEZT6212J8Q,OpenStreetMap,,True,File:® CIUDAD RODRIGO AYUNTAMIENTO - panoramio (2).jpg,,exterior_visible
Casa de los López Cabeza de Vaca,,C16,41.5003627,-5.7515309,3,2ZS68Z55K3ZG,OpenStreetMap,,True,,,exterior_visible
Casa Tuero,Mariano Marín Magallán,1906,43.3611439,-5.8447445,3,CT1K3262B4BR,OpenStreetMap,,True,,,exterior_visible
Boirocenter,Amancio Losada,2008,42.645762,-8.8824643,3,A60926MMXGM4,OpenStreetMap,,True,,,exterior_visible
Victoriano Cremer,Saturnino Martínez Ruiz,1890,42.3442567,-3.7003072,3,DXIS936X97C9,OpenStreetMap,,True,,,exterior_visible
Hospital Universitario de Salamanca,,2014,40.9637758,-5.674288,3,D63O55QT74KJ,OpenStreetMap,,True,,,exterior_visible
Pazo de Raxoi,,1766,42.8807664,-8.5461839,3,TEH9B65JF495,OpenStreetMap,,True,,,exterior_visible
,José Isaías Cardoso,,40.1523564,-8.8609571,3,G3RU332FJ62P,OpenStreetMap,,True,,,exterior_visible
Residencia de Ancianos San Bernabé y San Antolín,,C11,42.0124351,-4.5378446,3,1I4F47IAB6Z7,OpenStreetMap,,True,,,exterior_visible
Tribunal da Comarca de Alcobaça,João Filipe Martins,,39.5524841,-8.9745687,3,FN255KY3Z0A2,OpenStreetMap,,True,Category:Tribunal Judicial de Alcobaça,,exterior_visible
Casa de los Picos,,Siglo XV,40.9481546,-4.120433,3,7I647XQTP1M8,OpenStreetMap,,True,,,exterior_visible
Ermita de Santiaguito,,Al menos medieval,41.0833,-4.061261,3,3SSX0S69Q93X,OpenStreetMap,,True,,,exterior_visible
Miradouro do Zebro,Álvaro Siza Vieira,2024-04-25,39.9628317,-7.7744457,3,I5CW9Y7O684M,OpenStreetMap,,True,,,exterior_visible
Catedral de Santa María de Tui,,C13,42.0461084,-8.6448549,3,2BP3G19K2OF8,OpenStreetMap,,True,,,exterior_visible
Sanidad Junta de Castilla y León,,1940,42.3395204,-3.6962054,3,38JUQ3L94E0K,OpenStreetMap,,True,,,exterior_visible
Câmara Municipal de Vila Real,,1817,41.2943743,-7.7458505,3,45BLPRH38U36,OpenStreetMap,,True,Category:Câmara_Municipal_de_Vila_Real,,exterior_visible
,Marcos Rico Santamaría,1967,42.3524411,-3.6880712,3,33XD1Z02JPP1,OpenStreetMap,,True,,,exterior_visible
Sede SAMUR Social,Luis Bellido,,40.4112285,-3.7128018,3,IWJ5OH17G256,OpenStreetMap,,True,,,exterior_visible
Edifício Douro,Agostinho Ricca,,41.1644719,-8.646005,3,942P43X5QTVR,OpenStreetMap,,True,,,exterior_visible
Centro Cultural de los Ejércitos,,1919-11-16,40.4194161,-3.700138,3,I4ID8VL55U02,OpenStreetMap,,True,,,exterior_visible
Centro de Saúde de Moreira de Cónegos,StudioCAN,,41.3797294,-8.334002,3,RCU5H5SL4725,OpenStreetMap,,True,,,exterior_visible
Palacio de Antonio de Mendoza,,XVI,40.6346981,-3.1661115,3,U66N7J1J2IX5,OpenStreetMap,,True,,,exterior_visible
Castillo del Duque de Montellano,,C15,40.8738891,-4.8681027,3,15Y6X19VXAB2,OpenStreetMap,,True,,,exterior_visible
Casa do Arco,,C15,41.4439663,-8.2928036,3,T70ST7D9DB72,OpenStreetMap,,True,,,exterior_visible
,Márcio de Freitas,,41.1670739,-8.6245688,3,Z8ZA1U57G21V,OpenStreetMap,,True,,,exterior_visible
Casa do Capelão,,1656,40.9210743,-8.5433475,3,777IGM5J8WV8,OpenStreetMap,,True,,,exterior_visible
Capela de Nossa Senhora da Encarnação,,1656,40.9211275,-8.543411,3,0NM8CLA3870Q,OpenStreetMap,,True,,,exterior_visible
Departamento de Engenharia de Materiais e Cerâmica,Alcino Soutinho,,40.6338577,-8.6590288,3,71163JN0FVFY,OpenStreetMap,,True,,,exterior_visible
Palacio Episcopal de Zamora,,C18,41.4986614,-5.754887,3,2CTPV42J338K,OpenStreetMap,,True,,,exterior_visible
Colégio Novo,,1552,40.2106678,-8.4274235,3,KDP8N20R629V,OpenStreetMap,,True,Category:Colégio Novo,,exterior_visible
Casa de los Cánovas,,C19,41.5006909,-5.7520508,3,0UB97XMB870Y,OpenStreetMap,,True,,,exterior_visible
Casa de las Cadenas,,1726,39.6769356,-3.9727237,3,4O2Q1M59LB6V,OpenStreetMap,,True,,,exterior_visible
Mosteiro de São Miguel de Bustelo,,C17,41.2296669,-8.2704634,3,BP0790N4RB7S,OpenStreetMap,,True,,,exterior_visible
Casa do Marmoiral,,C17,41.2512439,-8.1894222,3,J75K4X5L7P6Z,OpenStreetMap,,True,,,exterior_visible
Forte de São João Baptista,Simão de Ruão;Charles Lassart;Reinaldo Oudinot,C16,41.1489911,-8.6738244,3,X61SBW0F9S26,OpenStreetMap,,True,Category:Forte de São João Baptista da Foz,,exterior_visible
Hotel Vila Foz & Spa,,2019,41.1616875,-8.6838668,3,Z2H5VCF6526M,OpenStreetMap,,True,,,exterior_visible
,Eduardo Souto Moura,,41.1876546,-8.6894748,3,ZH41HDJ2092Q,OpenStreetMap,,True,,,exterior_visible
Casa de Santa Comba,,C18,41.2120438,-7.7770161,3,BM1OHH21561D,OpenStreetMap,,True,,,exterior_visible
Hotel París,,1917,43.0718781,-5.7273139,3,R5E6YXU3402T,OpenStreetMap,,True,,,exterior_visible
Parador de Ciudad Rodrigo,,1929,40.5967171,-6.5364122,3,09FXZ826NLP9,OpenStreetMap,,True,,,exterior_visible
Narcicarlos,,1954,39.4982325,-8.848081,3,F656A708SMHW,OpenStreetMap,,True,,,exterior_visible
Edifício Quatro Casas,Arménio Losa;Cassiano Barbosa,,41.1620203,-8.6523591,3,6478FVN7K9OY,OpenStreetMap,,True,Category:Edifício do Pinheiro Manso,,exterior_visible
Convento de San Antonio de Padua,,C16,39.856994,-4.029326,3,ZQV2C7Y79O20,OpenStreetMap,,True,,,exterior_visible
Pabellón B,,1925,39.856574,-4.031405,3,8271HEYXCK04,OpenStreetMap,,True,,,exterior_visible
Escuela de Artes y Oficios,Arturo Mélida y Alinari,1882,39.857551,-4.031339,3,2I2XNZ21BR61,OpenStreetMap,,True,,,exterior_visible
Puerta de Europa Este,,1989,40.4665054,-3.6879102,3,6A9OR77OZC29,OpenStreetMap,,True,,,exterior_visible
Palacete de La Lila,Juan Miguel de La Guardia,,43.3660428,-5.8479738,3,T7PK9721QO0D,OpenStreetMap,,True,,,exterior_visible
Palacio de Cibeles,Antonio Palacios;Joaquín Otamendi,1919,40.4188417,-3.6923804,3,2A62C7GZ32JR,OpenStreetMap,,True,Category:Palacio de Cibeles,,exterior_visible
Centro Comercial Valle Real,,1994,43.4282366,-3.840574,3,AZKD1P31590E,OpenStreetMap,,True,,,exterior_visible
Departamento de Matemática,Lucínio Cruz,,40.2077864,-8.4225298,3,5IIL5GA9287Q,OpenStreetMap,,True,,,exterior_visible
"Edificio Alsa (""La Colmena"")",Ignacio Álvarez Castelao,1957,43.3672013,-5.8490684,3,8NB8H7B06W0S,OpenStreetMap,,True,,,exterior_visible
Torreón dos Andrade,,C15,43.407757,-8.1720895,3,22L1IGT60T6T,OpenStreetMap,,True,,,exterior_visible
Casa Cirilo,,1930,40.7677518,-4.0690425,3,09JS27FK37GT,OpenStreetMap,,True,,,exterior_visible
Villa Amalia,,1873,43.3871129,-3.7341199,3,4GQF071FU35R,OpenStreetMap,,True,,,exterior_visible
Casa Pérez Pando,Fernando Obregón Ansorena,1971,43.3818244,-3.7386778,3,JN377AJ467JM,OpenStreetMap,,True,,,exterior_visible
Palacio de Fomento,,1890,40.4089176,-3.6910158,3,TM3319UF2Q5L,OpenStreetMap,,True,"Category:Ministry_of_Agriculture,_Fisheries_and_Food_of_Spain_headquarters,_Madrid",,exterior_visible
Edificio Ombú,Luis de Landecho Jordán,1905,40.3961149,-3.6763125,3,P6E9EWUT5264,OpenStreetMap,,True,Category:Sociedad de Gasificación Industrial del Cerro de la Plata,,exterior_visible
Biblioteca Pública Miguel Hernández,Luis Arranz Alguero,1995,40.384889,-3.6439677,3,9B98T8A3BBP3,OpenStreetMap,,True,Category:Biblioteca Pública Vallecas,,exterior_visible
Molino de Anaz,,C16,43.3618541,-3.7533232,3,SH3X916R65SU,OpenStreetMap,,True,,,exterior_visible
Pescadería,Rodolfo Ucha Piñeiro,,43.4812442,-8.2371876,3,B39W13XU6TU5,OpenStreetMap,,True,,,exterior_visible
Bolera de La Encina,Antonio Navarro Cervera,2011-03-27,43.3514193,-3.7030468,3,9IT7IHF5732K,OpenStreetMap,,True,,,exterior_visible
Casa de Leonor de la Vega,,C18,43.3910992,-4.1067952,3,10KTS44Y9R0M,OpenStreetMap,,True,,,exterior_visible
Teatro Principal,,1857-12-18,42.340381,-3.7006084,3,9ND6230NHKA5,OpenStreetMap,,True,,,exterior_visible
Diputación Provincial de Burgos,Luis Villanueva;Ángel Calleja,1869,42.3411737,-3.7000376,3,18FY0J88P1TI,OpenStreetMap,,True,Category:Diputación Provincial de Burgos building,,exterior_visible
Santuario de Santa María a Real do Cebreiro,,C9,42.7079763,-7.0434742,3,36UP4M4VPZ17,OpenStreetMap,,True,,,exterior_visible
Capela do Ciprés,,C9,42.7331605,-7.32493,3,Y4J02JM1TL21,OpenStreetMap,,True,,,exterior_visible
Palacio de Hoyas,,C18,43.375619,-3.6932013,3,FH7W2Z3247VF,OpenStreetMap,,True,,,exterior_visible
Murallas de Ávila,,C11,40.65553,-4.6969483,3,9YW08LA6N69Z,OpenStreetMap,,True,,,exterior_visible
Igreja de Nossa Senhora da Conceição,,1986,41.3059455,-7.7437526,3,8JMDS8J141F5,OpenStreetMap,,True,,,exterior_visible
Capilla de La Calleja,,1968-05-15,43.3304326,-3.6533454,3,82G4526PQZFY,OpenStreetMap,,True,,,exterior_visible
Palacio de Cuesta Mercadillo,,1725,43.3369693,-3.7444744,3,47X7DURL650K,OpenStreetMap,,True,,,exterior_visible
Edificio España,Julián Otamendi,1953-10-06,40.4245836,-3.7110525,3,LH37300HT0JD,OpenStreetMap,,True,"Category:Edificio España, Madrid",,exterior_visible
Iglesia de Santa Eulalia,,C16,42.0345403,-4.3176332,3,HW21R06H8BB4,OpenStreetMap,,True,,,exterior_visible
San Eloy Ospitalea,,1974,43.2968398,-2.9931092,3,NW6Z146MK2I7,OpenStreetMap,,True,,,exterior_visible
Centro de Alta Resolución (CAR) de Trujillo,,2009-01-19,39.454662,-5.8827882,3,B0TZO5DB5357,OpenStreetMap,,True,,,exterior_visible
Palacio Episcopal de Astorga,Antonio Gaudí,1915,42.4579345,-6.0561351,3,M4353RT4U1BC,OpenStreetMap,,True,,,exterior_visible
Silo de Capiscol,,1950,42.3475532,-3.6651557,3,WIEJ19O45X47,OpenStreetMap,,True,,,exterior_visible
Edificio Feygon,Martín Tárrega Pérez,1960-04-09,42.3440631,-3.6984473,3,75NCE0CC781S,OpenStreetMap,,True,,,exterior_visible
Tribunal Judicial de Braga,Duarte Nuno Simões,,41.5489557,-8.4124208,3,URZ80Y160K0S,OpenStreetMap,,True,,,exterior_visible
Delegación de Hacienda,,1984,42.3441999,-3.6897293,3,R356C0QKJ7J5,OpenStreetMap,,True,,,exterior_visible
Pavilhão Centro de Portugal,Álvaro Siza Vieira;Eduardo Souto de Moura,,40.1995697,-8.4233741,3,931OMSWW2V15,OpenStreetMap,,True,,,exterior_visible
Capela da Nosa Señora das Angustias,,1511,42.1660994,-8.6200706,3,O1O1JV1MU928,OpenStreetMap,,True,,,exterior_visible
La Estación de la Ciencia y la Tecnología,Enrique Grasset Echevarría,1902,42.3343758,-3.708293,3,8TA6D7DM2A01,OpenStreetMap,,True,,,exterior_visible
Capela da Virxe Peregrina,,C18,42.4307071,-8.6435783,3,2M6R2R0PR2D9,OpenStreetMap,,True,"Category:Iglesia de la Virgen Peregrina, Pontevedra",,exterior_visible
Museo de las Cofradías,,C17,42.5478807,-6.5873652,3,8FF90K32YER5,OpenStreetMap,,True,,,exterior_visible
Casa Mantilla,,1892,41.6482057,-4.7289663,3,688R9RH9POQ9,OpenStreetMap,,True,,,exterior_visible
Pimentón El Ángel,,1880,40.2582333,-5.9381888,3,568CTN6L44EN,OpenStreetMap,,True,,,exterior_visible
Igrexa de Santa María de Albán,,C12,42.7559744,-7.4393644,3,Z67023ULB8JI,OpenStreetMap,,True,,,exterior_visible
Ermita de Santa Ana,,C16,40.6524215,-3.7645922,3,KQD8KAO53350,OpenStreetMap,,True,,,exterior_visible
Iglesia de la Purísima Concepción,,C15,40.2220143,-5.1402909,3,3V0U9V4RW04K,OpenStreetMap,,True,File:Iglesia en Guisando.JPG,,exterior_visible
Igrexa de Santiago da Coruña,,C12..C13,43.369694,-8.3941167,3,U9F5O65LGC58,OpenStreetMap,,True,,,exterior_visible
Centro Comercial Compostela,,1998,42.8627026,-8.5446103,3,853JAC09ULV6,OpenStreetMap,,True,,,exterior_visible
,Martín Tárrega,1947,42.3378855,-3.7018412,3,0SH2N715CQ2T,OpenStreetMap,,True,"Category:Edificio BBVA, Burgos",,exterior_visible
Iglesia de Santiago,,mid C12..late C13,42.8137162,-4.1735537,3,18C7BP2MFE92,OpenStreetMap,,True,,,exterior_visible
,Vicente Lampérez y Romea,1906,42.3370897,-3.6989632,3,3FA6KJ45XF38,OpenStreetMap,,True,,,exterior_visible
,Vicente Lampérez y Romea,1900,42.3401809,-3.7034809,3,RQX863662CLG,OpenStreetMap,,True,,,exterior_visible
Antiguo Hotel España,Emiliano Amann Amman,1938,42.340727,-3.7007974,3,XJ58IAB304Y7,OpenStreetMap,,True,,,exterior_visible
Consulado del Mar,Manuel de Eraso,1794,42.3402993,-3.702877,3,Q3T08WN21Z6M,OpenStreetMap,,True,,,exterior_visible
,Marcos Rico Santamaría,1963,42.3413064,-3.7011264,3,8J46K54NHZH6,OpenStreetMap,,True,,,exterior_visible
,Fernando González de Lara,1788-07-17,42.3407156,-3.7021716,3,0CVPYAT14417,OpenStreetMap,,True,Category:Town hall of Burgos,,exterior_visible
,Martín Tárrega Pérez,1968,42.339462,-3.7051006,3,4F3L36U51BXU,OpenStreetMap,,True,,,exterior_visible
,Saturnino Martínez Ruiz,1893,42.3426446,-3.7003572,3,019T22ZCMK7R,OpenStreetMap,,True,,,exterior_visible
Capilla de la Divina Pastora,,1466,42.3417509,-3.7019657,3,T63R4707IXBG,OpenStreetMap,,True,,,exterior_visible
Edificio Mercurio,Vicente Lampérez y Romea,1907,42.3416128,-3.7018429,3,4V8HH2LZ703W,OpenStreetMap,,True,"Category:Casa del Gallo, Burgos",,exterior_visible
,Joaquín Ignacio Zunzunegui,1822,42.3417128,-3.6998006,3,GQ4025L1S5PN,OpenStreetMap,,True,,,exterior_visible
,Vicente Lampérez y Romea,1899,42.3432593,-3.701761,3,Y0O42J6VBU79,OpenStreetMap,,True,,,exterior_visible
Arco de Fernán González,,1583,42.3403455,-3.7070855,3,V30JE4UW481S,OpenStreetMap,,True,,,exterior_visible
,Marcos Rico Santamaría,,42.3385011,-3.6947551,3,VXA3X93836PX,OpenStreetMap,,True,,,exterior_visible
,Vicente Lampérez y Romea,,42.3425468,-3.6990203,3,B44BZ45YQ0G5,OpenStreetMap,,True,,,exterior_visible
,Marcos Rico Santamaría,1955,42.3412222,-3.698134,3,80EE7S4KTS30,OpenStreetMap,,True,,,exterior_visible
,Tomás Bilbao Hospitalet,,42.340966,-3.6991752,3,M29IP1N40W0X,OpenStreetMap,,True,,,exterior_visible
,Marcos Rico Santamaría,1938,42.3411786,-3.6983182,3,JH5T6HIU2679,OpenStreetMap,,True,,,exterior_visible
,Marcos Rico Santamaría,1941,42.3414486,-3.6972457,3,180WHO37Y2VN,OpenStreetMap,,True,,,exterior_visible
,Marcos Rico Santamaría,1937,42.3412222,-3.698134,3,8Q1728ZP9OYU,OpenStreetMap,,True,,,exterior_visible
FAE,José Moliner Vaquero,,42.3381333,-3.7084248,3,23JR8HD1OT55,OpenStreetMap,,True,,,exterior_visible
,Saturnino Martínez Ruiz,,42.3376573,-3.7072775,3,RZ1W506TYF44,OpenStreetMap,,True,,,exterior_visible
,José Calleja,,42.3377335,-3.7071237,3,B2O7Y5PUS962,OpenStreetMap,,True,,,exterior_visible
,Saturnino Martínez Ruiz,,42.3377832,-3.707023,3,0R0FQX5LU045,OpenStreetMap,,True,,,exterior_visible
Quinta de San Agustín,,1930,42.3396309,-3.7116703,3,S79U2F07QKH2,OpenStreetMap,,True,,,exterior_visible
Junta Municipal del Distrito de Arganzuela,Luis Bellido,,40.3930736,-3.6990543,3,34O33ZDE7M3L,OpenStreetMap,,True,"Category:Casa del Reloj, Madrid",,exterior_visible
Excolegiata de Santa María,,C16,41.6974042,-3.9278874,3,5Y72IC9QP8K1,OpenStreetMap,,True,,,exterior_visible
,José Luis Gutiérrez Martínez,15-12-1929,42.3422542,-3.7120323,3,XPC50132M7YA,OpenStreetMap,,True,,,exterior_visible
,José Luis Gutiérrez Martínez,15-12-1929,42.3423024,-3.7119276,3,BV016DH46K3U,OpenStreetMap,,True,,,exterior_visible
,José Luis Gutiérrez Martínez,1212-1929,42.34236,-3.711972,3,0AQQA20H7G62,OpenStreetMap,,True,,,exterior_visible
,José Luis Gutiérrez Martínez,15-12-1929,42.3421411,-3.7119291,3,5UOMIE63J362,OpenStreetMap,,True,,,exterior_visible
,José Luis Gutiérrez Martínez,15-12-1929,42.342083,-3.7118835,3,0G4J0178PXSW,OpenStreetMap,,True,,,exterior_visible
,José Luis Gutiérrez Martínez,15-12-1929,42.3419786,-3.711944,3,23V5F8SOQC63,OpenStreetMap,,True,,,exterior_visible
,José Luis Gutiérrez Martínez,15-12-1929,42.3424315,-3.7121749,3,LN84UDY64M18,OpenStreetMap,,True,,,exterior_visible
Aguas de Burgos,,1973,42.3444115,-3.6981291,3,0SQJDP664S93,OpenStreetMap,,True,,,exterior_visible
Real Academia Española,Miguel Aguado de la Sierra,1894,40.4150812,-3.6911447,3,M0S3OX9171QZ,OpenStreetMap,,True,Category:Real Academia Española building,,exterior_visible
Edificio Barco,Luis Martínez Martínez,1939,42.3440833,-3.6868105,3,5L5DDZEX9641,OpenStreetMap,,True,,,exterior_visible
Iglesia de San Lesmes,,1395,42.343073,-3.6958257,3,GJ00J6NX11T4,OpenStreetMap,,True,,,exterior_visible
,Pedro Gutiérrez Ruiz,1980,42.3477922,-3.6940629,3,E49RK2PA938J,OpenStreetMap,,True,,,exterior_visible
Iglesia de Nuestra Señora de la Anunciación,Juan Navarro Baldeweg,1951-12-22,42.3474172,-3.6964174,3,NU8VP69H52I5,OpenStreetMap,,True,,,exterior_visible
,Carlos Moliner López,1971,42.3471578,-3.6957154,3,S74X0D2E4E7W,OpenStreetMap,,True,,,exterior_visible
,Valentín Junco Calderón,,42.3450898,-3.6965963,3,VZK282MM94B5,OpenStreetMap,,True,,,exterior_visible
Demarcación de Carreteras del Estado en Castilla y León Oriental,,1965,42.3474287,-3.6967734,3,4Y41BY3BJ80P,OpenStreetMap,,True,,,exterior_visible
Pazo de Pegullal,,C18,42.1099166,-8.5574462,3,S4OL1I4S8X66,OpenStreetMap,,True,,,exterior_visible
A Casa Grande,,1543,42.1211418,-8.5567757,3,44Z1W9GZ7VB8,OpenStreetMap,,True,,,exterior_visible
Tribunal de Águeda,António Madeira Portugal,,40.5736739,-8.4458945,3,UBJ6318DH39O,OpenStreetMap,,True,Category:Tribunal Judicial e Tribunal do Trabalho de Águeda,,exterior_visible
Pazo de Aballe,,C17,42.1139356,-8.5460055,3,Z1SHP67373KZ,OpenStreetMap,,True,,,exterior_visible
Palacete del Embarcadero,Javier González de Riancho,1932,43.4613518,-3.8018046,3,S7K8LG90YB50,OpenStreetMap,,True,Category:Palacete del Embarcadero,,exterior_visible
Tribunal de Fafe,Francisco Augusto Baptista,,41.4507286,-8.1690714,3,096SXZJ050XM,OpenStreetMap,,True,,,exterior_visible
Almaraz II,,1983,39.8070136,-5.6984618,3,92A1RKU63KZ4,OpenStreetMap,,True,,,exterior_visible
Almaraz I,,1981,39.8077488,-5.6984904,3,85VUQ29KR75J,OpenStreetMap,,True,,,exterior_visible
Igrexa de Santa Eulalia de Atios,,1757,42.1471015,-8.6043169,3,4263C8DFB7LM,OpenStreetMap,,True,,,exterior_visible
Templete da Rede de San Luís,Antonio Palacios Ramilo,1919,42.157194,-8.61919,3,729MUW0OJ4W1,OpenStreetMap,,True,"File:Templete da Rede de San Luís, O Porriño.jpg",,exterior_visible
"Colegio de Ingenieros de Caminos, Canales y Puertos",Manuel María Smith e Ibarra,1914,40.4320457,-3.6914027,3,S6B0ZK57H68Q,OpenStreetMap,,True,,,exterior_visible
Quiosco da música de San Bieito,,1908,42.1585808,-8.6207448,3,8Y112LPSVX59,OpenStreetMap,,True,"File:Quiosco da música, San Bieito, O Porriño.jpg",,exterior_visible
Igrexa de San Xoán de Chenlo,,C18,42.1216448,-8.668784,3,L5488IY5NT1D,OpenStreetMap,,True,,,exterior_visible
Igrexa de San Xurxo de Mosende,,C18,42.1236335,-8.6578079,3,X35O9M7M99HQ,OpenStreetMap,,True,,,exterior_visible
Igrexa de Santiago de Pontellas,,C18,42.1355747,-8.6474208,3,S5RWMX7767J0,OpenStreetMap,,True,,,exterior_visible
Centro cultural La Residencia Pedro Velarde,Eladio Ladero,1899,43.3769888,-3.214837,3,E48MI73E4GA7,OpenStreetMap,,True,,,exterior_visible
Ayuntamiento de Cabezón de la Sal,,1888,43.3088508,-4.2369265,3,TOK82P47D7D6,OpenStreetMap,,True,,,exterior_visible
Estação Ferroviária de Tomar,Cottinelli Telmo,,39.5988808,-8.413368,3,48P38F9HZM1S,OpenStreetMap,,True,,,exterior_visible
Igrexa de Santa María de Cambre,,C12,43.2920684,-8.3442747,3,Z38H75VZJ5T4,OpenStreetMap,,True,Category:Church of Santa María de Cambre,,exterior_visible
Torre da Homenaxe,,C13,42.5241894,-7.5109154,3,J2B9ML5096MM,OpenStreetMap,,True,,,exterior_visible
Pazo dos Condes de Lemos,,C16,42.523515,-7.5106716,3,C306NVO61Y9W,OpenStreetMap,,True,,,exterior_visible
Torre PwC,Carlos Rubio Carvajal,2004,40.4767336,-3.6882375,3,13221XS0HQMU,OpenStreetMap,,True,,,exterior_visible
Igreja de São Pedro,,1593,39.3558663,-9.3799679,3,5R3W94I3T4DP,OpenStreetMap,,True,Category:Igreja de São Pedro (Peniche),,exterior_visible
Casa da Carapeteira,,C20,40.5739673,-8.4411644,3,NT8OF0KM0154,OpenStreetMap,,True,,,exterior_visible
,Sua Kay,,41.1448506,-8.6408139,3,C792JW2Y59SL,OpenStreetMap,,True,,,exterior_visible
Auditorio de Galicia,,1989,42.8900069,-8.5438511,3,Z651R0L8JXC1,OpenStreetMap,,True,,,exterior_visible
Igreja de Nossa Senhora da Conceição,Vasco Regaleira,,39.4059943,-9.1359985,3,M7MCMKK34073,OpenStreetMap,,True,,,exterior_visible
Pavillón de Recreo Artístico e Industrial,Antonio Palacios Ramilo,1908,42.8764265,-8.5491179,3,94UELL4WI306,OpenStreetMap,,True,,,exterior_visible
,Mun Arquitectura S.L.P.,,42.1612758,-8.6138331,3,OW9469BGZ07T,OpenStreetMap,,True,,,exterior_visible
Tribunal de Arouca,Manuel Queiróz Ribeiro,,40.9313404,-8.2475864,3,3G5QK6B11NQ8,OpenStreetMap,,True,,,exterior_visible
Câmara Municipal de Ílhavo,José Paradela,,40.5999887,-8.6668178,3,330A9KY08JWB,OpenStreetMap,,True,,,exterior_visible
Tribunal de Armamar,Fernando Lobato Guimarães,,41.1090038,-7.6907718,3,T9Z2X556Q1UN,OpenStreetMap,,True,,,exterior_visible
Palacio de Prieto Cutre,,C16,43.4617376,-5.0588657,3,05F82I5APN0C,OpenStreetMap,,True,,,exterior_visible
Iglesia del Sagrado Corazón de Jesús,,1947,43.2833677,-2.9950463,3,QSB77P4T754H,OpenStreetMap,,True,File:Baracaldo - Iglesia del Sagrado Corazon de Jesus (Retuerto) 9.jpg,,exterior_visible
Palácio da Enseada,Alcino Soutinho,,41.1797306,-8.6919732,3,11T527JI4EJM,OpenStreetMap,,True,,,exterior_visible
Tribunal Judicial de Lousada,Álvaro da Fonseca,,41.2776964,-8.2825099,3,96XLI6C8X7I3,OpenStreetMap,,True,File:Tribunal de Lousada (87940249).jpg,,exterior_visible
Igreja de São Lázaro,José Maya Santos,1969,41.5462479,-8.4217521,3,9A25C2YVLO68,OpenStreetMap,,True,,,exterior_visible
,Carlos Guimarães;Luís Soares Carneiro,2007-06-29,41.5465218,-8.4274549,3,UX4MV6B1254Z,OpenStreetMap,,True,,,exterior_visible
Palácio da Justiça de Matosinhos,Pedro Ramalho,,41.1844366,-8.677256,3,WR1V1Y2B00F8,OpenStreetMap,,True,,,exterior_visible
Estação Litoral da Aguda,João Paulo Peixoto,,41.0478543,-8.653318,3,441HHF89UDX8,OpenStreetMap,,True,,,exterior_visible
Igreja do Pópulo,Carlos Amarante,,41.5519413,-8.4292716,3,7E6V4800LLTH,OpenStreetMap,,True,,,exterior_visible
Torre del Serantes,,1868,43.3343047,-3.0624772,3,FIDO25482RO2,OpenStreetMap,,True,,,exterior_visible
Barakaldoko Hizkuntza Eskola,,1917,43.296867,-2.9898464,3,26MP895QR9TZ,OpenStreetMap,,True,,,exterior_visible
Centro Comercial Nosso Shopping,,2004-10-16,41.2966517,-7.7348974,3,J65ULI47C15A,OpenStreetMap,,True,,,exterior_visible
Apeadeiro de Curia,Cottinelli Telmo,,40.4247416,-8.4562941,3,FW50XX37U46F,OpenStreetMap,,True,,,exterior_visible
Larrea jauregia,,C18,43.2981037,-2.9821463,3,I576X4SHY88G,OpenStreetMap,,True,,,exterior_visible
Munoa Jauregia,,C18,43.2840741,-2.9782694,3,P6MVN7Q528W4,OpenStreetMap,,True,,,exterior_visible
,Marta Geada,,43.425929,-7.3585419,3,24J5ZEP52G9R,OpenStreetMap,,True,,,exterior_visible
Mercadona,,2024-09-09,40.2063391,-8.4016057,3,P061IL8B79CF,OpenStreetMap,,True,,,exterior_visible
Centro Comercial Glicínias Plaza,,1999,40.6268971,-8.6454428,3,3GQ1P57BT8P2,OpenStreetMap,,True,,,exterior_visible
A Casa de Correos e Telégrafos,Manuel Gómez Román,1930-03-01,42.2389058,-8.7236712,3,T0V773PE8RI2,OpenStreetMap,,True,,,exterior_visible
Botica Nova,Antonio Palacios Ramilo,1909,42.1624164,-8.6210683,3,W87UF82NBE79,OpenStreetMap,,True,"File:Botica Nova, de Antonio Palacios, O Porriño.jpg",,exterior_visible
Cuartel General de la Armada,,1925,40.4176546,-3.6927542,3,P161BRU5V9B2,OpenStreetMap,,True,Category:Cuartel General de la Armada (Spain),,exterior_visible
Piscinas de Celas {encerradas temporariamente),,1991,40.2149458,-8.4168953,3,09W9ZEZ49C9O,OpenStreetMap,,True,,,exterior_visible
Torre da Universidade,,1728,40.2077743,-8.4264396,3,KU743MWK4T37,OpenStreetMap,,True,,,exterior_visible
Igreja de Canelas,,1779,41.0799265,-8.5997658,3,E8J442W1LGH5,OpenStreetMap,,True,,,exterior_visible
Estação Elevatória de Coimbra - Biblioteca Carlos Fiolhais,,1922,40.2046444,-8.4276364,3,1N19W08MOSS1,OpenStreetMap,,True,,,exterior_visible
Banco de Portugal - Coimbra,Adães Bermudes,,40.2074472,-8.4298734,3,R7D613FVN1U2,OpenStreetMap,,True,Category:Banco de Portugal building in Coimbra,,exterior_visible
Cooperativa El Cid,José Luis Gutiérrez Martínez,18-03-1930,42.3466607,-3.7014705,3,0Z8735QBBD8P,OpenStreetMap,,True,,,exterior_visible
Cooperativa La Burgalesa,José Luis Gutiérrez Martínez,24-06-1928,42.3473113,-3.7007851,3,N7SS8L6I2T24,OpenStreetMap,,True,,,exterior_visible
Cooperativa San José,José Luis Gutiérrez Martínez,17-06-1928,42.3479075,-3.700264,3,1T4PMQG7568K,OpenStreetMap,,True,,,exterior_visible
Câmara Municipal da Guarda,João Paciencia,1993,40.5370051,-7.2665178,3,9D51SPG13ES4,OpenStreetMap,,True,,,exterior_visible
Tribunal Judicial da Guarda,Raul Rodrigues Lima,,40.5365996,-7.2657343,3,6N7C87ECWA42,OpenStreetMap,,True,,,exterior_visible
,Francisco da Conceição Silva,,40.3069627,-7.549969,3,JB8132ZH32KJ,OpenStreetMap,,True,,,exterior_visible
Getafe Centro,,2000-11-24,40.3095758,-3.7340545,3,9A17A42FKJ9Q,OpenStreetMap,,True,,,exterior_visible
Tribunal de Albergaria-a-Velha,António Cândido de Brito,,40.6915111,-8.4791477,3,P78XEX5S955D,OpenStreetMap,,True,,,exterior_visible
Edificio AHV - El Carmen,Manuel María Smith,1946,43.3002437,-2.9826741,3,5M50V27NYQ3T,OpenStreetMap,,True,,,exterior_visible
Tribunal de Amarante,Januário Godinho,,41.2707664,-8.0768652,3,CS73Z6T2D56P,OpenStreetMap,,True,,,exterior_visible
Santuario de Nuestra Señora de la Caridad,,C17,40.1256539,-3.8495864,3,T1DB5NP18N88,OpenStreetMap,,True,,,exterior_visible
Capela São João da Ponte,,1616,41.5421304,-8.4187856,3,5EB9K334YNX0,OpenStreetMap,,True,,,exterior_visible
Iglesia de San Isidoro,,C12,41.500349,-5.7541394,3,R18CK03K21KQ,OpenStreetMap,,True,,,exterior_visible
Piscinas Municipais Rui Abreu,Sua Kay,2004,40.239201,-8.4388847,3,83D29O7MFVW1,OpenStreetMap,,True,,,exterior_visible
Coreto,Silva Pinto,1904-07-07,40.2045577,-8.427433,3,AETMK1N03505,OpenStreetMap,,True,,,exterior_visible
Palácio da Justiça de Lamego,Januário Godinho,,41.0982068,-7.80647,3,619PHX6G0A1L,OpenStreetMap,,True,,,exterior_visible
Centro Cultural do Entroncamento,,1930,39.4647918,-8.4682354,3,44ROSF2A2L55,OpenStreetMap,,True,,,exterior_visible
Museu Nacional Ferroviário,Cottinelli Telmo,2015-05-18,39.4640467,-8.4744908,3,0M2DI2QL2V43,OpenStreetMap,,True,,,exterior_visible
El Capricho de Gaudí,Antoni Gaudí,1885,43.383715,-4.2928717,3,TMF8BM3509Y4,OpenStreetMap,,True,Category:El Capricho (Gaudí),,exterior_visible
Palacio de Sobrellano,Joan Martorell,1888,43.3836472,-4.2946197,3,6UN0T8KI921C,OpenStreetMap,,True,Category:Palacio de Sobrellano,,exterior_visible
Mosteiro de Pedroso,,867,41.0620664,-8.5580302,3,R1P39S4D7G0Q,OpenStreetMap,,True,Category:Mosteiro de Pedroso,,exterior_visible
Igreja da Lapa,João Strovel;José Figueiredo Seixas,,41.1572282,-8.6123438,3,Z9971QKWAT93,OpenStreetMap,,True,Category:Igreja da Lapa (Porto),,exterior_visible
Palácio da Justiça de Vagos,File:Tribunal de São Pedro do Sul - Portugal 🇵🇹 (54525124595).jpg,,40.5532216,-8.6805088,3,4LDV0C55U46L,OpenStreetMap,,True,,,exterior_visible
Quiosco da Música,Eloi Maquieira,,43.0051898,-7.5598115,3,W2CN73ZE1B82,OpenStreetMap,,True,,,exterior_visible
Villa Aragón,,~1927,43.4670152,-3.778385,3,P1B5Z9W6DF25,OpenStreetMap,,True,,,exterior_visible
Palacio de Ocharan,Eladio Laredo,1901,43.3756437,-3.2183416,3,D053EYQUX139,OpenStreetMap,,True,"Category:Palacete de los Ocharan, Castro Urdiales",,exterior_visible
Palácio da Justiça de Chaves,Januário Godinho,,41.7394384,-7.4675411,3,39E0NBZ39CY9,OpenStreetMap,,True,,,exterior_visible
,Raul Rodrigues Lima,,41.8234092,-7.7924904,3,U4469QFGTF84,OpenStreetMap,,True,,,exterior_visible
Câmara Municipal da Golegã,Armando Fernandes Amorim;Vasco Lacerda Marques,,39.4026456,-8.4895854,3,KO976E92LTS1,OpenStreetMap,,True,Category:Câmara Municipal da Golegã,,exterior_visible
Tribunal da Golegã,Armando Fernandes Amorim;Vasco Lacerda Marques,,39.4022078,-8.4894539,3,9ZS4192Z8UKE,OpenStreetMap,,True,Category:Tribunal Judicial da Golegã,,exterior_visible
Museu Municipal Museu do Móvel,,2001-11-06,41.2781265,-8.3747993,3,6BF825N2CN1M,OpenStreetMap,,True,,,exterior_visible
Vila do Conde Porto Fashion Outlet,Sua Kay,,41.3014126,-8.7078449,3,9221X7NWFW7H,OpenStreetMap,,True,,,exterior_visible
Casa Conceyu de Mieres del Camín,,1862,43.2487021,-5.7727379,3,65GVQ5L4W54R,OpenStreetMap,,True,,,exterior_visible
Igreja Matriz de Santa Marinha de Cortegaça,,1910-04-18,40.9430117,-8.6248875,3,66W1FCYD10S2,OpenStreetMap,,True,Category:Church of Santa Marinha de Cortegaça (Ovar),,exterior_visible
Santa María la Blanca,,C13,42.3168461,-4.5428267,3,5DU3B2YEG311,OpenStreetMap,,True,File:Villalcazar_de_Sirga-Sta_Maria_la_Blanca.jpg,,exterior_visible
Associação Portuguesa de Pais e Amigos do Cidadão Deficiente Mental da Marinha Grande,,1977-02-02,39.7438301,-8.9332846,3,YP4H7R3608NG,OpenStreetMap,,True,,,exterior_visible
Capela de Santo António,,1935-10-13,40.9003723,-8.4924512,3,NORS6Z20177Z,OpenStreetMap,,True,,,exterior_visible
Iglesia de Santa María de los Ángeles,,C13,43.3841774,-4.4042325,3,1Z1XU862PC4Z,OpenStreetMap,,True,"Category:Church of Santa María de los Ángeles, San Vicente de la Barquera",,exterior_visible
Refugio de Solvay,Ángel Hernández Morales,1960,43.0410477,-4.3704006,3,O9BPQ9185DJ5,OpenStreetMap,,True,,,exterior_visible
Residencia de Maiores Nosa Señora do Carme,,1985-06-21,42.786061,-7.4181213,3,T72D29CQ6BK4,OpenStreetMap,,True,,,exterior_visible
Igrexa de Santa Baia de Pascais,,C12,42.7366608,-7.3469691,3,5UBY2M73Y6W4,OpenStreetMap,,True,,,exterior_visible
Concello de Boiro,,2002,42.6470108,-8.8829229,3,3894EJPME7S9,OpenStreetMap,,True,,,exterior_visible
Igrexa de Santo Estevo de Reiriz,,late C12,42.7488712,-7.3641068,3,M01M61K9PX3D,OpenStreetMap,,True,,,exterior_visible
Tribunal Judicial de São João da Madeira,Adalberto Dias,,40.8977112,-8.4908093,3,Z887AGV6EB86,OpenStreetMap,,True,,,exterior_visible
Catedral de San Martiño de Ourense,,C12..C13,42.3362495,-7.8627643,3,0TYS503P65ET,OpenStreetMap,,True,Category:Cathedral of Ourense,,exterior_visible
Tribunal e Registo Civil de Caminha,Viana de Lima,,41.8766633,-8.8368237,3,T919H0RCK17G,OpenStreetMap,,True,,,exterior_visible
Malibu Foz Hotel,,1982,40.1589656,-8.8646091,3,O529ATBWR675,OpenStreetMap,,True,,,exterior_visible
Igreja de Rio Maior,José Zúquete;José Bruschy,1968,39.3342518,-8.933167,3,J4NFWPP03193,OpenStreetMap,,True,,,exterior_visible
Casa-Atelier Marques da Silva,José Marques da Silva,,41.1607388,-8.6041696,3,X66XG5JOB577,OpenStreetMap,,True,File:Instituto Arq Marques da Silva (Porto).JPG,,exterior_visible
Tribunal de Condeixa-a-Nova,José Santiago Faria,,40.1124059,-8.4979427,3,7BP8D80I3HT3,OpenStreetMap,,True,,,exterior_visible
Conímbriga Hotel do Paço,,1600,40.1171046,-8.4972015,3,U537DR0SA46X,OpenStreetMap,,True,,,exterior_visible
Complexo Residencial do Crasto,Adalberto Dias,,40.6232079,-8.6589485,3,34MPD56CX5F4,OpenStreetMap,,True,,,exterior_visible
Concello de Ponteareas,,1898,42.1736283,-8.5031858,3,E597LQ38DE9S,OpenStreetMap,,True,,,exterior_visible
Igrexa de San Miguel de Guillade,,1801,42.1671955,-8.427857,3,58TS9N7D83ES,OpenStreetMap,,True,,,exterior_visible
Templo de Madrid de la Iglesia de Jesucristo de los Santos de los Últimos Días,,1999,40.4002035,-3.6313371,3,1VF23QE7U98D,OpenStreetMap,,True,,,exterior_visible
Mercado Municipal de Cantanhede,,2020,40.348385,-8.5901391,3,SK1N5FC5304G,OpenStreetMap,,True,,,exterior_visible
Capela de São João Baptista,,C16,40.3516297,-8.5916093,3,47VAF2A4L28B,OpenStreetMap,,True,,,exterior_visible
Basílica do Bom Jesus,Carlos Amarante,,41.5548189,-8.3768357,3,60GNTI00FT91,OpenStreetMap,,True,,,exterior_visible
,João Paciência,,40.6407477,-8.6450891,3,L73WFG646FM2,OpenStreetMap,,True,,,exterior_visible
Mosteiro de Santa María de Penamaior,,mid C12,42.8770668,-7.2077656,3,UH1S88V7FQ00,OpenStreetMap,,True,,,exterior_visible
Igreja de Nossa Senhora da Conceição,,1680,39.3566658,-9.3824275,3,Z1R0LQSN8577,OpenStreetMap,,True,https://commons.wikimedia.org/wiki/Category:Igreja_de_Nossa_Senhora_da_Conceição_(antiga_Ermida_de_São_Sebastião_das_Arieiras),,exterior_visible
Central Hidroelétrica de Vales,,2/2009,41.4419856,-7.4985771,3,AZ3837UPL60S,OpenStreetMap,,True,,,exterior_visible
Refugio Julio Casal - Tajahierro,,1957-12,43.032535,-4.3501549,3,54T5Z6W28UJY,OpenStreetMap,,True,,,exterior_visible
Tribunal de Celorico de Basto,Raul Rodrigues Lima,,41.387102,-8.0004215,3,LI8M58250APC,OpenStreetMap,,True,,,exterior_visible
Polideportivo Madres Concepcionistas,Jesús Raúl del Amo Arroyo,,42.3459634,-3.6855768,3,XA57C2H02W2E,OpenStreetMap,,True,,,exterior_visible
Estação Ferroviária de Ovar,,1863-07-08,40.8641674,-8.6168353,3,D82BW56CD5O5,OpenStreetMap,,True,Category:Ovar train station,,exterior_visible
Estação Ferroviária de Aveiro,João Lúcio Lopes,,40.6429952,-8.6406807,3,R4VL9S56BD32,OpenStreetMap,,True,File:Estação Ferroviária de Aveiro - Portugal (52655987764).jpg,,exterior_visible
Faro do Cabo Vilán,,1896,43.1603989,-9.2113885,3,4J4W8J13GG9B,OpenStreetMap,,True,Category:Lighthouse of Cabo Vilán,,exterior_visible
Faro do Cabo de Cee,,1860,42.9164295,-9.1838356,3,DQ7KL392V9O2,OpenStreetMap,,True,,,exterior_visible
Complexo Deportivo Miguel Anxo Pazos Barros,,2009-12-20,42.4397025,-8.6923173,3,2IV864R6OBL8,OpenStreetMap,,True,,,exterior_visible
Faro de la Isla de Mouro,,1860,43.473343,-3.7558772,3,46H6JXFL33Z7,OpenStreetMap,,True,,,exterior_visible
Faro de Suances,,1863,43.4420547,-4.0432472,3,B9BV908G4WZ5,OpenStreetMap,,True,,,exterior_visible
Capela do Espírito Santo,,C14,41.2885818,-7.7396742,3,N1GEN36R0L18,OpenStreetMap,,True,,,exterior_visible
Igreja Paroquial de Andrães,,C18,41.2657613,-7.6856035,3,9XKV1X877L0E,OpenStreetMap,,True,,,exterior_visible
Capela Nova de São Cibrão,,1970,41.2671282,-7.6599173,3,4E5GTF8X626W,OpenStreetMap,,True,,,exterior_visible
Casa Ricardo Cangas,,1908,43.3607591,-5.8477214,3,5X8I686PSE2K,OpenStreetMap,,True,"File:Oviedo - Casa Ricardo Cangas (Calle Principado nº 5, año 1908) 2.jpg",,exterior_visible
Tribunal do Cartaxo,Raul Rodrigues Lima,,39.1581316,-8.7868352,3,NDB9Y49482DJ,OpenStreetMap,,True,,,exterior_visible
Tribunal do Entroncamento,Pedro Lobo Antunes,,39.4610284,-8.4651382,3,6MT6EK5TU971,OpenStreetMap,,True,,,exterior_visible
Casa de Aureliano San Román,,1905,43.3599219,-5.8471713,3,D85OJ48G18RS,OpenStreetMap,,True,,,exterior_visible
Casa Lacazette,T. Fábrega,1871,43.3598791,-5.8468158,3,4T1W8B76B5IY,OpenStreetMap,,True,,,exterior_visible
Museu da Chapelaria,,2005-06-22,40.9034934,-8.4957541,3,669CD3WSS8Y4,OpenStreetMap,,True,,,exterior_visible
Farol de Montedor,,1910-03-20,41.7511147,-8.8735174,3,240OR44GK2GV,OpenStreetMap,,True,,,exterior_visible
Casa de Chá da Boa Nova,Álvaro Siza Vieira,1958,41.203051,-8.7152072,3,98N8OGU76E1P,OpenStreetMap,,True,Category:Casa de Chá da Boa Nova,,exterior_visible
,Adalberto Dias,,41.1891786,-8.7045089,3,230ZO85E6ZUT,OpenStreetMap,,True,,,exterior_visible
,Adalberto Dias,,41.188284,-8.703928,3,42574NK1RGYD,OpenStreetMap,,True,,,exterior_visible
Estação de Passageiros,Francisco Figueiredo,,41.1871664,-8.6993768,3,3N3P6UO71T4L,OpenStreetMap,,True,,,exterior_visible
Capela de Nossa Senhora da Conceição,,C19,41.1516306,-8.6688503,3,4ZUU74EX546R,OpenStreetMap,,True,Category:Capela de Nossa Senhora da Conceição (Foz do Douro),,exterior_visible
Museu Nacional da Imprensa,,1997-04,41.143562,-8.5771082,3,K1IYA653J6E8,OpenStreetMap,,True,Category:Museu Nacional da Imprensa,,exterior_visible
Basílica de San Martiño de Mondoñedo,,C9,43.5609781,-7.3032315,3,L94508OROV0D,OpenStreetMap,,True,Category:Basílica de San Martiño de Mondoñedo,,exterior_visible
Aproveitamento Hidroelétrico da Grela,,5/1993,40.7057902,-8.3633987,3,FZ6P74785PVS,OpenStreetMap,,True,,,exterior_visible
Igreja de São Nicolau de Basto,,C15,41.5486787,-8.0173412,3,EA74826MCN8C,OpenStreetMap,,True,,,exterior_visible
Igreja de São Lourenço de Vilar de Cunhas,,C17..18,41.5618808,-7.8549117,3,935DK748MIXQ,OpenStreetMap,,True,,,exterior_visible
,Rogério dos Santos Azevedo,,41.1490194,-8.6120854,3,3ABTO5H10H62,OpenStreetMap,,True,,,exterior_visible
Capela de Santa Justa e Santa Rufina,,1936,41.1777893,-8.4976375,3,834ZX9BNKD45,OpenStreetMap,,True,,,exterior_visible
Capela de São Sabino,,~C11,41.177967,-8.4983034,3,3F3S0NZ7E22G,OpenStreetMap,,True,,,exterior_visible
Iglesia de Santa María de la Blanca,,C15,40.401925,-4.9309255,3,2E4ZRO60V3C8,OpenStreetMap,,True,,,exterior_visible
Capela de Nossa Senhora de Guadalupe,,C15,41.3199575,-7.715211,3,W6U91YIV4D64,OpenStreetMap,,True,"Category:Igreja de Nossa Senhora de Guadalupe, Mouçós",,exterior_visible
Igreja Paroquial de Lordelo,,1669,41.3192499,-7.7663702,3,X74O3KR1FU51,OpenStreetMap,,True,,,exterior_visible
Igreja Paroquial de Justes,Jacinto Alves de Almeida Quelhas,1964,41.34755,-7.6210235,3,3857R7JRYL6S,OpenStreetMap,,True,,,exterior_visible
Igreja Paroquial de Lamas de Olo,,C16,41.370997,-7.7983578,3,LO65XD05C03C,OpenStreetMap,,True,,,exterior_visible
Tribunal Judicial da Comarca de Ansião,Carlos Ventura Dias,,39.9084073,-8.4373177,3,832ZHA80D4UE,OpenStreetMap,,True,,,exterior_visible
Capela de Santo António,,1958,40.6393688,-8.6331309,3,615Q64IJHMF8,OpenStreetMap,,True,,,exterior_visible
Central Hidroeléctrica de Polo,,1927,43.0838443,-3.3091096,3,W1HENCN14164,OpenStreetMap,,True,,,exterior_visible
Tribunal das Caldas da Rainha,Raul Rodrigues Lima,,39.4074159,-9.1366476,3,BE75CC5W60M7,OpenStreetMap,,True,Category:Tribunal Judicial das Caldas da Rainha,,exterior_visible
Real Basílica de Santa María a Maior,,C16,42.4337766,-8.6478309,3,DND511BGT441,OpenStreetMap,,True,Category:Basilica of Santa María a Maior de Pontevedra,,exterior_visible
Tribunal de Espinho,Gomes Fernandes,,41.0078497,-8.637627,3,2X6YL818V2MP,OpenStreetMap,,True,,,exterior_visible
Apeadeiro de Cruzeiro,,1906,41.2498571,-7.7471664,3,WU4AP0Q807M4,OpenStreetMap,,True,,,exterior_visible
Estação Ferroviária de Vila Real,,1906-04-01,41.2940747,-7.7388071,3,455AM9T8E8QG,OpenStreetMap,,True,Category:Vila Real train station,,exterior_visible
Club El Soto,Juan Ignacio Sendín,1976,42.3427479,-3.6324291,3,A7PAH6Z3T585,OpenStreetMap,,True,,,exterior_visible
Capela de São Frutuoso,,656-665,41.5602483,-8.4388605,3,AJ5671PSID21,OpenStreetMap,,True,,,exterior_visible
Casa del Ferroviario,,1928-08-25,42.5016321,-3.6445003,3,N2MZ120IO27Y,OpenStreetMap,,True,,,exterior_visible
Igreja Paroquial de Constantim,,1726,41.2822945,-7.6960788,3,WY57Z4Y60W2W,OpenStreetMap,,True,,,exterior_visible
Capela de Santa Cabeça,,C16,41.3223545,-7.7157854,3,XM5LP1J911K1,OpenStreetMap,,True,,,exterior_visible
Casa Matesanz,Antonio Palacios Ramilo,1919,40.4197206,-3.7028075,3,D6919ND27XGY,OpenStreetMap,,True,"Category:Casa Matesanz, Madrid",,exterior_visible
Central nuclear Santa María de Garoña,,1971,42.7753967,-3.2075119,3,MNEUPO469952,OpenStreetMap,,True,,,exterior_visible
Basílica da Santíssima Trindade,,2007-10-12,39.6298143,-8.675933,3,7800QJZVAO53,OpenStreetMap,,True,"Category:Igreja da Santíssima Trindade, Fátima",,exterior_visible
Tribunal de Leiria,Raul Rodrigues Lima,,39.7405476,-8.8098547,3,8J6758OL2XSX,OpenStreetMap,,True,,,exterior_visible
Galeria Comercial Auchan Maia,,1991-10-18,41.2492514,-8.6240881,3,2H045QV8RDI4,OpenStreetMap,,True,,,exterior_visible
Centro de Inovação Carlos Fiolhais,,2025/06/05,41.2349054,-8.6248172,3,95Y9N62E0UVQ,OpenStreetMap,,True,,,exterior_visible
Palácio da Enseada,Alcino Soutinho,,41.1779237,-8.6913027,3,0UZ3I86T17VO,OpenStreetMap,,True,,,exterior_visible
Palácio da Enseada,Alcino Soutinho,,41.1779589,-8.6912325,3,W6TK4G276XW4,OpenStreetMap,,True,,,exterior_visible
Palácio da Enseada,Alcino Soutinho,,41.1797139,-8.6919047,3,M964KB42QHN3,OpenStreetMap,,True,,,exterior_visible
Minihídrica do Corvete,,1/1972,41.3963887,-8.1795029,3,0Z8JGD259T5H,OpenStreetMap,,True,,,exterior_visible
Igreja Matriz de Crestuma - Santa Marinha,,1963-08-25,41.067492,-8.5016804,3,N75IB0NS48O8,OpenStreetMap,,True,,,exterior_visible
Torre Lidador,,2000,41.233225,-8.6220084,3,B784ISK29KB5,OpenStreetMap,,True,Category:Torre do Lidador,,exterior_visible
Casa García Conde,Juan Miguel de la Guardia,1904,43.3625245,-5.8484681,3,843N294BDBCK,OpenStreetMap,,True,,,exterior_visible
Igrexa de San Xiao de Mos,,1874,43.1626552,-7.5426745,3,4QMM3R7974IJ,OpenStreetMap,,True,,,exterior_visible
Centro Cultural Alba,,2003-05-22,42.1496554,-8.6297337,3,1ZW87430UCLH,OpenStreetMap,,True,,,exterior_visible
Igreja Paroquial de Peso da Régua,,C18,41.165353,-7.7849969,3,BZ5E07L0HK15,OpenStreetMap,,True,,,exterior_visible
Auditorio José Figueroa,,1950,42.2823962,-8.6097534,3,6C23AG8X3DN3,OpenStreetMap,,True,,,exterior_visible
Esclavas del Sagrado Corazón de Jesús,Emiliano Amann Amann,,42.3366759,-3.7096542,3,QY91O797Q6RD,OpenStreetMap,,True,,,exterior_visible
Moradias Prado de Castro,Sérgio Fernandez;Pedro Ramalho,1971,41.1558759,-8.6723825,3,YK6X7C68I87T,OpenStreetMap,,True,,,exterior_visible
Basílica de San Juan de Baños,,0661,41.9208294,-4.4723816,3,72P3BV57U1EX,OpenStreetMap,,True,,,exterior_visible
Posto de Vigia Carva,,1993,41.3991079,-7.5617442,3,520IYI9PA15G,OpenStreetMap,,True,,,exterior_visible
Casa Consistorial,,1955,42.734753,-3.4138045,3,I71317WYST0H,OpenStreetMap,,True,,,exterior_visible
Centro Comercial Santa Bárbara,Agostinho Ricca,,41.5508577,-8.4253773,3,G9Z7H018FC5D,OpenStreetMap,,True,,,exterior_visible
Casa da Câmara,Fernando Távora (1923-2005),2000,41.1430831,-8.6116793,3,593RLEQ110JG,OpenStreetMap,,True,Category:Casa dos Vinte e Quatro (Porto),,exterior_visible
Igreja de São Martinho de Cedofeita,,C13,41.1558588,-8.6215427,3,2G1WDO19A5E3,OpenStreetMap,,True,Category:Igreja de São Martinho de Cedofeita,,exterior_visible
Cripta,,1979-06-17,41.5426525,-8.3704859,3,2FG5835HU7II,OpenStreetMap,,True,,,exterior_visible
Igreja de Santo André de Vila Nune,,C18,41.4604012,-7.956508,3,L701J5BJK5R2,OpenStreetMap,,True,,,exterior_visible
Tribunal Judicial da Comarca de Aveiro,Raul Rodrigues Lima,,40.6388131,-8.6541868,3,QO573JSOP562,OpenStreetMap,,True,Category:Tribunal Judicial de Aveiro,,exterior_visible
Capilla de Luis de Lucena,,C16,40.6340846,-3.1633801,3,7RYFJ428DR95,OpenStreetMap,,True,,,exterior_visible
Biblioteca Municipal Florbela Espanca,Alcino Soutinho,2005-05--09,41.1839481,-8.6824299,3,2SQ5DI8I254M,OpenStreetMap,,True,,,exterior_visible
Tribunal Judicial de Esposende,Raul Rodrigues Lima,,41.5318196,-8.7826758,3,7J2K7J3I4J9P,OpenStreetMap,,True,,,exterior_visible
Iglesia de Santa María,,C12,43.067361,-3.3189446,3,S6706TMSMV25,OpenStreetMap,,True,"Category:Church of Santa María, Siones",,exterior_visible
Iglesia de San Lorenzo,,C13,43.0847209,-3.3012586,3,DK079IRE6F26,OpenStreetMap,,True,,,exterior_visible
Capela da Nosa Señora de Belén da Abelleira,,C18,43.6167123,-7.6375109,3,5O994BAI34UC,OpenStreetMap,,True,,,exterior_visible
Torre IV,,2003,43.2927851,-3.0039412,3,K93TA1VJ7Z78,OpenStreetMap,,True,,,exterior_visible
Torre V,,2004,43.292122,-3.003872,3,971KF6HL5S5X,OpenStreetMap,,True,,,exterior_visible
Torre VI,,2004,43.2917123,-3.0036544,3,MGU75IN5902J,OpenStreetMap,,True,,,exterior_visible
Igreja de Mafamude,,Meados do século 18,41.1253251,-8.6030143,3,8GF94B492AID,OpenStreetMap,,True,,,exterior_visible
Edificio de Aduanas de Ribadeo,,C18,43.5361414,-7.0390334,3,172AL2KEC2U1,OpenStreetMap,,True,,,exterior_visible
Concello de Ourense,,C19,42.3355698,-7.8639776,3,MQ129EM26M1L,OpenStreetMap,,True,,,exterior_visible
Igrexa da Santísima Trindade,,C12,42.3330402,-7.8638866,3,95EV822VI6IY,OpenStreetMap,,True,,,exterior_visible
Iglesia de Santa Marina,José Luis Gutiérrez Martínez,1967,42.9382417,-3.5735268,3,S45IP663K6BE,OpenStreetMap,,True,"Category:Church of Santa Marina, Villarcayo",,exterior_visible
Igrexa de San Martiño de Loiro,,C12,42.2677374,-7.906826,3,11F86OI5AFF6,OpenStreetMap,,True,,,exterior_visible
Estação Ferroviária de Coimbra,Cottinelli Telmo;Luiz Cunha,,40.2086936,-8.4321925,3,TYNR3O2023M3,OpenStreetMap,,True,,,exterior_visible
Casona de la Niña de Oro,,1778,42.9982275,-4.1387037,3,49D13N9V1WEE,OpenStreetMap,,True,,,exterior_visible
Alma Shopping,Sua Kay,,40.2048276,-8.4087165,3,72CDB3X73TK1,OpenStreetMap,,True,,,exterior_visible
Casa Luis Rocha Tomé Ribeiro,Álvaro Siza Vieira,,41.2377902,-8.621584,3,985S3U64QDOT,OpenStreetMap,,True,,,exterior_visible
Capela de Nossa Senhora da Serra,,1886,41.2483296,-7.8874432,3,H12PAP1L20P0,OpenStreetMap,,True,,,exterior_visible
Faro das Illas Sisargas,,1915,43.3599367,-8.8446953,3,BY1A70N90P7P,OpenStreetMap,,True,,,exterior_visible
Bar do Departamento de Engenharia Mecânica,Adalberto Dias,,40.6298586,-8.6575833,3,8QK30BF1Q4T7,OpenStreetMap,,True,,,exterior_visible
Departamento de Engenharia Mecânica,Adalberto Dias,,40.6295838,-8.6583182,3,D15Z80JU21OP,OpenStreetMap,,True,,,exterior_visible
Complexo Pedagógico,Vítor Figueiredo,,40.6295594,-8.6559472,3,YCT624OQ3P08,OpenStreetMap,,True,,,exterior_visible
Teatro de Vila Real,,2004,41.2993074,-7.7338658,3,04C31LC0MM2H,OpenStreetMap,,True,,,exterior_visible
Igreja Paroquial de Mouçós,,C17,41.3137721,-7.6958223,3,851UOYIE2A86,OpenStreetMap,,True,,,exterior_visible
Igreja Paroquial de Mateus,,C18,41.2996994,-7.716899,3,AD37RP00C7E2,OpenStreetMap,,True,,,exterior_visible
Farmacia Jimeno,,1725,41.6880963,-3.4812437,3,3N134WRG59WZ,OpenStreetMap,,True,,,exterior_visible
Tribunal de Anadia,Raul Rodrigues Lima,,40.4419154,-8.4379406,3,LD5R83955YDB,OpenStreetMap,,True,,,exterior_visible
Biblioteca Municipal Doutor Júlio Teixeira,,2006-10-27,41.2924311,-7.738051,3,2SQCC29PN886,OpenStreetMap,,True,,,exterior_visible
Piscina Municipal da Senhora da Hora,,2005,41.1840095,-8.6570211,3,A7G1LJ818S9Q,OpenStreetMap,,True,,,exterior_visible
Ginásio Clube de Vila Real,,1991,41.3032641,-7.7385433,3,V35WC263M7IK,OpenStreetMap,,True,,,exterior_visible
Pavilhão Fausto Carvalhais,,1983,41.3011834,-7.7390313,3,M8Y79S9JL08Q,OpenStreetMap,,True,,,exterior_visible
Piscinas Municipais Cobertas,,1979,41.3012152,-7.7396638,3,R1JE05ALN317,OpenStreetMap,,True,,,exterior_visible
Igrexa de Santa María Madalena de Adai,,1901,43.02323,-7.6003289,3,5074MM8I4HUE,OpenStreetMap,,True,,,exterior_visible
Tribunal Judicial de Abrantes,António Madeira Portugal,,39.459377,-8.1998287,3,L6O705M31JCY,OpenStreetMap,,True,Category:Tribunal Judicial de Abrantes,,exterior_visible
Edifício Encosta do Rio,Belém Lima,,41.2956518,-7.7323637,3,Y2RSR51VF710,OpenStreetMap,,True,,,exterior_visible
Edifício Encosta do Rio,Belém Lima,,41.2958272,-7.7319464,3,5O50P7NASG47,OpenStreetMap,,True,,,exterior_visible
Capilla de la Residencia,,1962-10-31,42.9441088,-3.5683623,3,2AMLNG45355J,OpenStreetMap,,True,,,exterior_visible
Ermita de San Roque,,1784,42.9422734,-3.5684169,3,9DHO7K856MZ5,OpenStreetMap,,True,Category:Hermitage of Saint Roque (Villarcayo),,exterior_visible
Casa de Cultura de Villarcayo,,1930,42.9368976,-3.5749635,3,J06YV55TZ23O,OpenStreetMap,,True,,,exterior_visible
Paço da Loba,,C13,40.965173,-7.5211604,3,L36J4LUT0M93,OpenStreetMap,,True,,,exterior_visible
,Alcino Soutinho,,41.9401687,-8.7449954,3,FB2T95CZN993,OpenStreetMap,,True,Category:Pousada de D. Dinis,,exterior_visible
Los Arcos de San Antón,,C16,40.034732,-6.0858888,3,K22MMZ5QP348,OpenStreetMap,,True,,,exterior_visible
Sé de Vila Real,,1424,41.2964337,-7.7467443,3,L704G7BW2YV3,OpenStreetMap,,True,Category:Igreja de São Domingos (Vila Real),,exterior_visible
Câmara Municipal de Chaves,,C19,41.7399531,-7.4717204,3,AW8T118E13HP,OpenStreetMap,,True,,,exterior_visible
Creche Madame Brouillard,,1987,41.2987894,-7.7499201,3,M5K45WEB75T6,OpenStreetMap,,True,,,exterior_visible
Antiga Igreja Paroquial de São Dinis,,C14,41.2918008,-7.746518,3,G517TK0AO2A6,OpenStreetMap,,True,,,exterior_visible
,Júlio José de Brito,1901,41.294319,-7.7468884,3,338IPTF6T40J,OpenStreetMap,,True,,,exterior_visible
Igreja da Misericórdia,,C16,41.2958342,-7.7451869,3,3S05ML4EK81L,OpenStreetMap,,True,,,exterior_visible
Palácio do Conde de Amarante,,1816,41.2956697,-7.7475807,3,X41V4653MEBQ,OpenStreetMap,,True,,,exterior_visible
Igreja de São Pedro,,C16,41.2990201,-7.7431317,3,9WN6IG70F7C7,OpenStreetMap,,True,Category:Igreja de São Pedro (Vila Real),,exterior_visible
Igreja de São Paulo,Nicolau Nasoni,1639,41.2975414,-7.7445924,3,02WGAJ07AW76,OpenStreetMap,,True,Category:Igreja de São Paulo (Vila Real),,exterior_visible
Capela do Calvário,,1680,41.3005057,-7.7426129,3,X683V7SAQ0X8,OpenStreetMap,,True,Category:Capela do Calvário (Vila Real),,exterior_visible
Conservatória do Registo Civil / Cartório Notarial,Raul Rodrigues Lima,,41.8072298,-6.7595757,3,VXK9T963MS10,OpenStreetMap,,True,,,exterior_visible
Tribunal Judicial da Comarca de Bragança,Raul Rodrigues Lima,,41.8076107,-6.75945,3,H5ZYI23XM985,OpenStreetMap,,True,,,exterior_visible
Tribunal de Amares,Francisco Augusto Baptista,,41.6305306,-8.3566307,3,1TT0H49RSL16,OpenStreetMap,,True,,,exterior_visible
Direção Regional de Agricultura e Pescas do Norte,,1999,41.3003992,-7.7373544,3,4OK3R7ZP064L,OpenStreetMap,,True,,,exterior_visible
Casa de Infias,,C17,41.5583904,-8.4178794,3,Q28O3I8I25SF,OpenStreetMap,,True,,,exterior_visible
Las Moreras,,1922,40.4474372,-3.5349149,3,Y5Z0L265Y6VQ,OpenStreetMap,,True,,,exterior_visible
Complexo de Piscinas Luís Lopes da Conceição,Sua Kay,2005-08-30,40.2097081,-8.4540631,3,2D304BEN1YL8,OpenStreetMap,,True,,,exterior_visible
Igreja de Santa Marinha de Pedraça,,C18..19,41.4941492,-7.9587259,3,AE98449NGJM3,OpenStreetMap,,True,,,exterior_visible
Igreja de Santo André de Painzela,,C17..18,41.5236241,-8.012898,3,1E0BX75WZE53,OpenStreetMap,,True,,,exterior_visible
Igreja de Santa Senhorinha de Basto,,C17..18,41.4881741,-7.9825052,3,2D7A4VJW3M88,OpenStreetMap,,True,,,exterior_visible
Igreja de Santiago da Faia,,C17..18,41.4836449,-7.9736227,3,A08E3Q13I7EK,OpenStreetMap,,True,,,exterior_visible
Capela das Almas,,C18,41.4579828,-7.9260201,3,8TK83UD97E0G,OpenStreetMap,,True,,,exterior_visible
Torre de Otañes,,C14,43.3344205,-3.1995865,3,74DT62KQK80M,OpenStreetMap,,True,,,exterior_visible
Igreja de Paderne,,C13,42.0896312,-8.2739213,3,WO2K15YWL352,OpenStreetMap,,True,,,exterior_visible
Igreja de Santa Eufémia,,Século XVIII,41.4735809,-6.3565881,3,C1057FV1V0CS,OpenStreetMap,,True,,,exterior_visible
Telefónica,,1970,42.348702,-3.6784568,3,OV3E2P7LJ139,OpenStreetMap,,True,,,exterior_visible
Torre Moeve,,2008,40.4759349,-3.6878893,3,01AQFG5GS591,OpenStreetMap,,True,,,exterior_visible
Bela Prenda,,2016,41.4127902,-8.5089089,3,1U8BZ3L45SB0,OpenStreetMap,,True,,,exterior_visible
Guardia Civil,,1975,42.3489578,-3.6766532,3,VD9B230L6JK9,OpenStreetMap,,True,,,exterior_visible
Capela dos Remedios do Naseiro,,C20,43.6199417,-7.5928408,3,TN3164T6L8WG,OpenStreetMap,,True,,,exterior_visible
Capela de San Martiño do Monte do Castelo,,C19,43.6115878,-7.6144703,3,P712D6OS0K3G,OpenStreetMap,,True,,,exterior_visible
Aproveitamento Hidroelétrico dos Coucinhos,,1995,40.2722224,-7.6188541,3,4M6U0E4HB26S,OpenStreetMap,,True,,,exterior_visible
Aproveitamento Hidroelétrico da Ribeira de Alforfa,,1995,40.2758329,-7.611906,3,0LU79HD8R6S5,OpenStreetMap,,True,,,exterior_visible
Aproveitamento Hidroelétrico da Pedra da Figueira,,1995,40.2866803,-7.5999,3,7A2K8463PJRX,OpenStreetMap,,True,,,exterior_visible
Axencia Estatal de Adminstración Tributaria - Delegación de Facenda de Pontevedra,Rafael Caballero Sánchez-Izquierdo,,42.4256691,-8.6462333,3,9LAO5V2UO945,OpenStreetMap,,True,,,exterior_visible
Casa Antón,Rodolfo Ucha Piñeiro,1918,43.4812147,-8.2413684,3,92L8G49BB5VE,OpenStreetMap,,True,"Category:Casa Antón, Ferrol",,exterior_visible
Casa da Parra,Domingo de Andrade,,42.8808578,-8.5436906,3,8PL4EC94S03D,OpenStreetMap,,True,Category:Casa da Parra,,exterior_visible
Igrexa de San Roque de Señorín,,C18,42.4220365,-8.076916,3,9BCI3DK3186Q,OpenStreetMap,,True,,,exterior_visible
Capilla de Cristalería Española,,1915,42.992022,-3.9457782,3,J9S51X5O3TH8,OpenStreetMap,,True,,,exterior_visible
Capela de San Miguel,,1918,43.6162894,-7.6456483,3,9MD18TZM54P1,OpenStreetMap,,True,,,exterior_visible
Centro de Cultura e Recreio do Orfeão da Feira,,1975,40.923377,-8.5451067,3,ZA45136EHKR7,OpenStreetMap,,True,,,exterior_visible
Ermita de la Cabaña de Hijedo,,1922,42.917872,-3.9600114,3,64BS68KD98UT,OpenStreetMap,,True,,,exterior_visible
Câmara Municipal de Vila Nova de Gaia,Francisco de Oliveira Ferreira,1916,41.1300293,-8.606548,3,Z9MQ420DQC51,OpenStreetMap,,True,Category:Câmara Municipal de Vila Nova de Gaia,,exterior_visible
Centro Deportivo Florida Arena,Salvador Pérez Arroyo,2010,43.3659654,-5.8754752,3,K40XKJ73O0Q5,OpenStreetMap,,True,,,exterior_visible
Caixa Geral de Depósitos,Raúl Chorão Ramalho,,39.7437766,-8.8078224,3,7Q8GG10UR11W,OpenStreetMap,,True,,,exterior_visible
Capela de Nossa Senhora da Conceição,,C18..C19,41.2890407,-7.8287717,3,7MPNHL28755Z,OpenStreetMap,,True,,,exterior_visible
Teatro da Cerca de São Bernardo,João Mendes Ribeiro,,40.2129059,-8.4296837,3,TY75CJ00Q9J3,OpenStreetMap,,True,,,exterior_visible
Meirama,,1943,43.2149491,-8.4495329,3,X0J738GC46ZI,OpenStreetMap,,True,,,exterior_visible
Iglesia de Santa María la Mayor,,C13,39.4608565,-5.8841649,3,T1P1N40Z81KA,OpenStreetMap,,True,,,exterior_visible
Museo de Historia Natural Luís Iglesias,César Portela,,42.886352,-8.5459078,3,1L3DL6I52G3N,OpenStreetMap,,True,,,exterior_visible
Palacio de Valdecarzana,,before 1400,43.5563413,-5.9215064,3,M45B45IE0RF3,OpenStreetMap,,True,,,exterior_visible
Tribunal de Ovar,Januário Godinho,,40.8598436,-8.6242363,3,B1AH6J83X20B,OpenStreetMap,,True,,,exterior_visible
Casa do Asilo José Vasques Osório,Teixeira Lopes,,41.1595084,-7.7851557,3,939WLSF9O2B5,OpenStreetMap,,True,,,exterior_visible
Central Hidroelétrica da Velada,,1935,39.5914021,-7.7093641,3,8X6VMB50R2D4,OpenStreetMap,,True,,,exterior_visible
Museu Municipal de Porto de Mós,,1989,39.6018902,-8.8181115,3,7E7O8UVA0T84,OpenStreetMap,,True,,,exterior_visible
Torreón de Fernán González,,942,42.0582717,-3.5197416,3,42322H9VPEAT,OpenStreetMap,,True,,,exterior_visible
Pósito,,C16,39.4048391,-3.1262434,3,253N7T3PNO2Y,OpenStreetMap,,True,,,exterior_visible
Palácio Atlântico,"ARS arquitectos (Mário Cândido de Morais Soares, António Fortunato Cabral, Fernando da Cunha Leão)",1951,41.1480488,-8.6091388,3,ZDKP942H4T06,OpenStreetMap,,True,Category:Palácio Atlântico,,exterior_visible
Sé do Porto,,C12,41.1428871,-8.6111782,3,4X576HIC8Y1W,OpenStreetMap,,True,Category:Sé do Porto,,exterior_visible
Oratório da Capela de São Sebastião,,C18,41.1432184,-8.6114016,3,XUZ0752F90LX,OpenStreetMap,,True,Category:Capela do Senhor dos Passos (Porto),,exterior_visible
Vestigios Casa da Camara,,C15,41.1430889,-8.6116593,3,79ZGZ9X6AJ29,OpenStreetMap,,True,,,exterior_visible
Torre Medieval,Rogério de Azevedo,,41.142801,-8.6122059,3,22A7E3Y48MQV,OpenStreetMap,,True,Category:Torre de D. Pedro Pitões,,exterior_visible
Igreja de Nossa Senhora do Patrocínio,,C18,41.1414625,-8.6102207,3,6832PUSIP25E,OpenStreetMap,,True,,,exterior_visible
Capela da Senhora do Ó,,C17,41.140443,-8.614648,3,7O4XJP25B9F9,OpenStreetMap,,True,Category:Capela de Nossa Senhora do Ó,,exterior_visible
Hard Club,João Carlos Machado;Companhia Aliança (Fundição de Massarelos),,41.1417734,-8.6146773,3,WK677Z6NO0N4,OpenStreetMap,,True,Category:Mercado Ferreira Borges,,exterior_visible
Torre da Rua de Baixo,,C13,41.1408748,-8.6124814,3,76H42IP38QXH,OpenStreetMap,,True,Category:Torre da Rua de Baixo,,exterior_visible
"Edifício na Rua Chã, n.º 98 a 102",,C18,41.1439877,-8.6098631,3,I2207E6AD2CV,OpenStreetMap,,True,,,exterior_visible
Arquivo do Teatro São João,,C19,41.1437453,-8.6083732,3,531V1JX9CSX1,OpenStreetMap,,True,,,exterior_visible
Palácio dos Condes de Azevedo,,C17,41.1432645,-8.6088048,3,WPIJ480W64I8,OpenStreetMap,,True,Category:Palácio dos Condes de Azevedo,,exterior_visible
Teatro Nacional São João,José Marques da Silva,1920,41.1443561,-8.6078216,3,KV28TU7P1G44,OpenStreetMap,,True,File:National Theatre (27470983379).jpg,,exterior_visible
Hotel Intercontinental Palácio das Cardosas,Amoroso Lopes;Manuel Marques,1834,41.1459505,-8.610943,3,812ES8JQ12IQ,OpenStreetMap,,True,Category:Palácio das Cardosas,,exterior_visible
Palacete de Belomonte,,C18,41.1426541,-8.6160439,3,1147S4EUIUW4,OpenStreetMap,,True,Category:Palacete de Belomonte,,exterior_visible
Galilé da Sé do Porto,Nicolau Nasoni,,41.1429057,-8.6115007,3,IC33DR1P5T17,OpenStreetMap,,True,,,exterior_visible
Igreja da Vitória,,1769,41.1434813,-8.615855,3,L6Y7LAU8018G,OpenStreetMap,,True,Category:Igreja de Nossa Senhora da Vitória (Porto),,exterior_visible
Palácio de São João Novo,Nicolau Nasoni;António Pereira,1727,41.1424753,-8.6174923,3,7CT4C73IF2V8,OpenStreetMap,,True,Category:Palácio de São João Novo,,exterior_visible
Clube Inglês do Porto,,1834,41.1432853,-8.6182366,3,49VW0V69QE4Y,OpenStreetMap,,True,Category:Antigo Clube dos Ingleses,,exterior_visible
,"Júlio José de Brito, eng. arq.",,41.1462641,-8.6121549,3,DVU90N2064NJ,OpenStreetMap,,True,,,exterior_visible
Capela dos Alfaiates,,C16,41.1432716,-8.6073495,3,YVJ3J37D089F,OpenStreetMap,,True,Category:Capela dos Alfaiates,,exterior_visible
Tribunal da Figueira da Foz,Raul Rodrigues Lima,,40.1495069,-8.8606174,3,EX3X9559W6BE,OpenStreetMap,,True,Category:Palácio da Justiça (Figueira da Foz),,exterior_visible
Batalha Centro de Cinema,,1947-06-03,41.1456637,-8.60692,3,T56X74JSH46T,OpenStreetMap,,True,Category:Cinema Batalha,,exterior_visible
Garagem Passos Manuel,Mário Ferreira de Abreu,1938,41.1466845,-8.6056441,3,7T0465KI6ZCI,OpenStreetMap,,True,Category:Garagem Passos Manuel,,exterior_visible
Palacio del Marqués de Alcañices,Francisco de Cubas,1865,40.4213112,-3.6928782,3,640EA8XC8R6H,OpenStreetMap,,True,"Category:Palacio de Alcañices, Madrid",,exterior_visible
Palacio López-Dóriga,Francisco de Cubas,1872,40.4216329,-3.6925982,3,1KJ81TW26N2J,OpenStreetMap,,True,"Category:Palacio López-Dóriga, Madrid",,exterior_visible
Edifício na Rua de Santa Catarina nº 1;Ourivesaria Reis & Filhos,,1880,41.1463946,-8.6071318,3,LA2TFF522N39,OpenStreetMap,,True,Category:Ourivesaria Reis & Filhos,,exterior_visible
Café Restaurante a Brasileira,Francisco de Oliveira Ferreira,C19,41.1469898,-8.6090005,3,SY244SX1SC52,OpenStreetMap,,True,Category:Café A Brasileira (Porto),,exterior_visible
"Edifício na Avenida dos Aliados, n.º 1 a 21",José Marques da Silva;Francisco de Oliveira Ferreira,1924,41.1470105,-8.6117136,3,U6JWAUN71763,OpenStreetMap,,True,"Category:Edifício ""A Nacional",,exterior_visible
Quiosque do Serviço de Transportes Colectivos do Porto;Quiosque da Praça da Liberdade (S.T.C.P.),,1873..1935,41.1465025,-8.6117384,3,526CJ2AI86MG,OpenStreetMap,,True,Category:Quiosque do Serviço de Transportes Colectivos do Porto,,exterior_visible
Banco Santander Totta,Francisco Teixeira Martim,,41.1472009,-8.6115798,3,J190W7Z0M0DD,OpenStreetMap,,True,Category:Edifício do Banco Santander Totta,,exterior_visible
"Edifício na Avenida dos Aliados, n.º 43 a 45",Porfírio Pardal Monteiro,,41.1473867,-8.6115421,3,40H2V94TJW6Y,OpenStreetMap,,True,Category:Edifício do BES (Porto),,exterior_visible
,Rogério de Azevedo,,41.1475137,-8.6131685,3,7S7NKK121N6S,OpenStreetMap,,True,,,exterior_visible
Palácio dos Condes de Vizela;Edifício Quarteirão Conde de Vizela,Casimiro Barbos;Boutin;Inácio Pereira de Sá;José Marques da Silva,,41.1463168,-8.6136719,3,LB8D10Z698UX,OpenStreetMap,,True,,,exterior_visible
Edifício na Rua da Galeria de Paris nº 26 a 34,José Estevão;Eduardo Augusto;Parada Silva Leitão,1906,41.1468877,-8.6142522,3,08SXT3I82UD9,OpenStreetMap,,True,Category:Casa Arte Nova na Rua Galeria de Paris,,exterior_visible
Monumento a Nuestra Señora de la Antigua-Txarlazo,Claudio Durán y Ventosa,1904,42.9821123,-3.037577,3,M4E5M242KAK1,OpenStreetMap,,True,,,exterior_visible
,OODA,,41.144195,-8.6209326,3,68DK3QOBG518,OpenStreetMap,,True,,,exterior_visible
Capela de Saimes,,1898,41.0868719,-8.1917667,3,34BGJ8F9I47N,OpenStreetMap,,True,,,exterior_visible
Hospital de Santo António - Edifício Neoclássico,John Carr,1824,41.147659,-8.6191984,3,L28Q031X3XAW,OpenStreetMap,,True,Category:Hospital de Santo António (Monumento Nacional),,exterior_visible
Ponte Pênsil Dona Maria II,,1843,41.140522,-8.6099826,3,Q62VL750RI9Y,OpenStreetMap,,True,Category:Ponte pênsil D. Maria II,,exterior_visible
Iglesia de San Juan Bautista,,C12,41.9096019,-5.5739631,3,H9H17HDDA420,OpenStreetMap,,True,,,exterior_visible
,Raul Rodrigues Lima,,41.8066407,-6.7591765,3,6CZ5LY97U35J,OpenStreetMap,,True,,,exterior_visible
Casona La Regla,Manuel Reguera González,1782,43.36052,-5.8416241,3,J5FI2R5E67L2,OpenStreetMap,,True,,,exterior_visible
Igreja de Nossa Senhora da Esperança,,1763,41.1453471,-8.6023526,3,M8N0L1LM72X2,OpenStreetMap,,True,Category:Igreja de Nossa Senhora da Esperança,,exterior_visible
Igrexa de San Salvador de Budiño,,C12,42.1036054,-8.5995515,3,I6CDJR74628P,OpenStreetMap,,True,,,exterior_visible
Central Hidroelétrica da Ermida,,1943,40.096308,-8.2271831,3,0QNQM6Q372H1,OpenStreetMap,,True,,,exterior_visible
ALDI,,2023-12-01,40.4505259,-3.4716116,3,QO0Q9Y07J9Q9,OpenStreetMap,,True,,,exterior_visible
Vila Fernandes Costa,,1916,40.2129463,-8.4179526,3,88GO88TO8K4O,OpenStreetMap,,True,,,exterior_visible
Torre de San Julián,,C17,43.3369071,-5.5660124,3,J76VZ1V2Q0Y1,OpenStreetMap,,True,,,exterior_visible
Casa das Caldeiras,João Mendes Ribeiro,,40.2091282,-8.4216522,3,2W3OM892D8NH,OpenStreetMap,,True,,,exterior_visible
TUMO Coimbra,Amílcar da Silva Pinto,,40.2110305,-8.4276011,3,875HQY0AR2R4,OpenStreetMap,,True,,,exterior_visible
Coliseu do Porto,Charles Siclis;José Porto;Júlio de Brito;Mário Abreu;Cassiano Branco;Yan Wils,1941-12-19,41.146929,-8.6051941,3,122EWE7KSI29,OpenStreetMap,,True,Category:Coliseu do Porto,,exterior_visible
Iglesia de Santo Tomás de Ḷḷindes,,1930,43.0849138,-5.9037786,3,OE5C8837OVY5,OpenStreetMap,,True,,,exterior_visible
Posto de Vigia Serra de Arga,,1994,41.7999991,-8.6879265,3,8LHEW0582D7U,OpenStreetMap,,True,,,exterior_visible
Palácio da Justiça de Castelo de Paiva,Gomes Fernandes,,41.0414702,-8.270573,3,LNAQGI937827,OpenStreetMap,,True,,,exterior_visible
Iglesia de Santa Marina,Felipe de Abajo Ontañón;Pedro Gutiérrez Ruiz,1961,42.7293852,-4.0798932,3,4951KWV8FCE9,OpenStreetMap,,True,,,exterior_visible
Teatro Municipal Rivoli,Júlio José de Brito;Pedro Ramalho,1913-10-05,41.1478172,-8.6104819,3,91KL25CP7P2X,OpenStreetMap,,True,Category:Teatro Rivoli,,exterior_visible
Aliados Plaza,"Francisco de Oliveira Ferreira, arq.;António Faria Moreira Ramalhão, mestre d'obras",,41.1484635,-8.6105394,3,6101PQTCB9Y7,OpenStreetMap,,True,Category:Edifício na Avenida dos Aliados nº 166 a 200,,exterior_visible
Hotel Chique,António José de Lima,,41.1487138,-8.6104517,3,Y704GAN1K68D,OpenStreetMap,,True,Category:Edifício na Avenida dos Aliados nº 206,,exterior_visible
Hotel Lagar do Lago,,1999,40.0021025,-8.2084211,3,KV99L2P676HZ,OpenStreetMap,,True,,,exterior_visible
A Pérola do Bolhão,,1917-05-23,41.1483702,-8.6066522,3,5SQB5MHG8181,OpenStreetMap,,True,Category:Edifício da Pérola do Bolhão,,exterior_visible
"Edifício de o Jornal ""O Comércio do Porto""",Rogério dos Santos Azevedo;Baltazar de Castro,1930,41.1482309,-8.6117115,3,P1HE48V82J7U,OpenStreetMap,,True,"Category:Edifício de o Jornal ""O Comércio do Porto""",,exterior_visible
The One Monumental Palace,Michelangelo Soá,,41.1483478,-8.6114364,3,7B3FD17F2JV4,OpenStreetMap,,True,Category:Antigo Edifício Almeida Cunha,,exterior_visible
Galerias AXA,Júlio José de Brito,,41.1486463,-8.6114221,3,Y3FQ5GK37T22,OpenStreetMap,,True,Category:Edifício AXA,,exterior_visible
Ateliers da Lada,Virgínio Moutinho,1997,41.1410874,-8.6108591,3,ZL49X632Z1ZH,OpenStreetMap,,True,,,exterior_visible
Recolhimento do Ferro,,C18,41.1414475,-8.610103,3,ZM49OC52RZ86,OpenStreetMap,,True,Category:Igreja e Recolhimento de Nossa Senhora do Patrocínio,,exterior_visible
Capela de São Salvador,,1892,41.1419997,-8.6143407,3,FYNB1695N0B4,OpenStreetMap,,True,Category:Capela de São Salvador do Mundo,,exterior_visible
Palácio do Conde do Bolhão,,C19,41.1489347,-8.6083047,3,90B1F4K7PFK6,OpenStreetMap,,True,Category:Solar do Conde de Bolhão,,exterior_visible
Edifício Marques da Silva,José Marques da Silva,,41.1492821,-8.6066335,3,7X375ZNV2ZT1,OpenStreetMap,,True,File:Portugal (15001104244) (2).jpg,,exterior_visible
Edifício das Quatro Estações,José Marques da Silva,,41.1465171,-8.6144024,3,ADIE358R30U6,OpenStreetMap,,True,Category:Edifício das Quatro Estações,,exterior_visible
Betinatêxteis Lar,,1992,39.7611553,-8.8243741,3,Y10YP8QH8T96,OpenStreetMap,,True,,,exterior_visible
Instituto de Ciências Biomédicas Abel Salazar,Joaquim da Costa Lima Júnior;Baltazar da Silva Castro,,41.1473158,-8.6174266,3,WYMD020O59O5,OpenStreetMap,,True,Category:Escola Médico-Cirúrgica Abel Salazar,,exterior_visible
Torre do Batallón,,C12,42.77661,-7.4186888,3,I61OK4A1Z8G7,OpenStreetMap,,True,,,exterior_visible
Tablada,,1916,40.7056754,-4.1252723,3,5M3XF8DZ3V51,OpenStreetMap,,True,Category:Tablada_train_station,,exterior_visible
Capiella de La Purísima Concepción,,1871,43.5523016,-5.7879791,3,D9J3M2TH45O4,OpenStreetMap,,True,,,exterior_visible
San Cristóbal,,1998,40.0048465,-6.5551812,3,5GRQ433TC14X,OpenStreetMap,,True,,,exterior_visible
Tribunal Judicial da Comarca de Pinhel,José Eduardo Madeira,,40.7729456,-7.0680267,3,SRS6Z42E0B75,OpenStreetMap,,True,,,exterior_visible
Igreja Nossa Senhora da Guia,Lucínio Cruz,,39.235734,-9.3319114,3,AK544YS96ZZ3,OpenStreetMap,,True,Category:Igreja de Nossa Senhora da Guia (Atalaia),,exterior_visible
Estación de Autobuses de Sarria,,1989,42.7828858,-7.4142077,3,PH4T7869TEX4,OpenStreetMap,,True,,,exterior_visible
Santuário de Nossa Senhora da Peneda,,C19,41.9743659,-8.2230895,3,S2R67TQI1R93,OpenStreetMap,,True,,,exterior_visible
Câmara Municipal de Felgueiras,Januário Godinho,,41.3659879,-8.1979725,3,XRS66E769R2N,OpenStreetMap,,True,Category:Câmara Municipal de Felgueiras,,exterior_visible
Iglesia de San Miguel Arcángel,,1223,42.8489141,-3.6018827,3,777RD1EK6RU2,OpenStreetMap,,True,"Category:Iglesia de San Miguel Arcángel, Valdenoceda",,exterior_visible
Posto de Vigia Montesinho,,1957,41.9287081,-6.7571321,3,237LAF605NGY,OpenStreetMap,,True,,,exterior_visible
Casa do Juíz,,1910,40.3618745,-7.583934,3,T46Q140LOW9F,OpenStreetMap,,True,,,exterior_visible
Torre de Olmosalbos,Miguel de Osma;Martín Ochoa de Arteaga,1554,42.2368327,-3.6678186,3,66ZG17H70SGC,OpenStreetMap,,True,,,exterior_visible
Mausoleo a los soldados italianos,,1939-08-26,43.0400653,-3.8782679,3,0NVO5Y3A48M3,OpenStreetMap,,True,Category:Pyramid of Puerto del Escudo,,exterior_visible
Molino de viento,,1750,42.768463,-3.6492412,3,3N1X23E65HKD,OpenStreetMap,,True,,,exterior_visible
Albergue municipal San Lazaro,,1289,42.438211,-3.064776,3,784XX2U46PND,OpenStreetMap,,True,,,exterior_visible
San Nicolás de Bari,,C13,41.0897505,-4.9983937,3,3B2DJ5M08VH7,OpenStreetMap,,True,,,exterior_visible
Santa María del Castillo,,C12,41.0891376,-4.9998388,3,WR8WU9G821H8,OpenStreetMap,,True,,,exterior_visible
Casa de los Cordero,,C16,43.3418641,-3.6820068,3,4WX03YIQ3D29,OpenStreetMap,,True,,,exterior_visible
Casa Cañas,Manuel Bringas Camino,1966,43.3470571,-3.7009194,3,BO0YJE4504X9,OpenStreetMap,,True,,,exterior_visible
Palácio da Justiça de Santarém,Raul Rodrigues Lima,,39.2375101,-8.6877229,3,86I88JZB9K2Y,OpenStreetMap,,True,,,exterior_visible
Biblioteca Municipal de Ortigueira Juan Fernández Latorre,,1909,43.6866178,-7.851254,3,PQ4VZS57092H,OpenStreetMap,,True,,,exterior_visible
,Francisco de Solinís,,43.3525086,-3.7074024,3,9C05E9XX3KW9,OpenStreetMap,,True,,,exterior_visible
,Francisco de Solinís,1788-12-13,43.3509592,-3.7086611,3,U1P7332IYU1O,OpenStreetMap,,True,,,exterior_visible
Capela de Santo Estêvão,,1964-05-12,39.6185777,-8.6711637,3,U8ILF4531D4B,OpenStreetMap,,True,,,exterior_visible
Piscina Praia-Mar,José Isaías Cardoso,,40.1514375,-8.8665235,3,6T8M18C5X9TB,OpenStreetMap,,True,,,exterior_visible
,Luís Marçal Grilo,2002-06-01,40.1530886,-8.8607364,3,V79X13XMAH74,OpenStreetMap,,True,,,exterior_visible
,Adelino Nunes,,40.1495109,-8.8602669,3,43MH59MX9H1L,OpenStreetMap,,True,Category:Edifício dos CTT da Figueira da Foz,,exterior_visible
,OODA,,41.1476959,-8.6219638,3,H06M0NU27C8X,OpenStreetMap,,True,,,exterior_visible
Igreja de Santa Clara,,C15,41.142526,-8.6094506,3,363PQ8XIAT99,OpenStreetMap,,True,Category:Igreja de Santa Clara (Porto),,exterior_visible
Estación de Autobuses de Monterroso,,2009-01,42.7925708,-7.8377748,3,251FSX98UR1S,OpenStreetMap,,True,,,exterior_visible
Casa dos Sá Sotomaior,,1570,41.6932315,-8.8286105,3,7F9GRUT6636S,OpenStreetMap,,True,,,exterior_visible
Antiga Estación de Ordes-A Pontraga,,1943,43.0538368,-8.4470067,3,19U0QO7R1A5D,OpenStreetMap,,True,,,exterior_visible
Iglesia de San Martín de Cornejo,,C15,40.8879194,-5.0077859,3,7U18M48GC2VV,OpenStreetMap,,True,,,exterior_visible
Aproveitamento Hidroelétrico de Janeiro de Cima / Porto das Vacas,,4/1995,40.0773619,-7.7961393,3,JH0CK8317OB0,OpenStreetMap,,True,,,exterior_visible
Frontão dos Paços do Concelho,,C18,41.1462161,-8.6250684,3,66JY3SK9NU52,OpenStreetMap,,True,File:Porto (Portugal) (22441651965).jpg,,exterior_visible
Casa de Cantabria en Madrid,Carlos de Riaño,1991-11,40.413307,-3.6754426,3,L5K745PI0P1Y,OpenStreetMap,,True,"Category:Casa de Cantabria, Madrid",,exterior_visible
Talleres del Conde,,2026-07-17,43.301583,-5.690741,3,YN4JWP87T767,OpenStreetMap,,True,,,exterior_visible
Mercado de Pacífico,,1959,40.4044185,-3.6756706,3,W0L6A489JS0O,OpenStreetMap,,True,,,exterior_visible
Convento da Portela,Nicola Bigaglia (1902);Vasco Morais Palmeiro (1940),,39.7417935,-8.8111401,3,2A13X7L67CFZ,OpenStreetMap,,True,,,exterior_visible
Escola Superior de Artes e Design,Vítor Figueiredo,,39.3950698,-9.1362769,3,87FD8M449NUV,OpenStreetMap,,True,,,exterior_visible
Igrexa de San Mamede de Moldes,,C12,42.4168227,-8.1277395,3,10010JVUBFO7,OpenStreetMap,,True,,,exterior_visible
Igrexa de San Xulián de Astureses,,C12,42.445781,-8.1121628,3,741XD48TO6OQ,OpenStreetMap,,True,,,exterior_visible
Igrexa de San Martiño de Cameixa,,C12,42.4249685,-8.1600509,3,86P34DA2E7KK,OpenStreetMap,,True,,,exterior_visible
Iglesia de San Andrés,,C16,40.7173963,-3.9859803,3,124UJ7UML2U8,OpenStreetMap,,True,,,exterior_visible
Igreja Paroquial de Campeã,,1775,41.2889894,-7.8849832,3,Q0824DA2N8TB,OpenStreetMap,,True,,,exterior_visible
Escola Básica de Santa Cruz,Adães Bermudes,,40.2116503,-8.424078,3,DR8G4H850FA7,OpenStreetMap,,True,,,exterior_visible
Casa do Campo,,C16,41.4130236,-7.9898434,3,84F800KP9PQE,OpenStreetMap,,True,,,exterior_visible
Casa da Boavista,,C18,41.4213292,-7.9769346,3,7T91D9Y60SWN,OpenStreetMap,,True,,,exterior_visible
Tribunal Judicial de Estarreja,Virgínio Moutinho,,40.7529222,-8.5684205,3,J784S0GSZ52D,OpenStreetMap,,True,,,exterior_visible
Casa do Outeiro,,C18,41.4199147,-7.9756135,3,5V72I66GFPB1,OpenStreetMap,,True,,,exterior_visible
Hotel Fundador,Sérgio Fernandez;Pedro Ramalho,,41.4362473,-8.2958368,3,I353Q0GN9AF0,OpenStreetMap,,True,,,exterior_visible
Banco de Portugal,"Ventura Terra, arq.;José Teixeira Lopes, arq.;José Abecassis Júnior",1934,41.1464836,-8.6121539,3,0X9UQ5T6O9G3,OpenStreetMap,,True,Category:Edifício do Banco de Portugal no Porto,,exterior_visible
Ermita de la Flor,,C15,43.1512291,-5.8537542,3,3UEBE363S5K1,OpenStreetMap,,True,,,exterior_visible
Central Hidroelétrica da Ponte de Jugais,,1923,40.3850412,-7.7051039,3,19DEVEA0Y897,OpenStreetMap,,True,,,exterior_visible
Capela de San Sebastián,,1552,42.1568375,-8.6198961,3,N6W777LYJ64U,OpenStreetMap,,True,"File:Capela de San Sebastián, O Porriño.jpg",,exterior_visible
Capela de Nosa Señora da Guía,,1640,42.1497635,-8.6217427,3,HI26Q6CF482J,OpenStreetMap,,True,File:Capela da Virxe da Guía.jpg,,exterior_visible
Igreja Paroquial de Mancelos,,C13,41.274941,-8.1570501,3,3616KH2VF9ZO,OpenStreetMap,,True,,,exterior_visible
Capela do Senhor da Piedade,Januário Godinho,,40.8740446,-8.6711366,3,5H9Q1BA89K9A,OpenStreetMap,,True,,,exterior_visible
Capela do Santísimo Cristo da Agonía,,C19,42.1625882,-8.6206191,3,08L3F04JS8GX,OpenStreetMap,,True,"File:Capela do Santo Cristo da Agonía, O Porriño.jpg",,exterior_visible
Capela da Virxe do Monte,,1677,42.6106396,-8.9398101,3,LS41WN7F2B79,OpenStreetMap,,True,,,exterior_visible
Torre de Hércules,,C1,43.3859612,-8.4066319,3,LEF7U59C38D7,OpenStreetMap,,True,,,exterior_visible
Rosa dos Ventos,Javier Correa,1994,43.3865877,-8.4077685,3,X700LO6UY28S,OpenStreetMap,,True,File:RosaDeLosVientosTorreDeHercules.jpg,,exterior_visible
Fonte de Villar,,1910,41.1510484,-8.6286093,3,P359P4I3U8TN,OpenStreetMap,,True,,,exterior_visible
Castillo de Caudilla,,1449..1450,40.0173094,-4.300552,3,7656GFZRT69P,OpenStreetMap,,True,,,exterior_visible
Jardins do Lis Galerias,,2004-04-19,39.7513813,-8.8070735,3,3KCY588HD30W,OpenStreetMap,,True,,,exterior_visible
Fonte do Caco,,1899,41.1506054,-8.6295691,3,V749PT5YR2K6,OpenStreetMap,,True,,,exterior_visible
Villa Brandão,,1892,40.8802979,-8.5090205,3,97WQ9B6CT0T3,OpenStreetMap,,True,,,exterior_visible
Central de reserva,,1926,39.8646505,-4.041723,3,HL7I639Y1YK2,OpenStreetMap,,True,,,exterior_visible
Casa Rústica,Ramiro Amador de los Ríos,1872,39.8639002,-4.0257457,3,IFH1799H79HQ,OpenStreetMap,,True,,,exterior_visible
Apeadoiro de Cambre,,1875-10-10,43.2905069,-8.352188,3,1X6P44GSJ8Q6,OpenStreetMap,,True,,,exterior_visible
Pazo da Barcala,,1782,43.3094563,-8.3531407,3,JF44P067DRK1,OpenStreetMap,,True,,,exterior_visible
Iglesia de San Juan Bautista,,1567,39.4606778,-3.6102965,3,EK7X2C7Y9H94,OpenStreetMap,,True,,,exterior_visible
Casa de la Química,Francesco Sabatini,,40.9518404,-4.1311476,3,F4CJ2H0Z5H03,OpenStreetMap,,True,,,exterior_visible
Cooperativa La Fraternidad,José Luis Gutiérrez Martínez,31-12-1927,42.3408213,-3.7080137,3,5WW33F2XS5T7,OpenStreetMap,,True,,,exterior_visible
La Divina Pastora,José Luis Gutiérrez Martínez,15-07-1928,42.3432344,-3.7121612,3,62L4P1H8PTI7,OpenStreetMap,,True,,,exterior_visible
Tribunal Judicial de Paços de Ferreira,Raul Rodrigues Lima,,41.2767355,-8.3762609,3,G022XEK4EY64,OpenStreetMap,,True,File:Tribunal Paços.jpg,,exterior_visible
Capela de San Cosme,,C13,43.2895504,-8.0991085,3,2DH540JD0S8H,OpenStreetMap,,True,,,exterior_visible
Tribunal Judicial de Cantanhede,Luís Amoroso Lopes;António Madeira Portugal,,40.3467348,-8.5898482,3,S16GT0S9K2N3,OpenStreetMap,,True,,,exterior_visible
Biblioteca Municipal de Cantanhede,,1992-07-25,40.3469467,-8.5885467,3,67C47BUR5O3Q,OpenStreetMap,,True,,,exterior_visible
Igrexa de San Salvador de Pazos de Arenteiro,,C12,42.3985121,-8.1454372,3,M4D3524JKW8P,OpenStreetMap,,True,,,exterior_visible
Centro de Día de San Sadurniño,,2010,43.5319047,-8.0733608,3,0K5XK8V08UY4,OpenStreetMap,,True,,,exterior_visible
Lake Towers,Sua Kay,,41.1428874,-8.6402774,3,I85LE3ET95J9,OpenStreetMap,,True,,,exterior_visible
Lake Towers,Sua Kay,,41.1421504,-8.6396676,3,U64Q02G3NU4Y,OpenStreetMap,,True,,,exterior_visible
,Sua Kay,,41.1418278,-8.6402334,3,YF89K8HUH633,OpenStreetMap,,True,,,exterior_visible
,Sua Kay,,41.1417561,-8.6403541,3,9L1XJG7711VY,OpenStreetMap,,True,,,exterior_visible
Casa do Barão de Pombeiro,,C19,41.4450315,-8.2926173,3,ZK21V3NO232D,OpenStreetMap,,True,,,exterior_visible
Igreja do Espírito Santo,Lucínio Cruz,,39.2573835,-9.2877977,3,34YGH820WRP9,OpenStreetMap,,True,,,exterior_visible
,Nicolau Nasoni,,41.143926,-8.6142992,3,T4QLA4A6T129,OpenStreetMap,,True,,,exterior_visible
Igreja Evangélica Metodista do Mirante,,1877,41.1517848,-8.614929,3,82W4XFY832SO,OpenStreetMap,,True,Category:Igreja Evangélica Metodista do Mirante,,exterior_visible
"Monumento em Homenagem aos Vinte e Sete Combatentes do Ultramar Português, do Concelho de Castelo de Paiva",,2000-05-14,41.0419756,-8.2680773,3,5V890VKS40LA,OpenStreetMap,,True,,,exterior_visible
Palácio do Raio,,1955,41.5483278,-8.4224441,3,1Y78RTOR5L67,OpenStreetMap,,True,,,exterior_visible
CITEVE,,1989-05-08,41.4119131,-8.5105061,3,1X8W6ZLG43I7,OpenStreetMap,,True,,,exterior_visible
Biblioteca Municipal,,1752,39.6990111,-3.5029203,3,7AV59H9H6P7X,OpenStreetMap,,True,"File:Ermita de la Veracruz, Tembleque.jpg",,exterior_visible
Amkor Technology,Sua Kay,,41.3240448,-8.7187063,3,F5QH2ZU18T77,OpenStreetMap,,True,,,exterior_visible
Iglesia del Salvador,,C12,41.0622152,-4.7199156,3,9G7XH2A91N8Z,OpenStreetMap,,True,File:Arévalo_8.jpg,,exterior_visible
Iglesia de Santo Domingo de Silos,,C12,41.0632498,-4.7191157,3,T734W0PAYH17,OpenStreetMap,,True,File:Arévalo_6.jpg,,exterior_visible
Iglesia de San Juan de los Reyes,,C12,41.0648094,-4.7217987,3,3JIRM863O58P,OpenStreetMap,,True,,,exterior_visible
Iglesia de San Miguel,,C12,41.0664002,-4.7222567,3,M6U748DSVR98,OpenStreetMap,,True,File:IglesiaDeSanMiguelDeArévalo20110911144014P1130795.jpg,,exterior_visible
Iglesia de Santa María la Mayor,,C12,41.0663221,-4.7200607,3,O20733O1FFYD,OpenStreetMap,,True,,,exterior_visible
Iglesia de San Martín,,C12,41.0655652,-4.7189347,3,94882DA2UYDB,OpenStreetMap,,True,File:Arévalo_San_Martín._19.JPG,,exterior_visible
Concello de Ordes,Adolfo de la Vega,1944,43.0767658,-8.4078669,3,5TEGB578Q8T1,OpenStreetMap,,True,,,exterior_visible
Barracón de la Guerra Civil,,1938-11,40.902151,-3.9637839,3,67BN21N0RN8D,OpenStreetMap,,True,,,exterior_visible
El Caxón de Manolo,,1908,43.2524338,-5.7724255,3,UR40BQC31P72,OpenStreetMap,,True,,,exterior_visible
Central de Zamuñon,,1995,43.0025369,-4.2871692,3,E22K791WHG3V,OpenStreetMap,,True,,,exterior_visible
Solar dos Barros Lobo,,C18,41.2652127,-7.5751451,3,40HUU45L30WF,OpenStreetMap,,True,,,exterior_visible
Espaço Guimarães,,2009-11-03,41.4497555,-8.3421011,3,GW94F9UQ3W93,OpenStreetMap,,True,,,exterior_visible
Retail Park,,2009-11-03,41.448627,-8.3419408,3,104U0QMDG0C1,OpenStreetMap,,True,,,exterior_visible
Cooperativa Reina Kilama,,1997,40.5364505,-5.9254423,3,K9F8K518MNH8,OpenStreetMap,,True,,,exterior_visible
Instituto de Química-Física Blas Cabrera,,1946,40.4418284,-3.6871309,3,I613L5U6N0CM,OpenStreetMap,,True,,,exterior_visible
Central de Valorização Energética da Lipor,,1999,41.2283121,-8.6505365,3,8NC29DF07WN9,OpenStreetMap,,True,,,exterior_visible
Pavilhão Carlos Ramos,Álvaro Siza Vieira,,41.1505355,-8.6352812,3,565V99NWT9CB,OpenStreetMap,,True,Category:Pavilhão Carlos Ramos,,exterior_visible
Iglesia de San Salvador de Valdediós,,893,43.4371918,-5.5064892,3,96Y3KLV43JG4,OpenStreetMap,,True,Category:Church of San Salvador de Valdediós,,exterior_visible
Iglesia de San Andrés,,1805,43.2021722,-5.4660512,3,S283VIA9OC52,OpenStreetMap,,True,,,exterior_visible
,António Reis Camelo,,40.1489549,-8.8574259,3,1YMO9W0730WC,OpenStreetMap,,True,Category:Edifício da Caixa Geral de Depósitos da Figueira da Foz,,exterior_visible
Cinema Trindade,,1913-06-14,41.1505101,-8.6120411,3,W1JV6AB08V44,OpenStreetMap,,True,,,exterior_visible
Igreja da Santíssima Trindade,Carlos Amarante,,41.1513211,-8.6099412,3,8QG9UOI1H973,OpenStreetMap,,True,Category:Igreja da Trindade (Porto),,exterior_visible
Aproveitamento Hidroelétrico de Ronfe,,1/1913,41.438528,-8.3740785,3,YT434UE46ER8,OpenStreetMap,,True,,,exterior_visible
Cabaña de Hoyo Sacro,,1959,43.0251363,-4.3758934,3,524YW9A5U0TL,OpenStreetMap,,True,,,exterior_visible
Central Hidroeléctrica de Cornatelo,,1964,42.4708188,-6.8140976,3,522N4F0RHYN7,OpenStreetMap,,True,,,exterior_visible
Hotel Dom Henrique Downtown,"José Carlos Loureiro, Carlos de Almeida, Luís Pádua Ramos",1973,41.1523085,-8.6071366,3,L01DQ0OKR055,OpenStreetMap,,True,Category:Hotel D. Henrique,,exterior_visible
,Manuel Tainha,,39.5989371,-8.3908769,3,7A77M57F0FDG,OpenStreetMap,,True,,,exterior_visible
,Manuel Tainha,,39.5994401,-8.3916707,3,32R54U8KOW2B,OpenStreetMap,,True,,,exterior_visible
,Manuel Tainha,,39.6006339,-8.390114,3,K8671BUBG5Y7,OpenStreetMap,,True,,,exterior_visible
Edifício DKW,Arménio Losa;Cassiano Barbosa,1953,41.1516532,-8.6064336,3,Z111O079JJMG,OpenStreetMap,,True,Category:Edifício de Escritórios e Habitação DKW,,exterior_visible
Conjunto Residencial e de Serviços de Sá da Bandeira,Agostinho Ricca Gonçalves,,41.1532041,-8.6051622,3,LEE69YW015U5,OpenStreetMap,,True,File:Urban Landscape (2459850836).jpg,,exterior_visible
,Agostinho Ricca Gonçalves,,41.1531678,-8.6055458,3,84UM41S3TA9T,OpenStreetMap,,True,File:DSC 1614 (4706976747).jpg,,exterior_visible
Biblioteca Dom Miguel da Silva,Manuel Tainha,,40.6517863,-7.9089243,3,O693YF0H5JJ6,OpenStreetMap,,True,,,exterior_visible
Capela de Nossa Senhora da Piedade,,1397,39.6106865,-8.4156107,3,7BR394OQHK26,OpenStreetMap,,True,,,exterior_visible
Edificio Jesús Murga,Pablo Aranda Sánchez,1916,40.420157,-3.7015235,3,43M603HOOEV6,OpenStreetMap,,True,"Category:Gran Vía 26, Madrid",,exterior_visible
Chalet Real,,1912,43.1697964,-4.7964066,3,3Z2A1NTY9S66,OpenStreetMap,,True,,,exterior_visible
Iglesia de Santa María de Melque,,C7..C8,39.7508898,-4.3730958,3,UEW9416EK4U8,OpenStreetMap,,True,,,exterior_visible
Hotel Galicia,,1982,42.431243,-8.6776412,3,ONM68RK8Q063,OpenStreetMap,,True,,,exterior_visible
Centro parroquial de Espianama,Ángel Hernández Morales,C16,43.1280042,-4.7858267,3,90YS6NBX95B7,OpenStreetMap,,True,,,exterior_visible
Central Hidroelétrica de Belver,,1951,39.4803834,-7.9983482,3,M18A6KN313CR,OpenStreetMap,,True,,,exterior_visible
Torre de la Quintana,,C16,43.2886926,-5.6710861,3,FSG0TZ241E32,OpenStreetMap,,True,,,exterior_visible
Igreja de Santo André de Riodouro,,C18..20,41.5491927,-7.9613573,3,3WQ8Y8901TVK,OpenStreetMap,,True,,,exterior_visible
Seminario Pontificio,Joan Martorell;Lluís Domènech i Montaner,,43.3867185,-4.3001767,3,O1K2B5XP211D,OpenStreetMap,,True,,,exterior_visible
Talleres municipales,,1926,43.4130353,-3.8592475,3,JV7966MW31LZ,OpenStreetMap,,True,,,exterior_visible
Igrexa de Santa Baia de Arealonga,Pedro de Monteagudo,1662,42.5938444,-8.7648158,3,S5VZJU8M5962,OpenStreetMap,,True,Category:Church of Santa Baia de Arealonga,,exterior_visible
Palacio de los Bernaldo de Quirós,,before 1700,43.5565824,-5.7319229,3,EB7O3P991HA6,OpenStreetMap,,True,,,exterior_visible
Edificio de Rafael Plana,Ulpiano Muñoz Zapata,1917,43.3626297,-5.8475902,3,3J30P1K6CK1I,OpenStreetMap,,True,,,exterior_visible
Casa Maragato,,1847,42.98465,-5.7057328,3,14Q6N3G6WT8K,OpenStreetMap,,True,,,exterior_visible
Ermita de Santa Águeda,,~C16,43.2575536,-2.9803707,3,JZW93E8VG433,OpenStreetMap,,True,,,exterior_visible
Tribunal de Alvaiázere,Caetano da Silva,,39.822312,-8.3791889,3,0EJ1W572QOT0,OpenStreetMap,,True,,,exterior_visible
Mercado Municipal,Real Teixeira,,39.2973231,-7.4283604,3,0AYULS82934X,OpenStreetMap,,True,,,exterior_visible
Antiga Junta de Freguesia da Maia,,1917,41.2336049,-8.6297607,3,90CT1JLC889S,OpenStreetMap,,True,,,exterior_visible
Edificio Compostela,José María Gómez Santander,,40.4229276,-3.7113617,3,52E5AQGX4P50,OpenStreetMap,,True,,,exterior_visible
Capela do Senhor dos Amarrados,,1959,41.2324923,-8.6291663,3,R54BH310NED2,OpenStreetMap,,True,,,exterior_visible
CBC S.A.,,26/09/2014,42.3679389,-3.7560781,3,ZL8XLK394A50,OpenStreetMap,,True,,,exterior_visible
Cuzco IV,,1979,40.4599794,-3.6908164,3,ZG25S6WT46T5,OpenStreetMap,,True,Category:Edificio Cuzco IV,,exterior_visible
Casa das Artes Bissaia Barreto - Sá da Bandeira,,2010-11,40.2112601,-8.422143,3,5TZQ63D690BF,OpenStreetMap,,True,,,exterior_visible
Monumento a Felipe IV,,1843-11-17,40.4183652,-3.7122341,3,49RDI423L8EF,OpenStreetMap,,True,"Category:Equestrian monument to Philip IV of Spain, Madrid",,exterior_visible
Ayuntamiento de Puente Viesgo,Javier González de Riancho,1928,43.2989609,-3.9642792,3,733UJ10G4ZPB,OpenStreetMap,,True,,,exterior_visible
Casa Dr. Alfredo Ribeiro dos Santos,Januário Godinho,,41.1631439,-8.6151825,3,09XG668L8YPX,OpenStreetMap,,True,,,exterior_visible
,Anxo Sánchez González,,43.0108573,-7.5538334,3,9633PGM5MWZ9,OpenStreetMap,,True,,,exterior_visible
Intelcia,,2015,40.5350586,-7.2763964,3,0UO1VD424UP4,OpenStreetMap,,True,,,exterior_visible
Cuzco III,,1973,40.4596491,-3.6917636,3,A96A5VZBB040,OpenStreetMap,,True,,,exterior_visible
Cine Esperanza,,1942,43.2506124,-5.772085,3,43HJB4ZYA878,OpenStreetMap,,True,,,exterior_visible
Antiguo Banco Asturiano de Industria y Comercio,,1929,43.2501459,-5.7723222,3,93E3UQT50L1G,OpenStreetMap,,True,,,exterior_visible
Iglesia de Nuestra Señora de la Asunción,,C16,40.4159424,-4.5004456,3,4NTXE12R65L2,OpenStreetMap,,True,,,exterior_visible
Igrexa de Santa Comba de Bande,,751..789,41.9731316,-8.0021991,3,820J9COKS82T,OpenStreetMap,,True,Category:Church of Santa Comba de Bande,,exterior_visible
Edifício Universo,,2010,41.4511994,-8.2954935,3,T05WK8U74ZE4,OpenStreetMap,,True,,,exterior_visible
Casa Lola de Peña,,1964,42.1677982,-8.6222453,3,8191XVBMID23,OpenStreetMap,,True,,,exterior_visible
Capela de São Martinho,,C17,41.7181407,-7.482026,3,QJB0071CL7D9,OpenStreetMap,,True,,,exterior_visible
Museo Comarcal da Fonsagrada,,1984,43.1255686,-7.0698211,3,0HROKL33004C,OpenStreetMap,,True,,,exterior_visible
Makro,,2020-09-15,40.2437269,-8.4326238,3,3Q8BZW1M734J,OpenStreetMap,,True,,,exterior_visible
DoubleTree by Hilton Madrid - Prado,,2017-01-26,40.4152184,-3.6968104,3,49R24FM0C2WT,OpenStreetMap,,True,,,exterior_visible
Casa-Torre Villota del Hoyo,,C15,43.4127028,-3.4110555,3,5R01B6RQ9Z5C,OpenStreetMap,,True,,,exterior_visible
Casa de Don Diego Cacho Rada de la Sierra Rivas,,1731,43.4126308,-3.4115252,3,VEUO9T101D48,OpenStreetMap,,True,,,exterior_visible
Iglesia de San Juan Bautista,,C16,40.6030709,-4.3255341,3,0362Y6WDOK1P,OpenStreetMap,,True,,,exterior_visible
Convento de Santo Domingo y San Pablo,,1545,40.6059368,-4.3266981,3,RX086X0Y3MK7,OpenStreetMap,,True,,,exterior_visible
Igreja de Cústóias,,C18,41.2030174,-8.6453962,3,Z5V0NVZ4C715,OpenStreetMap,,True,,,exterior_visible
Iglesia de San Miguel Arcángel,,C16..C17,39.9828719,-3.1901325,3,HU48TYD07Y98,OpenStreetMap,,True,,,exterior_visible
Hotel Balneario Laias Caldaria,,2001,42.3266069,-8.0301434,3,91ZP94KS8V8W,OpenStreetMap,,True,,,exterior_visible
Antiguo Banco Mercantil e Industrial,Antonio Palacios Ramilo,1933,40.418459,-3.698167,3,46SZOR82K6F1,OpenStreetMap,,True,Category:Building of the Banco Mercantil e Industrial,,exterior_visible
Pombal,,C16,42.7315938,-7.3267779,3,J478U4H3P5SX,OpenStreetMap,,True,,,exterior_visible
Capela de San Alberte,,C13,43.1714858,-7.7948258,3,92U704ESNM2J,OpenStreetMap,,True,"File:Capela de Santo Alberte, San Breixo de Parga, Guitiriz.jpg",,exterior_visible
Central Hidroéletrica Sabugal-Meimoa,,8/2010,40.2686322,-7.1010913,3,JI581JAE526P,OpenStreetMap,,True,,,exterior_visible
Muíño do Campo da Torre,,1888,43.6848903,-7.8564623,3,M328W23MQQ9E,OpenStreetMap,,True,,,exterior_visible
Iglesia de San Pedro Apóstol,,C12,40.9365715,-4.7852887,3,0J6YK416PF4Q,OpenStreetMap,,True,,,exterior_visible
Palácio da Justiça de Monção,Raul Rodrigues Lima,,42.0777664,-8.48208,3,3D58R15D3EEG,OpenStreetMap,,True,File:Monção 2020 01.jpg,,exterior_visible
Palácio da Brejoeira,Carlos Amarante,,42.0414035,-8.494599,3,F0S6Q4B82HP3,OpenStreetMap,,True,,,exterior_visible
Igreja Matriz de Fornos - São Salvador,,1739,40.9159669,-8.5331909,3,N17MB9DR934V,OpenStreetMap,,True,File:Igreja de Fornos.jpg,,exterior_visible
Iglesia de San Andrés,,C17,41.6885949,-3.8739364,3,13J73JQ4MKI2,OpenStreetMap,,True,,,exterior_visible
Palácio da Justiça de Portalegre,Raul Rodrigues Lima,,39.2973848,-7.4292844,3,I7K42S3S31FQ,OpenStreetMap,,True,Category:Edifício do Tribunal de Portalegre,,exterior_visible
Museu Termas Romanas de Chaves,,2021-12-21,41.7395876,-7.4680231,3,PUJ8Q4M252Y4,OpenStreetMap,,True,,,exterior_visible
Casa de la Marquesa de San Juan de Nieva,juan Miguel de la Guardia y Ceinos,1899,43.3621231,-5.8446756,3,446CU3B5MRV4,OpenStreetMap,,True,,,exterior_visible
Almacenes Masaveu,Julio Galán Carvajal,1910,43.3611384,-5.8446113,3,V665JKV06NS2,OpenStreetMap,,True,,,exterior_visible
Casa Masaveu,J. Aguirre,1882,43.3607994,-5.8441483,3,73LHVOLW1998,OpenStreetMap,,True,,,exterior_visible
Casona Nobiliaria para Antonia Navia,U. Muñóz Zapata,1899,43.3613099,-5.8440303,3,7K6T85I52NGD,OpenStreetMap,,True,,,exterior_visible
Casa del Arco Iris,Francisco Casariego,1922,43.3604064,-5.8443484,3,E175271DUHVR,OpenStreetMap,,True,,,exterior_visible
Aproveitamento Hidroelétrico do Carvalho do Moinho,,6/1997,41.418867,-8.3562288,3,VK6P85GFU339,OpenStreetMap,,True,,,exterior_visible
Palácio da Justiça de Vimioso,Raul Rodrigues Lima,,41.583972,-6.530848,3,D9F6T4SW2T17,OpenStreetMap,,True,,,exterior_visible
Palacio Marqués del Pozo,,C18,40.8286267,-3.5386801,3,9X61T3F4XAW0,OpenStreetMap,,True,,,exterior_visible
Convento da Reforma de Montejunto,,1760,39.1739205,-9.060167,3,GKKZ8GX88190,OpenStreetMap,,True,,,exterior_visible
Quiosco da música,,1897,42.0478465,-8.6442385,3,44O7XHV062CF,OpenStreetMap,,True,,,exterior_visible
,Luis Gutiérrez Soto,,40.438238,-3.6899615,3,6Q9WZZ61O7B9,OpenStreetMap,,True,"Category:Calle María de Molina 1-5 housing, Madrid",,exterior_visible
Igreja de São Sebastião de Passos,,C17..19,41.4861458,-8.0453884,3,CBZ5SR11670E,OpenStreetMap,,True,,,exterior_visible
Central telefónica de La Concepción,Julio Cano Lasso,,40.4369088,-3.6561524,3,G3AWA779I2H2,OpenStreetMap,,True,"Category:Central telefónica de La Concepción, Madrid",,exterior_visible
Capela do Senhor da Pedra,,1686,41.0687745,-8.6586696,3,1I1I0XS057TO,OpenStreetMap,,True,Category:Capela do Senhor da Pedra,,exterior_visible
Capela de São Silvestre,,1633,39.5727274,-8.7956366,3,X77F813AD3ZU,OpenStreetMap,,True,,,exterior_visible
Maxim farma Export,,1997,40.4400275,-3.6715209,3,06STG3XGZ277,OpenStreetMap,,True,,,exterior_visible
Iglesia de Santa María Magdalena,,C14,40.8281061,-3.5381548,3,BMJ9444Q4E5P,OpenStreetMap,,True,File:Plaza_Mayor_Villa_de_Torrelaguna_(Madrid).jpg,,exterior_visible
Alhóndiga,,C14,40.8284892,-3.5384724,3,U4L5GF7M4X94,OpenStreetMap,,True,,,exterior_visible
Biblioteca Municipal Manuel Alegre,Alcino Soutinho,2000,40.5732901,-8.4441541,3,4NGMS3086Z0B,OpenStreetMap,,True,,,exterior_visible
Palacio Arteaga,,C17,40.8264376,-3.5379211,3,F9A37E7HKG89,OpenStreetMap,,True,,,exterior_visible
Monasterio Franciscano de la Madre de Dios,,C16,40.8255546,-3.5392688,3,NVH3JE57369X,OpenStreetMap,,True,,,exterior_visible
Antiguo Banco General del Comercio y la Industria,Antonio Palacios Ramilo,1913,40.4174497,-3.698653,3,NL49GO5KU407,OpenStreetMap,,True,,,exterior_visible
,Rafael de la Hoz,,40.4330612,-3.6850137,3,10J711CN9XGA,OpenStreetMap,,True,,,exterior_visible
Edificio Girasol,José Antonio Coderch,,40.4310124,-3.6846689,3,T2Q573K1OGW1,OpenStreetMap,,True,Category:Edificio Girasol,,exterior_visible
Quiosco de Música,,1896,40.9502433,-4.1240131,3,ED0FO4960K0B,OpenStreetMap,,True,,,exterior_visible
Serviço de Luta Anti-Tuberculosa,Rosendo Carvalheira,1904,40.538662,-7.2662571,3,9724G0VW9OZA,OpenStreetMap,,True,,,exterior_visible
Edifício Fernando Távora - Edifício ATLAS,Fernando Távora; Bernardo Távora,,40.6409916,-8.6539523,3,7HDK765PI87H,OpenStreetMap,,True,,,exterior_visible
Capela do Senhor do Calvário,,1918,40.9147534,-8.5941457,3,3F8135YIS5EI,OpenStreetMap,,True,,,exterior_visible
Teatro Barceló,Luis Gutiérrez Soto,,40.426984,-3.6995241,3,JSQ5226UE00V,OpenStreetMap,,True,"Category:Cine Barceló, Madrid",,exterior_visible
Bombeiros Voluntários de Vieira de Leiria,,1994-01-30,39.8692576,-8.930242,3,R7H6ZV423GM8,OpenStreetMap,,True,,,exterior_visible
,Antonio Ruiz de Salces,1875-01-01,40.4287208,-3.694969,3,04L8FL4R7H5I,OpenStreetMap,,True,"Category:Asilo de las Hermanitas de los Pobres, Zurbarán (Madrid)",,exterior_visible
Central Hidroelétrica de Castelo do Bode,,1951,39.5429256,-8.3195164,3,9P530JG6MM2M,OpenStreetMap,,True,,,exterior_visible
Ayuntamiento de Vilvestre,,1991,41.1046297,-6.7264451,3,9H9XY52R4U1W,OpenStreetMap,,True,File:Ayuntamiento Vilvestre.jpg,,exterior_visible
Central Hidroelétrica de Pretarouca,,2009,41.049523,-7.8667011,3,MM2367NU2M8U,OpenStreetMap,,True,,,exterior_visible
Iglesia de San Martín,,C14,40.659954,-4.7007191,3,F48X2N3Q0B3I,OpenStreetMap,,True,,,exterior_visible
Iglesia de Santa Cecilia,,C13,42.9074765,-3.8678477,3,M585G5D4LZL0,OpenStreetMap,,True,,,exterior_visible
Igreja do Imaculado Coração de Maria,,1989-05,41.7966288,-8.348749,3,1IC5G6R4P5A5,OpenStreetMap,,True,,,exterior_visible
Aproveitamento Hidroelétrico de Ruães,,10/1998,41.5845361,-8.4802721,3,UZ8UQ52G621E,OpenStreetMap,,True,,,exterior_visible
Central Hidroelétrica da Raiva,,1982,40.3091824,-8.2488198,3,R5Y572PJD6F4,OpenStreetMap,,True,,,exterior_visible
Iglesia San Miguel Arcángel,,C18,40.4152913,-4.8694542,3,Q1H9QOGK1721,OpenStreetMap,,True,,,exterior_visible
Igreja do Hospital de São Marcos,Carlos Amarante,,41.5489421,-8.4234533,3,7AE55AYKI371,OpenStreetMap,,True,,,exterior_visible
Torre del telégrafo óptico Campajares,,1846,42.6703782,-3.0162493,3,NHF99MLM9568,OpenStreetMap,,True,,,exterior_visible
Estação Ferroviária de Abambres,,1907,41.3119839,-7.7187537,3,W20C8ZHB0A41,OpenStreetMap,,True,Category:Abambres train station,,exterior_visible
Antigo Pazo de Juan Fernández de Boan e Landecho,,C16,42.3378628,-7.8631804,3,6K71ZD5D7OG6,OpenStreetMap,,True,,,exterior_visible
Capela de San Cosmede e San Damián,,C16,42.333035,-7.8617939,3,E9V30PRX8U28,OpenStreetMap,,True,,,exterior_visible
Comader Comercial Maderas y Derivados Especiales,,2015-06-04,42.2759349,-3.7048609,3,YE7A8H6U7M77,OpenStreetMap,,True,,,exterior_visible
,Javier González de Riancho Gómez,1950,43.4619715,-3.8438035,3,K2N59A8THI29,OpenStreetMap,,True,,,exterior_visible
Casa Rodriguez Trigo,Rodolfo Ucha Piñeiro,,43.4826878,-8.2367644,3,I20B0OZE6I26,OpenStreetMap,,True,File:Ferrol - Barrio de La Magdalena - Casa Rodríguez Trigo (1914).JPG,,exterior_visible
Iglesia de Nuestra Señora del Valle,Fray Francisco Coello,1968,40.7081642,-3.9826088,3,XML807Z1FK75,OpenStreetMap,,True,,,exterior_visible
Igreja Paroquial de Muxagata,,C16,41.0367448,-7.1670622,3,11T5KSOTK051,OpenStreetMap,,True,,,exterior_visible
Pozo Calero,,1911,42.9131413,-4.3059888,3,QQ68I90W5P0E,OpenStreetMap,,True,,,exterior_visible
Capela de São Bento,,1678-12-05,41.3451761,-8.6055559,3,4HRN99P293HM,OpenStreetMap,,True,,,exterior_visible
Ermita de Nuestra Señora de la Cabeza,,1210,40.6607034,-4.7023614,3,C3Q17K1YYV77,OpenStreetMap,,True,,,exterior_visible
Escola Municipal Xesús García Naveira,Rafael González Villar,,43.2826959,-8.211054,3,11GI21TJT3N5,OpenStreetMap,,True,,,exterior_visible
Iglesia de San Cipriano,,C14,40.9302516,-4.9681239,3,ADK31I39BA71,OpenStreetMap,,True,,,exterior_visible
Iglesia de la Asunción de Nuestra Señora,,C12,41.0215336,-4.7665172,3,R686IO3A8B7Y,OpenStreetMap,,True,,,exterior_visible
Iglesia de San Juan Bautista,,C13,41.0887042,-4.8046137,3,2AXS9675IYV0,OpenStreetMap,,True,"File:Iglesia_de_San_Juan_Bautista,_Donvidas_01.jpg",,exterior_visible
Iglesia de San Pelayo Mártir,,C12,41.077346,-4.831958,3,84Q47LEXSR74,OpenStreetMap,,True,,,exterior_visible
San Miguel Arcángel,,C12,41.0491285,-4.8178285,3,M9WZF5G255Z3,OpenStreetMap,,True,File:Aldeaseca_-_001.jpg,,exterior_visible
Capela de Santa Marinha,,C17,41.8245164,-7.5017013,3,X5N0W68B5VZ6,OpenStreetMap,,True,,,exterior_visible
Casa Núñez,Rafael González Villar,,43.2807825,-8.2111903,3,51UUZB7XO172,OpenStreetMap,,True,,,exterior_visible
Capela de San Campio,,1886,42.1336167,-8.6411626,3,4IPDZ80M2I50,OpenStreetMap,,True,,,exterior_visible
Capela da Praia,,1948,40.9544544,-8.6543056,3,5U1A6H5D3D8J,OpenStreetMap,,True,,,exterior_visible
Balneário Público da Praia de Esmoriz,,2015-07-05,40.9542914,-8.6554289,3,E22297YHWXF6,OpenStreetMap,,True,,,exterior_visible
Capela de San Diego,,1756,42.1166181,-8.6604531,3,E4YIM947I0I2,OpenStreetMap,,True,,,exterior_visible
Puerta de Cantalapiedra,,C12,41.0914849,-5.001311,3,7FO12W34F3RZ,OpenStreetMap,,True,,,exterior_visible
Puerta de Peñaranda,,C12,41.0861263,-4.9966709,3,4IP9YE08OJ30,OpenStreetMap,,True,,,exterior_visible
Iglesia de Santa María del Castillo,,C13,40.8589265,-5.0596572,3,W4W119G1S1EV,OpenStreetMap,,True,File:Narros del Castillo - Iglesia de San Juan Bautista.jpg,,exterior_visible
Local Social Asociación de Veciños Chan do Bosque,,1991,42.1742348,-8.6163472,3,O40R5SI7J8Q4,OpenStreetMap,,True,,,exterior_visible
Central Hidroelétrica do Azival,,1995,40.7604109,-8.0435645,3,IH5M929GXM01,OpenStreetMap,,True,,,exterior_visible
Aproveitamento Hidroelétrico de Vale Soeiro,,12/1993,40.8988829,-7.9440852,3,8S58YIQ5Y64I,OpenStreetMap,,True,,,exterior_visible
Casa de La Puente,,C18,43.2575381,-3.2673097,3,SBC72HL7M647,OpenStreetMap,,True,,,exterior_visible
Torre de Garma,,C16,43.2698677,-3.2577766,3,FA9530EY5A3J,OpenStreetMap,,True,,,exterior_visible
Aproveitamento Hidroelétrico Vale de Madeira,,6/2008,40.7984413,-7.0147635,3,9JCO77JOK113,OpenStreetMap,,True,,,exterior_visible
Tribunal de Figueira de Castelo Rodrigo,António Madeira Portugal,,40.8935297,-6.9613801,3,F0841RY5QBN4,OpenStreetMap,,True,,,exterior_visible
Auditorio Fuxan Os Ventos,,2024-12-20,42.9993907,-7.5579374,3,MX593U3F0ZH4,OpenStreetMap,,True,,,exterior_visible
Estación de Campo de San Pedro,,1968,41.4297678,-3.5434266,3,S2F9F3I65X7I,OpenStreetMap,,True,,,exterior_visible
Palacete de los Duques de Pastrana,,1848,40.4674469,-3.6788856,3,74D3XAZS438T,OpenStreetMap,,True,,,exterior_visible
Torre do Relógio,,1420,40.039482,-7.1158691,3,3F530FN95GEB,OpenStreetMap,,True,,,exterior_visible
Capela de Santa Justa,,1618,41.5421115,-8.4252446,3,3553H8QCZ6HJ,OpenStreetMap,,True,Category:Capela de Santa Justa,,exterior_visible
Zleep Hotel Madrid Airport,,2011,40.4478911,-3.5487992,3,P88E1B5SX73W,OpenStreetMap,,True,,,exterior_visible
ITV Jarama,,2013-09-24,40.4404755,-3.4980704,3,GBBP98X519J8,OpenStreetMap,,True,,,exterior_visible
,Luis Gutiérrez Soto,1875-01-01,40.4422222,-3.7135231,3,82O60RTAY39F,OpenStreetMap,,True,,,exterior_visible
O Tasco,,1976-04-01,40.8723246,-8.6768196,3,41ZOK61E8K3P,OpenStreetMap,,True,,,exterior_visible
Iglesia parroquial de San Sebastián,,C15,39.6664764,-4.6417881,3,EX545UX154WG,OpenStreetMap,,True,,,exterior_visible
Ermita de Nuestra Señora de las Saleras,,1632,39.6630776,-4.6425634,3,67G87F4MWPW8,OpenStreetMap,,True,,,exterior_visible
Monasterio de San José. Carmelitas Descalzas,Antonio Fernández Alba,,40.9784668,-5.5976357,3,7R5W86K95PMN,OpenStreetMap,,True,,,exterior_visible
,Luís Cristino da Silva,,41.4067195,-8.5192844,3,TZ280EJ864VF,OpenStreetMap,,True,,,exterior_visible
Capela de Copacabana,,C20,43.6244001,-7.6047554,3,PR95P25I2LW0,OpenStreetMap,,True,,,exterior_visible
Edifício Montepio Geral,Leandro de Morais,,41.1474198,-8.6108661,3,87Y424VTD6LP,OpenStreetMap,,True,,,exterior_visible
BBVA,José Marques da Silva,,41.1469625,-8.6109576,3,68QWZ4XQO739,OpenStreetMap,,True,Category:Edifício do Banco Lisboa Açores,,exterior_visible
Edifício Silva Braga;Edifício do Antigo Café Imperial,"Arthur Almeida Júnior, arq.;Ernesto Korrodi, arq.;Ernesto Camilo Korrodi, arq.",,41.1466965,-8.6108533,3,PU9MX95JZ361,OpenStreetMap,,True,Category:Edifício Imperial (Porto),,exterior_visible
Bairro da Avenida da Praia,,1980,40.9552925,-8.6297862,3,QMN78H2H740S,OpenStreetMap,,True,,,exterior_visible
Bairro da Avenida da Praia,,1980,40.9548675,-8.6287758,3,YLX05S342TM6,OpenStreetMap,,True,,,exterior_visible
Bairro da Avenida da Praia,,1980,40.9550041,-8.6295806,3,TM85391CKC9B,OpenStreetMap,,True,,,exterior_visible
Bairro da Avenida da Praia,,1980,40.954395,-8.6298094,3,93GXJS159AX4,OpenStreetMap,,True,,,exterior_visible
Refugio Amalio Fernández Mariñas,,1976,43.0504829,-4.7608351,3,07HQF7I02J4W,OpenStreetMap,,True,,,exterior_visible
Edifício Palladium,José Marques da Silva,1927,41.1469167,-8.6075034,3,1H2W638FIJI2,OpenStreetMap,,True,Category:Edifício Palladium,,exterior_visible
Iglesia de Nuestra Señora de la Asunción,,C13,39.8614802,-6.2338946,3,B97M67DBN7J2,OpenStreetMap,,True,,,exterior_visible
Antigo Edifício do Jornal de Notícias,José Marques da Silva,,41.1481725,-8.610641,3,0RN5BN87R02Y,OpenStreetMap,,True,,,exterior_visible
Relógio solar,José Rodrigues,2001-06-14,41.3487036,-8.7445435,3,U1KOS9W2622O,OpenStreetMap,,True,,,exterior_visible
Centro de Saúde de Domaio,,2000,42.2842793,-8.6838733,3,W5N6B3T4D63A,OpenStreetMap,,True,,,exterior_visible
Centro Deportivo Moaña,,2015,42.2904739,-8.7361069,3,X34XS6V3A3E9,OpenStreetMap,,True,,,exterior_visible
Edifício Bombeiros Voluntários de Esmoriz,,1993.10.31,40.9583456,-8.6328218,3,NUQ4119R8IY2,OpenStreetMap,,True,,,exterior_visible
,Isabela Almeida Neves;Manuel Pais Vieira,,41.4061139,-8.5172388,3,569D600OLMKO,OpenStreetMap,,True,,,exterior_visible
Residencial Francesa,António de Castro Faria,,41.405707,-8.5166267,3,9QB8O364APV3,OpenStreetMap,,True,,,exterior_visible
Tribunal Judicial de Viana do Castelo,Francisco Augusto Baptista,,41.6940094,-8.8302598,3,K3PY2069ZM0Z,OpenStreetMap,,True,,,exterior_visible
Unidade de Saúde Familiar da Barrinha,,2009-01-16,40.9538273,-8.6251687,3,6M7SZ5GFQ173,OpenStreetMap,,True,,,exterior_visible
Arco de Medina,,C18,41.0673252,-4.7223741,3,I80VZGA4047Q,OpenStreetMap,,True,File:Arevalo_-_006.jpg,,exterior_visible
Igreja da Gervide,,1982,41.1283132,-8.5900745,3,E2E6ZI16DG41,OpenStreetMap,,True,,,exterior_visible
Casa de Atarfe,,1774,40.0337145,-3.6041793,3,W38PCH5X269D,OpenStreetMap,,True,,,exterior_visible
Casa da Cultura,,1995,42.6137015,-9.0340995,3,28E4LNVTF242,OpenStreetMap,,True,,,exterior_visible
Río da Fonte Fontenla,,1931,42.2814617,-8.7716978,3,T2H2A2813UNL,OpenStreetMap,,True,,,exterior_visible
Capela de São Paio,,1568,41.1402756,-8.6508677,3,O4W4PXHO7137,OpenStreetMap,,True,,,exterior_visible
Iglesia de la Inmaculada Concepción,,1774,40.9581126,-4.0377539,3,7K0C12ULWD42,OpenStreetMap,,True,,,exterior_visible
Embutidos El Enebral,,2001,41.1636029,-3.7843423,3,ZR83YX88JW20,OpenStreetMap,,True,,,exterior_visible
Posto de Vigia São Bartolomeu,,1999,39.5929888,-9.052143,3,29MO2WT5TK07,OpenStreetMap,,True,,,exterior_visible
Central Hidroelétrica de Póvoa,,1927,39.4787155,-7.5538866,3,N2643X4XP8RE,OpenStreetMap,,True,,,exterior_visible
Palacio del Marqués de Revilla,,Siglo XVII,41.4133422,-3.7507199,3,V1QT50G872DL,OpenStreetMap,,True,,,exterior_visible
Capela de Nossa Senhora da Esperança,,C20,40.5711708,-8.1674856,3,6NWH584ENG78,OpenStreetMap,,True,,,exterior_visible
Farol do Penedo da Saudade,,1912,39.7640554,-9.0310883,3,4D9F52XK9RQ8,OpenStreetMap,,True,,,exterior_visible
Antiga Igreja Matriz de Dardavaz,,C18,40.4771655,-8.1152177,3,EY10GGS11E64,OpenStreetMap,,True,,,exterior_visible
Capela da Senhora da Caridade,,1881,41.4837903,-8.7649185,3,6J6Y93Y61PDA,OpenStreetMap,,True,,,exterior_visible
Igreja Velha de Canas de Santa Maria,,C14,40.5526735,-8.0311814,3,DKH861A8D25L,OpenStreetMap,,True,,,exterior_visible
Capela de São Pedro,,1752,40.5524393,-8.0363188,3,S06JV92Q7U1H,OpenStreetMap,,True,,,exterior_visible
Igreja Matriz de Santiago de Besteiros,,C18,40.582928,-8.1288828,3,CPAO34V11B00,OpenStreetMap,,True,,,exterior_visible
Igrexa de San Román das Encrobas,,1300,43.1935918,-8.4043593,3,5R66G4O8F2TV,OpenStreetMap,,True,,,exterior_visible
El Palacio de Arriba,,~1500,43.218412,-5.8185656,3,94J42LY53SLL,OpenStreetMap,,True,,,exterior_visible
Flôr do Criz,,2008-08-01,40.534245,-8.1068704,3,2N0JWB5O5G98,OpenStreetMap,,True,,,exterior_visible
Igreja de São Pedro,,C18,40.5289585,-8.1019041,3,9HBM2447HMJ1,OpenStreetMap,,True,,,exterior_visible
Casa Museo Manuel María,,2013-08-07,43.1020777,-7.6134754,3,627BK0KE9H2G,OpenStreetMap,,True,,,exterior_visible
Igrexa de San Xosé das Gándaras,,1990-03-07,43.024241,-7.5520501,3,B6Z7VSEC2181,OpenStreetMap,,True,,,exterior_visible
Capela de São Simão,,1728,40.5589158,-8.1550184,3,11B63CQ9C0AB,OpenStreetMap,,True,,,exterior_visible
Igreja de São Pedro de Tourém,,C13,41.9041223,-7.8982698,3,NRKQ829002CZ,OpenStreetMap,,True,,,exterior_visible
Torre de San Telmo,,C13,43.4259727,-4.0972161,3,6PPAND4519F0,OpenStreetMap,,True,,,exterior_visible
MiraCastro,,2003,42.0278545,-8.160814,3,366XOZLHT615,OpenStreetMap,,True,,,exterior_visible
Impluvium,,2017,43.0018461,-4.1374235,3,2Q1Q8LUE162O,OpenStreetMap,,True,,,exterior_visible
Ayuntamiento de Velilla del Río Carrión,,1986,42.8277824,-4.8438447,3,3Y1Y48SYW6U8,OpenStreetMap,,True,,,exterior_visible
Junta da Freguesia de Nossa Senhora do Populo,Brig. Manuel da Maia,,39.4042017,-9.1340885,3,0255CZU9E2EH,OpenStreetMap,,True,,,exterior_visible
Edificio La Jirafa,,1951,43.3632983,-5.8485751,3,6X362S6NQL3B,OpenStreetMap,,True,,,exterior_visible
Centro da Cultura Judaica,,2012,40.7777479,-7.3481341,3,C4IAS584T6E6,OpenStreetMap,,True,,,exterior_visible
Casa del Obispo Peña,,1565,42.0581835,-3.5210127,3,NK3JP15943HZ,OpenStreetMap,,True,,,exterior_visible
Casa Eva,Luís Cristino da Silva,,40.1352877,-7.4991724,3,T04O17G8K2AB,OpenStreetMap,,True,Category:Casa Eva (Fundão),,exterior_visible
Igreja de Nossa Senhora do Amparo,,1985,39.5416609,-8.7146562,3,9B68KVC42WN5,OpenStreetMap,,True,,,exterior_visible
,Carlos Guimarães;Luís Soares Carneiro,2007-06-29,41.5459752,-8.4277356,3,7529FK1MLJ5I,OpenStreetMap,,True,,,exterior_visible
Capilla de la Virgen de los Dolores,,1716,43.2126136,-5.3384821,3,2314PS2XEE8A,OpenStreetMap,,True,,,exterior_visible
Palacete de Joaquín Otamendi,Antonio Palacios y Joaquín Otamendi,1911..1913,40.4382097,-3.688385,3,64RM0LOIN524,OpenStreetMap,,True,,,exterior_visible
Centro Paroquial de São Martinho de Brufe,,2014-05-30,41.4111871,-8.5391902,3,LH10P17ZRC72,OpenStreetMap,,True,,,exterior_visible
,João Paciência,,41.1631149,-8.585397,3,1Y1R3F41M4HN,OpenStreetMap,,True,,,exterior_visible
Tribunal Judicial da Comarca de Alijó,Francisco Augusto Baptista,,41.2763687,-7.4740655,3,T381KP08YFL0,OpenStreetMap,,True,,,exterior_visible
Hotel Soto,Nicolás Casielles,1896,43.4084765,-6.2605172,3,72OC9H314AQC,OpenStreetMap,,True,,,exterior_visible
Casa Velarde,,1868,43.408326,-6.2580884,3,497GWY34M0KL,OpenStreetMap,,True,,,exterior_visible
Tribunal de Arcos de Valdevez,Álvaro da Fonseca,,41.8465087,-8.4176524,3,Q90RFX275V3F,OpenStreetMap,,True,Category:Palácio da Justiça de Arcos de Valdevez,,exterior_visible
,Carlos Guimarães;Luís Soares Carneiro,2007-06-29,41.5457747,-8.4270988,3,P71R714MQIV4,OpenStreetMap,,True,,,exterior_visible
Cineteatro Alves Coelho,Mário Oliveira,1954-05-09,40.2175044,-8.0553371,3,2XJC9C3V599J,OpenStreetMap,,True,,,exterior_visible
Igreja Paroquial de Vila Cova,,C17,41.3163333,-7.8565981,3,T14R0CE9PY22,OpenStreetMap,,True,,,exterior_visible
Sede do Centro Municipal de Interpretação Ambiental,Atelier de Santos,,40.6389061,-8.6708799,3,22O45K4WW4AX,OpenStreetMap,,True,,,exterior_visible
Casa File:Casa de la cadena. Vista general.jpgde la Cadena,,C16,40.5977891,-6.5352975,3,211ON7XL9M3G,OpenStreetMap,,True,File:Casa de la cadena. Vista general.jpg,,exterior_visible
Associação O Cantaréu,,2022-07-30,41.318594,-7.7650419,3,3SE0317ALA2T,OpenStreetMap,,True,,,exterior_visible
Capela de Santa Ana,,2013,41.3197879,-7.7611243,3,5HT2R2E7VW22,OpenStreetMap,,True,,,exterior_visible
Capela de Nosso Senhor dos Desamparados,,1902,41.3120685,-7.7640107,3,76GEHH1AE792,OpenStreetMap,,True,,,exterior_visible
Igreja de São Miguel de Nevogilde,,C18,41.1642943,-8.6771414,3,184SUQL304FE,OpenStreetMap,,True,Category:Igreja de São Miguel de Nevogilde,,exterior_visible
Central Hidroelétrica do Baixo Sabor - Escalão de Montante,,1/2016,41.2276706,-7.0145155,3,EHF0D353MA81,OpenStreetMap,,True,,,exterior_visible
Centro de Salud Paulino Prieto,,1908,43.3591366,-5.8471207,3,5F6ZVU8U88Z5,OpenStreetMap,,True,,,exterior_visible
Edificio de Estanislao Durán,Manuel Felipe Quintana,1901,42.2364919,-8.7217211,3,OW0X5361IR2T,OpenStreetMap,,True,,,exterior_visible
Edificio Los Telares,Jenaro de la Fuente Álvarez,,42.2373549,-8.723978,3,82ZCW87I0SX9,OpenStreetMap,,True,,,exterior_visible
Casa Palacio de los Martínez España - Ordoño Rosales,,1718,42.5511781,-3.3249534,3,E3ON7D2C109V,OpenStreetMap,,True,"Category:Cultural Caja de Burgos, Briviesca",,exterior_visible
Casa de los Torre,,mid C17,42.5514191,-3.3245667,3,5BW55P8GU23R,OpenStreetMap,,True,,,exterior_visible
Albergue de Los Domínicos de Torrelavega,,1773,42.965094,-4.4988956,3,ZII6CP7F5659,OpenStreetMap,,True,,,exterior_visible
Santuário do Monte da Virgem,,1906-06-17,41.1080398,-8.5872022,3,SYDP5408JU48,OpenStreetMap,,True,,,exterior_visible
Aldi,,2025-04-02,43.3294906,-8.3681346,3,F6841T5EQ7AS,OpenStreetMap,,True,,,exterior_visible
Tribunal e Notairo de Miranda do Douro,Leonardo Rey Colaço de Castro Freire,,41.4927987,-6.2739555,3,5ZHET24Y97F6,OpenStreetMap,,True,,,exterior_visible
Casa de ls Cachorros Zambargonhados,,C16,41.4942164,-6.2747066,3,64A0YM89CAE2,OpenStreetMap,,True,,,exterior_visible
Central Hidroelétrica da Senhora do Porto,,1945,41.5558476,-8.2187841,3,X32A06Y9WXH6,OpenStreetMap,,True,,,exterior_visible
Aproveitamento Hidroelétrico de Aregos,,1958,41.0938114,-8.0277638,3,3Z2C95DMTE79,OpenStreetMap,,True,,,exterior_visible
Central Hidroelétrica de Freigil,,1988,41.0751535,-8.0233991,3,D4224Q63SJYU,OpenStreetMap,,True,,,exterior_visible
Central Hidroelétrica de Bruceira,,1928,39.5265516,-7.6103786,3,5H7IF1NS497Y,OpenStreetMap,,True,,,exterior_visible
Central Hidroelétrica de Bouçã,,1955,39.8539551,-8.2198736,3,G16N7LN2X1G5,OpenStreetMap,,True,,,exterior_visible
Casa de Francisco Abad de Viaña,,1796,43.1423726,-4.1922551,3,4MUH1K3PZ017,OpenStreetMap,,True,,,exterior_visible
Escola de Navegación Tradicional Dorna da Illa de Arousa,,2001-06-15,42.5476302,-8.8593106,3,T6D43HU6Y15L,OpenStreetMap,,True,,,exterior_visible
Pavillón da Cachada,,2002,42.6446845,-8.8866255,3,OV2X481HE70R,OpenStreetMap,,True,,,exterior_visible
Iglesia de San Roque,,C18,43.2543734,-4.3585208,3,CE0ND954E08A,OpenStreetMap,,True,,,exterior_visible
Tribunal de Santo Tirso,Raul Rodrigues Lima,,41.340548,-8.4778715,3,T4NG37U87JK0,OpenStreetMap,,True,,,exterior_visible
Sinagoga de Tomar,,Meados do século XV,39.6032801,-8.4137151,3,42CG40UAQ9N0,OpenStreetMap,,True,,,exterior_visible
,OODA,,41.1741554,-8.639259,3,95IYL9L041LW,OpenStreetMap,,True,,,exterior_visible
Forte de São Miguel Arcanjo,,1577,39.6046466,-9.0849933,3,AV55E23D9XG7,OpenStreetMap,,True,,,exterior_visible
Faro de Finisterre,,1853,42.8823684,-9.2721459,3,47B1R6BQ20ZK,OpenStreetMap,,True,https://commons.wikimedia.org/wiki/File:20240124165123_Faro_Finisterre_puerta.jpg,,exterior_visible
Capela de Nossa Senhora de La-Salette,,1880-09-19,40.8427342,-8.4655414,3,78I14NDZPA09,OpenStreetMap,,True,,,exterior_visible
Igreja Paroquial de São Martinho de Cedofeita,Eugénio Alves de Sousa,1994,41.1550324,-8.6215235,3,N2XR6140LT9U,OpenStreetMap,,True,Category:Igreja Paroquial de São Martinho de Cedofeita,,exterior_visible
Igrexa da Nosa Señora do Carme,,1923,43.4850286,-8.2326393,3,T6PFA11367FB,OpenStreetMap,,True,Category:Church of A Nosa Señora do Carme de Ferrol,,exterior_visible
Molino de Olabarrieta,,C19,43.2582776,-3.1928568,3,2U150EPVEP14,OpenStreetMap,,True,,,exterior_visible
Action,,2024-05-15,41.3387089,-8.4798335,3,2O09UB8FF2Y0,OpenStreetMap,,True,,,exterior_visible
Igreja do Terço,,C18,41.1446721,-8.608269,3,B500SCUB776Q,OpenStreetMap,,True,Category:Igreja de Nossa Senhora do Terço e Caridade,,exterior_visible
Igreja de Santo António,,1976,39.4918697,-8.8782312,3,NT2W40S3Y1R3,OpenStreetMap,,True,,,exterior_visible
Torre de La Costana,,1369,43.0154835,-4.0013565,3,C7HV271I8J8X,OpenStreetMap,,True,,,exterior_visible
Igreja Paroquial do Carvalhido,Luís Cunha,1969,41.1663868,-8.6258389,3,96O261QMPU0G,OpenStreetMap,,True,,,exterior_visible
Cruz Roja,Julio Galán Carvajal,1911,43.4861522,-8.2315353,3,J0PF2Z63MQ15,OpenStreetMap,,True,,,exterior_visible
Casa Rodríguez Fernández,Rodolfo Ucha Piñeiro,1912,43.4864655,-8.2342306,3,8O71632PBGAO,OpenStreetMap,,True,File:Casa Rodríguez Fernández Wiki.jpg,,exterior_visible
Chalé de Canido,Rodolfo Ucha,1921,43.4858699,-8.2393163,3,3MR9P20MR21F,OpenStreetMap,,True,File:Chalé de Canido 2012.jpg,,exterior_visible
Antiguas escuelas,,1921,42.9946634,-3.9455476,3,85IKG0E1U6B3,OpenStreetMap,,True,,,exterior_visible
Igreja de Cristo-Rei,Eduardo Martins;Manuel Passos,,41.1599623,-8.6661411,3,70CZ31X9VDI0,OpenStreetMap,,True,,,exterior_visible
El Termómetro,Vidal Sáiz Heres,1936,43.3618005,-5.8476294,3,02P1O9A43WVM,OpenStreetMap,,True,,,exterior_visible
El Serruchu,Ignacio Álvarez Castelao,,43.3623373,-5.8560772,3,338PIJFF5O64,OpenStreetMap,,True,,,exterior_visible
El Serruchín,Ignacio Álvarez Castelao,1958,43.3629293,-5.8567499,3,N11113KJ2NIE,OpenStreetMap,,True,,,exterior_visible
Edificio Anís de La Asturiana,Enrique Rodríguez Bustelo,1939,43.3626561,-5.8572725,3,YAA888T1E69D,OpenStreetMap,,True,,,exterior_visible
Edificio de Manuel López García,Benigno Rodríguez,1924,43.363374,-5.857369,3,9YR14J0ZZ94B,OpenStreetMap,,True,,,exterior_visible
Casa Romero,Rodolfo Ucha,1910,43.4829592,-8.233983,3,R68UJ6RG80V6,OpenStreetMap,,True,"Category:Casa Romero, Ferrol",,exterior_visible
Cociña Económica,Rodolfo Ucha Piñeiro,,43.4857873,-8.2335452,3,N969JM0P9WL6,OpenStreetMap,,True,,,exterior_visible
Capela da Senhora da Lapa,,C16,41.1475669,-8.6667698,3,77P17G6COTP6,OpenStreetMap,,True,Category:Capela de Nossa Senhora da Lapa (Porto),,exterior_visible
Palacio de Ceballos,,C17,43.3041567,-3.8780673,3,920HQW61E6YU,OpenStreetMap,,True,,,exterior_visible
Pavillón Polideportivo Carmen Estévez Eguiagaray,,2002,42.878463,-8.6036291,3,C77XR3IN160Z,OpenStreetMap,,True,,,exterior_visible
Igreja de Santiago,,C13,40.3592759,-7.3488031,3,4GP296P56ITT,OpenStreetMap,,True,,,exterior_visible
Torre del telégrafo óptico Monterredondo,,1846,40.6842611,-3.9953147,3,1325TKV8MB6M,OpenStreetMap,,True,,,exterior_visible
Ediplano,"Ediplano, Lda.",,41.1209246,-8.602669,3,2X48Q37UPF2V,OpenStreetMap,,True,,,exterior_visible
Edificio Paço de Rei,"Pereira do Vale, Lda.",outubro de 1999,41.1228788,-8.6008805,3,CT07DE5B68B2,OpenStreetMap,,True,,,exterior_visible
Torre do Relógio de Almeida,,1830,40.7260125,-6.9069893,3,57R5QA2WW73V,OpenStreetMap,,True,,,exterior_visible
Biblioteca Central y Archivo municipal de Leganés,,2020-09-21,40.3423185,-3.7522584,3,UXHF7352R79O,OpenStreetMap,,True,,,exterior_visible
Palacio Atxa,,1639,43.0768446,-3.0441424,3,Z6B7Q6JG030J,OpenStreetMap,,True,,,exterior_visible
,Luiz Alçada Baptista,,40.2964969,-7.5409917,3,E064I81NUMB3,OpenStreetMap,,True,,,exterior_visible
Posto de Vigia Piçarrinhas,,1966,40.2909534,-7.5363893,3,5W0BV60WJ80Q,OpenStreetMap,,True,,,exterior_visible
El Mesón,,1959,39.9813203,-4.2773128,3,S0H701YPG44N,OpenStreetMap,,True,,,exterior_visible
Flor de Linto,,1948,43.2699815,-3.7086804,3,4BIU243Q0MT4,OpenStreetMap,,True,,,exterior_visible
Casa Pereira,Rodolfo Ucha Piñeiro,,43.4831227,-8.2374252,3,S4FIJ596N14Y,OpenStreetMap,,True,,,exterior_visible
Casa Pereira II,Rodolfo Ucha Piñeiro,,43.48294,-8.2368097,3,9T4QY43T88RP,OpenStreetMap,,True,File:Casa Pereira II.jpg,,exterior_visible
,Rodolfo Ucha Piñeiro,,43.483423,-8.2345911,3,OP4X137AD8F4,OpenStreetMap,,True,,,exterior_visible
Iglesia de Santa María,,C15,41.8487783,-5.6149491,3,GXX7J07FO445,OpenStreetMap,,True,,,exterior_visible
Ermita de San Juan de la Casería,,C16,43.1542826,-4.6457217,3,2716QR4PNVQ6,OpenStreetMap,,True,,,exterior_visible
Pedrouzo,,1998,43.0188771,-8.2882711,3,V9GWCW93791L,OpenStreetMap,,True,,,exterior_visible
Carballeira Grande,,1995,43.0200898,-8.2866903,3,9K8R69IP08XP,OpenStreetMap,,True,,,exterior_visible
Casa de Los Gutiérrez,Julio Galán Carvajal,1916,43.3646718,-5.8563846,3,2C621GN1F6UR,OpenStreetMap,,True,,,exterior_visible
,Rodolfo Ucha Piñeiro,,43.4860514,-8.2358156,3,9AW449XWVZ71,OpenStreetMap,,True,,,exterior_visible
Cases del Cuitu,Ulpiano Muñoz Zapata,,43.365126,-5.8536947,3,J07AM66A1L2E,OpenStreetMap,,True,,,exterior_visible
Cases del Cuitu,Ulpiano Muñoz Zapata,,43.3650835,-5.853657,3,O0NID0O3565E,OpenStreetMap,,True,,,exterior_visible
Molino de Mirones,,C19,43.2965674,-3.7025876,3,I4594GW9DZ6H,OpenStreetMap,,True,,,exterior_visible
Edificio de Juan González-Río,Ulpiano Muñóz Zapata,,43.3649042,-5.8502026,3,6URO947C25AO,OpenStreetMap,,True,,,exterior_visible
Chalet Masaveu,Juan Miguel de la Guardia,1903,43.3578236,-5.8498793,3,YU23EU2IF005,OpenStreetMap,,True,,,exterior_visible
Depósito de Água,Álvaro Siza Vieira,,40.6290541,-8.6553383,3,88QR046QQ9WE,OpenStreetMap,,True,,,exterior_visible
Biblioteca da Universidade de Aveiro,Álvaro Siza Vieira,,40.6315468,-8.660024,3,ZAU6I5L3033T,OpenStreetMap,,True,,,exterior_visible
Câmara Municipal de Caldas da Rainha,Virgínia Barbosa;Carlos,,39.4072813,-9.1357766,3,OQ9X1C8323FB,OpenStreetMap,,True,,,exterior_visible
Casa Chile,Enrique Rodríguez Bustelo,1930,43.3628713,-5.8461272,3,6DZ1LY40N67V,OpenStreetMap,,True,,,exterior_visible
Casa Roja,M. y J. del Busto,1932,43.3647049,-5.8536523,3,7NJ6B677NZK8,OpenStreetMap,,True,,,exterior_visible
Casa Bailly,"Antonio Tenreiro Rodríguez, Peregrín Estellés",1924,43.3223608,-8.3585546,3,I4XE8B4S18N7,OpenStreetMap,,True,,,exterior_visible
Burger King,,2015-11-22,41.4031822,-8.51586,3,Q3V96B79A8RX,OpenStreetMap,,True,,,exterior_visible
Refugio Tres Mares,Javier González de Riancho,1971,43.038125,-4.3608355,3,JZQ6GX406R62,OpenStreetMap,,True,,,exterior_visible
Ermida de San Roque,,1807,43.0317734,-8.2972903,3,D4H64Q3CL39K,OpenStreetMap,,True,,,exterior_visible
Capela de São Bento,Silva Marques,,40.8424242,-8.5495729,3,I0TS07GP76L4,OpenStreetMap,,True,,,exterior_visible
Torre de Doncos,,C15,42.7812492,-7.1089831,3,4NXR7F0I09G6,OpenStreetMap,,True,,,exterior_visible
Frutas Classe,,2001,39.4704286,-9.1540129,3,B398BE7M7EL4,OpenStreetMap,,True,,,exterior_visible
Torre do Monte da Virgem,António da Silva Botelho,1995,41.1131151,-8.5985065,3,0892ZMRY44KC,OpenStreetMap,,True,,,exterior_visible
Estación de autobuses de Trujillo,,2015,39.4522872,-5.8823023,3,0CF874WK75IH,OpenStreetMap,,True,,,exterior_visible
,Olga Quintanilha,,40.6593726,-7.9013104,3,O124W245MPAI,OpenStreetMap,,True,,,exterior_visible
Pensión A Pedra,,1969,42.9736472,-9.0673213,3,C21UT8S319TV,OpenStreetMap,,True,,,exterior_visible
Paço da Ega,,C14-C15,40.0956413,-8.5369121,3,2Y290H7YBG1N,OpenStreetMap,,True,,,exterior_visible
La Torre,,1905,43.2931258,-3.7083213,3,L8YLA834Q00K,OpenStreetMap,,True,,,exterior_visible
Observatorio Astronómico de Forcarei,,2009,42.6106138,-8.37092,3,7IDX51U91RL2,OpenStreetMap,,True,,,exterior_visible
Colegio Internacional Campolara,José Antonio Olano López de Letona,,42.3367458,-3.7102638,3,9OGD1X7389TX,OpenStreetMap,,True,,,exterior_visible
Molino de Regolgo,,1799,43.3461539,-3.7334876,3,VZI77P3582LI,OpenStreetMap,,True,,,exterior_visible
Bombeiros Voluntários de Folgosinho,,1937-09-08,40.5105758,-7.515923,3,K0PL4X6O50F5,OpenStreetMap,,True,,,exterior_visible
Bombeiros Voluntários de Melo,,1936-02-28,40.5186605,-7.5341961,3,X69LM5G803DY,OpenStreetMap,,True,,,exterior_visible
Sestaoko udaletxea,,1879,43.3097559,-3.0077354,3,HVDQ763Y48M9,OpenStreetMap,,True,,,exterior_visible
Depósito de aguas de Villapendi,,1932,43.209828,-5.7333987,3,KM37K2TNE460,OpenStreetMap,,True,,,exterior_visible
Igreja Paroquial de Ermida,,1772,41.2290716,-7.7476481,3,4Q13C2D5KU8T,OpenStreetMap,,True,,,exterior_visible
Central Hidroelétrica do Sordo,,1995,41.2705373,-7.7613927,3,XVY3579A1GK5,OpenStreetMap,,True,,,exterior_visible
Igreja de Santa Marta,,1957,39.642733,-8.8638879,3,54X1FR1N54QN,OpenStreetMap,,True,,,exterior_visible
Villa Florentina,Antonio Tenreiro Rodríguez,,43.2871473,-8.3035786,3,40SAA5TF48Z3,OpenStreetMap,,True,,,exterior_visible
Casa de Santa Joana Princesa,Olga Quintanilha,,40.631828,-8.6504741,3,D132L9SVL70S,OpenStreetMap,,True,,,exterior_visible
Parque dos Bombeiros Voluntários Famalicenses,,2021-09-01,41.4114027,-8.5179815,3,P2A8CK50AE49,OpenStreetMap,,True,,,exterior_visible
Ilesia de Santa María de Riberas,,1803,43.5060896,-6.067979,3,YRJ47UO2B783,OpenStreetMap,,True,,,exterior_visible
Aproveitamento Hidroelétrico da Idanha,,1/1970,39.9443689,-7.2013343,3,VK1Y878Y38ZQ,OpenStreetMap,,True,,,exterior_visible
Riactiva - Escola de Windsurf e Kitesurf,,1997,40.6072423,-8.7485346,3,08WPD3PB6Y53,OpenStreetMap,,True,,,exterior_visible
"Centro de Personas Mayores ""Virgen del Rosario""",,03/2023,40.9519635,-4.0723223,3,4ZH6SA6F7R34,OpenStreetMap,,True,,,exterior_visible
Capela Nossa Senhora da Nazaré,,1934,40.9419646,-8.6576997,3,I276MRB395DX,OpenStreetMap,,True,Category:Capela de Nossa Senhora da Nazaré de Cortegaça,,exterior_visible
Iglesia Parroquial de San Ildefonso,,C19,41.1292601,-3.2334634,3,Y4SO71C70J7U,OpenStreetMap,,True,,,exterior_visible
Hotel Cristal Marinha,,1992,39.7480957,-8.9142695,3,I44R21A7UZ4C,OpenStreetMap,,True,,,exterior_visible
Dragão Arena,,2009-04-23,41.16304,-8.5826246,3,0F5HC9APZ874,OpenStreetMap,,True,,,exterior_visible
Villa dorrea,,C16,43.2489238,-3.1571779,3,2NC19QO768PJ,OpenStreetMap,,True,,,exterior_visible
La Puente Dorretxea,,C16,43.2541151,-3.1540811,3,84KWBES5482K,OpenStreetMap,,True,,,exterior_visible
Templete de Música,,1989-07-07,39.9613535,-4.8236191,3,W3608U0UN5MY,OpenStreetMap,,True,,,exterior_visible
Tagusgás S.A.,Saraiva+Associados,,39.198291,-8.8034088,3,WSU65F21A25B,OpenStreetMap,,True,,,exterior_visible
Caixa Geral de Depósitos,Luís Cristino da Silva,,39.8229238,-7.4923334,3,4PO3J8C5J2C7,OpenStreetMap,,True,Category:Edifício da Caixa Geral de Depósitos de Castelo Branco,,exterior_visible
Tribunal Judicial de Castelo Branco,Raul Rodrigues Lima,,39.8235638,-7.4927105,3,771UZEHML037,OpenStreetMap,,True,Category:Tribunal de Castelo Branco,,exterior_visible
Centro de Operações e Técnicas Florestais,,1984,40.1465503,-8.2421986,3,YL399MU0RL76,OpenStreetMap,,True,,,exterior_visible
La Esperanza,José Luis Gutiérrez Martínez,15-01-1928,42.3420784,-3.711449,3,E8CR23K0C9X2,OpenStreetMap,,True,,,exterior_visible
Palacio de las Magnolias,,1882,43.2975321,-4.2105439,3,1V9WO980N7LF,OpenStreetMap,,True,,,exterior_visible
Castrum Villae by Walk,,2008,42.0309557,-8.1598538,3,4T55B17DMC8W,OpenStreetMap,,True,,,exterior_visible
Capela de Nossa Senhora da Assunção,,1772,41.6244124,-7.4502112,3,7155PSHB7O9V,OpenStreetMap,,True,,,exterior_visible
,Alcino Soutinho,,41.1818908,-8.653311,3,V6S7F49F1Y1V,OpenStreetMap,,True,,,exterior_visible
,Alcino Soutinho,,41.181455,-8.6532091,3,OTR0Y2H65S46,OpenStreetMap,,True,,,exterior_visible
Iglesia Nuestra Señora del Buen Varón,,C16,40.171111,-6.7214195,3,H02OH4H2E0Q6,OpenStreetMap,,True,"Category:Parroquia Nuestra Señora del Buen Varón, Hoyos",,exterior_visible
Central Hidroeléctrica del Porma,,2004,42.9274477,-5.2941372,3,3UK8K87TW0F0,OpenStreetMap,,True,,,exterior_visible
Capilla del Carmen,,C17,43.2442229,-5.7728157,3,EX0Z016X0WN4,OpenStreetMap,,True,,,exterior_visible
Casa Duró,,C17,43.2446883,-5.7727136,3,14P68OS64YVS,OpenStreetMap,,True,,,exterior_visible
Iglesia de Santa Marina de Balboa,,C16,42.7069256,-6.9237958,3,VUGP9H83669U,OpenStreetMap,,True,,,exterior_visible
Albergue A Rotonda,,1968,42.2782869,-8.6119812,3,1TNVS2121E1Z,OpenStreetMap,,True,,,exterior_visible
Torre del Infantado,,C14,43.1542404,-4.6235649,3,5H98G9X0N8LB,OpenStreetMap,,True,Category:Torre del Infantado,,exterior_visible
Iglesia de San Vicente,,C14,43.1543676,-4.6244967,3,37TEDOTC5655,OpenStreetMap,,True,"Category:Gothic church of San Vicente, Potes",,exterior_visible
Ermita de Nuestra Señora de la Lastra,,1718,41.1048589,-3.7315493,3,VG61U50ZNE49,OpenStreetMap,,True,,,exterior_visible
,Alcino Soutinho,,41.1814156,-8.6534939,3,M50J03Z16KIA,OpenStreetMap,,True,,,exterior_visible
,Alcino Soutinho,,41.1836244,-8.6491026,3,UZ3N35DK61C4,OpenStreetMap,,True,,,exterior_visible
Capela da Sarna,,C16,43.6329438,-7.5600764,3,RL75UQK2770I,OpenStreetMap,,True,,,exterior_visible
Creche de Cedofeita,António de Fontes Soares,,41.1557034,-8.6207934,3,41EU8TA1N7N5,OpenStreetMap,,True,,,exterior_visible
Edifício Montepio Geral,Agostinho Ricca,1961,41.1546725,-8.6264401,3,X9T12LIN75B9,OpenStreetMap,,True,,,exterior_visible
"Edifício na rua de Nossa Senhora de Fátima, n.º 231",José Carlos Loureiro;Luís Pádua Ramos,,41.1595556,-8.6251923,3,XV15L28Q7U2I,OpenStreetMap,,True,Category:Edifício Parnaso,,exterior_visible
Shopping Center Brasília,,1976-10-09,41.1560003,-8.6265342,3,27Z7V3TB3M8B,OpenStreetMap,,True,,,exterior_visible
Estatua del Conde Ansúrez,Aurelio Rodríguez Vicente-Carretero,1903,41.6519908,-4.7285784,3,F53EH6JZ498R,OpenStreetMap,,True,,,exterior_visible
,Vicente Lampérez y Romea,1900,42.339748,-3.7045623,3,QUK99Y6F55G1,OpenStreetMap,,True,,,exterior_visible
,Manuel Machado Empreendimentos,2021,41.4041063,-8.5155304,3,D119C3C9S0ZY,OpenStreetMap,,True,,,exterior_visible
Casa Vieira de Castro,Álvaro Siza Vieira,,41.4055937,-8.5420727,3,689G43Y2ETDO,OpenStreetMap,,True,,,exterior_visible
Iglesia de Nuestra Señora de la Asunción,,C18,40.2220349,-5.7517293,3,14V5SG3DKW58,OpenStreetMap,,True,,,exterior_visible
Chalet de José Cocina,,1926,43.3589303,-5.5103348,3,7T4F7F618RLM,OpenStreetMap,,True,,,exterior_visible
Iglesia de San Juan,,~C13,42.6020285,-6.8195203,3,0H9AU8X4F3P7,OpenStreetMap,,True,,,exterior_visible
Aproveitamento Hidroelétrico do Carvalhal,,1992,40.8261791,-8.4156146,3,W7L4O9P3VI75,OpenStreetMap,,True,,,exterior_visible
Instituto de Investigación Biocruces Bizkaia,,2008,43.2832761,-2.9838583,3,4QYCD1000BT3,OpenStreetMap,,True,,,exterior_visible
,Neinor Homes,,43.3292826,-2.9900132,3,F8K0M3K090BY,OpenStreetMap,,True,,,exterior_visible
,Neinor Homes,,43.3294475,-2.9896995,3,E73N9Q66DD0Y,OpenStreetMap,,True,,,exterior_visible
Torre de La Vela,,C12,40.0656886,-4.3712083,3,1PV5P4OA76X2,OpenStreetMap,,True,,,exterior_visible
Capela de Santo António,,1774,41.2787826,-8.6067996,3,RT05V4E10VK7,OpenStreetMap,,True,,,exterior_visible
Iglesia Parroquial,,C17,40.7934251,-3.0796484,3,65NW9X750LMG,OpenStreetMap,,True,,,exterior_visible
Monasterio de Santa María la Real de Valdeiglesias,,1178,40.366068,-4.3220228,3,856IW78TA7XP,OpenStreetMap,,True,,,exterior_visible
Casa del Cónsul de Francia,Juan de Villanueva,1768,40.5912664,-4.1456593,3,78W3FGC2W4C0,OpenStreetMap,,True,,,exterior_visible
Castillo del Alba,,2001,43.0927686,-6.2547771,3,8BL68I2B3W2L,OpenStreetMap,,True,,,exterior_visible
,Marcio Freitas,,41.1600699,-8.6210593,3,O6GT9N8P042L,OpenStreetMap,,True,,,exterior_visible
,Marcio Freitas,,41.1602061,-8.621068,3,K8SQ2F5L779F,OpenStreetMap,,True,,,exterior_visible
,Marcio Freitas,,41.1602061,-8.621068,3,8EFO9IE1915G,OpenStreetMap,,True,,,exterior_visible
,Marcio Freitas,,41.1603245,-8.6210739,3,076CFMCX662T,OpenStreetMap,,True,,,exterior_visible
Palacio de Congresos y Exposiciones de León,Dominique Perrault,2018,42.5946747,-5.5841328,3,V4H9P80T4K3C,OpenStreetMap,,True,,,exterior_visible
Palacín,,2011,42.59449,-5.5850005,3,R3XQ2S5G96G5,OpenStreetMap,,True,,,exterior_visible
Torre del telégrafo óptico Torrelodones,,1846,40.5840364,-3.9442043,3,KPQ4JR9501G1,OpenStreetMap,,True,,,exterior_visible
Torre del telégrafo óptico Castrejón,,1846,40.7429189,-4.3001964,3,4IDXG362R4Y5,OpenStreetMap,,True,,,exterior_visible
Torre del telégrafo óptico Labajos,,1846,40.8639294,-4.5355709,3,96ZF228A4BTX,OpenStreetMap,,True,,,exterior_visible
Torre del telégrafo óptico Martín-Muñoz,,1846,40.9656157,-4.5937905,3,Y7V1C8K3IE45,OpenStreetMap,,True,,,exterior_visible
Torre del telégrafo óptico Tolocirio,,1846,41.1457748,-4.626832,3,61Q67P05OUJZ,OpenStreetMap,,True,,,exterior_visible
Torre del telégrafo óptico Lutero,,1846,41.2112278,-4.6542398,3,X3XG44P799RT,OpenStreetMap,,True,,,exterior_visible
Torre del telégrafo óptico Olmedo,,1846,41.3098393,-4.6739776,3,OG1Z684J7C8H,OpenStreetMap,,True,,,exterior_visible
Torre del telégrafo óptico El Collado,,1846,41.4138895,-4.6779622,3,DR5Q4593SYI3,OpenStreetMap,,True,,,exterior_visible
Torre del telégrafo óptico Frausilla,,1846,41.8403024,-4.5815546,3,Y2ON170RG16A,OpenStreetMap,,True,,,exterior_visible
Torre del telégrafo óptico Tariego,,1846,41.9034283,-4.4765521,3,645RGJUD2M50,OpenStreetMap,,True,,,exterior_visible
Torre del telégrafo óptico Prádanos,,1846,42.5137577,-3.3334842,3,0RZ81K82J9HX,OpenStreetMap,,True,,,exterior_visible
Torre del telégrafo óptico Codorniz,,1846,41.0559359,-4.6094634,3,Q87191KF8UFF,OpenStreetMap,,True,,,exterior_visible
Torrelavega-Centro,,1938,43.3509409,-4.0513416,3,13KJ8C9K6J6W,OpenStreetMap,,True,,,exterior_visible
Grandes Molinos Vascos,,1924,43.2803728,-2.9703342,3,M200M30GF9TY,OpenStreetMap,,True,,,exterior_visible
Torre del telégrafo óptico Cerro del Esparto,,1846,39.3113535,-3.735621,3,0J1O4L1KT8W4,OpenStreetMap,,True,,,exterior_visible
Hospital de Carlos III,,C18,43.0000813,-7.5727529,3,WJ4VEH99707X,OpenStreetMap,,True,,,exterior_visible
Antiguas escuelas,,1967,42.323892,-3.459295,3,92B1BGL4U9K2,OpenStreetMap,,True,,,exterior_visible
,Agostinho Ricca,,41.5474173,-8.4244189,3,3UBH32L6C28G,OpenStreetMap,,True,,,exterior_visible
Mariscos Antromero,,1990,43.5999912,-5.7748681,3,S56W428CVI0R,OpenStreetMap,,True,,,exterior_visible
Capela Nova de São Vicente,,C20,41.7067728,-7.4916692,3,Z24KI660C6TF,OpenStreetMap,,True,,,exterior_visible
Estúdio Domingos Mendes PT,,05-01-2018,41.3999541,-8.2930702,3,7OTGG2E80W65,OpenStreetMap,,True,,,exterior_visible
Conde de Ferreira,,1866-03-24,40.9291469,-8.546874,3,1J9FO2BG12M9,OpenStreetMap,,True,,,exterior_visible
Capela junto à Quinta dos Engrácias,,C17,41.285249,-8.614919,3,G25N9IE14Z6H,OpenStreetMap,,True,,,exterior_visible
Ayuntamiento de Los Corrales de Buelna,,C20,43.2557396,-4.0685029,3,E1A58B8NS8A4,OpenStreetMap,,True,,,exterior_visible
Estación de autobuses Los Corrales de Buelna,,2006-12-21,43.2585294,-4.0680577,3,503DWE6KQ9F2,OpenStreetMap,,True,,,exterior_visible
Iglesia de San Vicente Mártir,,1916..1926,43.2606625,-4.0668936,3,2H0Q62U5DZ0G,OpenStreetMap,,True,,,exterior_visible
,Alcino Soutinho,2003,41.7791568,-8.8566488,3,5V1BY3316PKR,OpenStreetMap,,True,,,exterior_visible
Concello de Corcubión,,1924,42.9444684,-9.1945805,3,B240N1SF1CY8,OpenStreetMap,,True,,,exterior_visible
Coreto de Canelas,,1907,41.0799612,-8.5999876,3,S6862X7A4RCM,OpenStreetMap,,True,,,exterior_visible
Molino de Arriba de Mazcuerras,,1858,43.2988237,-4.213498,3,66W91BZD3D6M,OpenStreetMap,,True,,,exterior_visible
Iglesia Parroquial de San Vitores,,C18,41.3710107,-3.6138501,3,RCP3P138U5W1,OpenStreetMap,,True,File:Iglesia de San Vitores (frente).jpg,,exterior_visible
Casa Galega da Cultura,José María Ortiz y Sánchez,,42.238301,-8.7256832,3,I0X0OO53O28T,OpenStreetMap,,True,,,exterior_visible
Molino de San Andrés,,~C18,43.244598,-4.0574675,3,47JGIJ74I8D2,OpenStreetMap,,True,,,exterior_visible
Relógio de Sol Viriato,,2017,40.6648271,-7.9067604,3,NGBC886Y06F2,OpenStreetMap,,True,,,exterior_visible
Asilo de San José,,1916..1926,43.2608869,-4.066505,3,3438A7O6PYUX,OpenStreetMap,,True,,,exterior_visible
Capela de Cidreiros,,1936,40.1760081,-8.1427777,3,4O1WPGX45T73,OpenStreetMap,,True,,,exterior_visible
Casona de José María Quijano,,mid C18..late C19,43.2573006,-4.0652198,3,70V5HR3P2B7A,OpenStreetMap,,True,,,exterior_visible
Palacio de los Condes de Mansilla,,C17,43.2579191,-4.0663535,3,TZW416521XLL,OpenStreetMap,,True,,,exterior_visible
La Casuca,,1947,43.2565694,-4.0675137,3,Y28WK4W11E3C,OpenStreetMap,,True,,,exterior_visible
Palacete de los Bustamante,,C18..C19,43.2568344,-4.0667432,3,H38E4AP14L5L,OpenStreetMap,,True,,,exterior_visible
Casa Pilatti,,C20,43.2561389,-4.0647756,3,9MQV84X90B9O,OpenStreetMap,,True,,,exterior_visible
Escola-Taller,,~1957,42.6414791,-8.8916009,3,7SOXO894J9Q3,OpenStreetMap,,True,,,exterior_visible
Centro de Saúde e Punto de Atención Continuada de Boiro,,1994,42.6358057,-8.8752055,3,6055SEL04JTX,OpenStreetMap,,True,,,exterior_visible
Terminal Rodoviário de Vila Real,,2016-04-25,41.2998138,-7.7502005,3,9V0IR63V1P4L,OpenStreetMap,,True,,,exterior_visible
Pelourinho,,Séc. 16,40.5930827,-6.9493789,3,2WGBMR77J601,OpenStreetMap,,True,,,exterior_visible
Igreja Matriz de Serro Ventoso,,1613,39.559354,-8.831533,3,88GF48M5U1RN,OpenStreetMap,,True,,,exterior_visible
Villarey Golf & Beach,,2023-02-27,39.38756,-9.2790471,3,45VQQO25W3J8,OpenStreetMap,,True,,,exterior_visible
,Francisco da Conceição Silva,,40.4531334,-8.8027838,3,Z5D3L702FJ1W,OpenStreetMap,,True,,,exterior_visible
Iglesia de San Miguel Arcángel,,C17,43.2275353,-3.3552658,3,A95P30C4LS7U,OpenStreetMap,,True,,,exterior_visible
Palácio dos Chavões,,1345,39.1536881,-8.7579784,3,C0PP77XK6H84,OpenStreetMap,,True,,,exterior_visible
McDonald's,,08/10/2018,41.7975776,-6.7724453,3,05O8HQS72M8Z,OpenStreetMap,,True,,,exterior_visible
Castelo de Maside,,C11,42.5023095,-7.6166077,3,LF0Q76K3WS67,OpenStreetMap,,True,,,exterior_visible
Antiga Igreja Matriz,,~C10,40.4711142,-8.080373,3,EAK241X9U85T,OpenStreetMap,,True,,,exterior_visible
Centro de Interpretación de la Industria de Cantabria José María Quijano,,1940,43.2683859,-4.0619766,3,EJ322TT94OF4,OpenStreetMap,,True,,,exterior_visible
,Marcos Rico Santamaría,1935,42.3487438,-3.6779377,3,Y38DWQXH0248,OpenStreetMap,,True,,,exterior_visible
Ermita de San Cipriano,,1986-09-30,43.2679873,-4.0668861,3,1B49J7QF4B2R,OpenStreetMap,,True,,,exterior_visible
Iglesia de la Asunción de Nuestra Señora,,C16,40.968064,-4.8006149,3,ZS88H7A875DH,OpenStreetMap,,True,,,exterior_visible
Edificio Avenida,,1994,39.9871652,-6.5379823,3,M1911AEETF73,OpenStreetMap,,True,,,exterior_visible
El Corte Inglés,,2007-05-04,39.9620942,-4.8263957,3,JO75L23G0ES5,OpenStreetMap,,True,,,exterior_visible
Edificio de La Paz,,1972,39.9630738,-4.8256045,3,1OQR0R3K693C,OpenStreetMap,,True,,,exterior_visible
Capela de São Sebastião,,1943,41.302367,-7.6711265,3,FDQ80KZ8475C,OpenStreetMap,,True,,,exterior_visible
Igreja Paroquial de Provesende,,1722,41.217544,-7.5665438,3,FX273O0W6CE0,OpenStreetMap,,True,,,exterior_visible
Capela da Santa Cruz de Baiobre,,1906,42.8932097,-8.2272755,3,5Y9RW6HWY966,OpenStreetMap,,True,,,exterior_visible
Cantina de Santiago,Rebello de Andrade,,40.6303355,-8.6591516,3,48K4U4SMYT74,OpenStreetMap,,True,,,exterior_visible
Alcázar de los Condestables,,1380,42.9276658,-3.4881757,3,X3HS3RU1550J,OpenStreetMap,,True,"Category:Alcázar de los Condestables, Medina de Pomar",,exterior_visible
San Antonio de Padua,,1894,39.6504343,-7.4963037,3,ZH811NZM0H21,OpenStreetMap,,True,,,exterior_visible
Tribunal do Sabugal,Carlos João Chambers Ramos,,40.3501588,-7.0903326,3,H8V870ELWK88,OpenStreetMap,,True,,,exterior_visible
Faro de Laxe,,1920,43.2321417,-9.011212,3,3OFE7X363N4G,OpenStreetMap,,True,,,exterior_visible
Faro Novo de Cabo Touriñán,,1981,43.0533718,-9.2981311,3,22L5E7EG3RJ1,OpenStreetMap,,True,,,exterior_visible
Cárcere do Partido,,1858,42.9446076,-9.1911334,3,UEF984ZO050Z,OpenStreetMap,,True,,,exterior_visible
Tribunal de Marco de Canaveses,António Madeira Portugal,,41.1837172,-8.1498464,3,62HVX23V9CS8,OpenStreetMap,,True,,,exterior_visible
Igreja Matriz de Proença-a-Velha,,2005,40.0266873,-7.2387864,3,N2IC643S3VM4,OpenStreetMap,,True,,,exterior_visible
Tribunal da Covilhã,Januário Godinho,,40.2767096,-7.498382,3,0ZK55AI51FU9,OpenStreetMap,,True,,,exterior_visible
Las Traídas,,1903,43.3554836,-4.0393351,3,2DG8G191A2YW,OpenStreetMap,,True,,,exterior_visible
Hotel Zarampallo,,1941,42.3375215,-7.8643658,3,FJS8302BFP46,OpenStreetMap,,True,,,exterior_visible
Cárcere da Coroa,,C18,42.3351368,-7.8639855,3,7D9BMXS1433S,OpenStreetMap,,True,,,exterior_visible
Muebles Margo,,1979,41.4079249,-4.3214756,3,E3B8K4Z3Y45L,OpenStreetMap,,True,,,exterior_visible
Junta Vecinal de Coo,,1968,43.2743991,-4.1079884,3,TKY4F113HE96,OpenStreetMap,,True,,,exterior_visible
Capela de Santa Ana,,2009-06-26,41.0186545,-8.4497252,3,KR3J983RW37N,OpenStreetMap,,True,,,exterior_visible
Sanabria Alta Velocidad,,2021/07/22,42.0449988,-6.5629521,3,YH0K4O395M8K,OpenStreetMap,,True,,,exterior_visible
Igrexa de Santa María de Suárbol,,C17,42.8671208,-6.8515959,3,QD62H389DRE8,OpenStreetMap,,True,,,exterior_visible
Casona de los Ceballos,,C18,43.180403,-4.5671401,3,8768WPFDLZ42,OpenStreetMap,,True,,,exterior_visible
Iglesia de Nuestra Señora del Pilar,,1889,39.485082,-4.7268196,3,F3VU30AEZ642,OpenStreetMap,,True,,,exterior_visible
,Josephus,1763,39.4849149,-4.7269898,3,0QTA71P4L94Z,OpenStreetMap,,True,,,exterior_visible
Casa das Artes,Eduardo Souto de Moura,,41.1565154,-8.6435301,3,N392C7ITW85Z,OpenStreetMap,,True,,,exterior_visible
Casa de Postas,,1777,39.7035752,-3.5030102,3,03F92E5HUF9N,OpenStreetMap,,True,File:Casa de Postas de Tembleque - Panoramique.jpg,,exterior_visible
CTT,Amílcar Pinto,,40.4189725,-7.7034907,3,P67P920A3UIK,OpenStreetMap,,True,,,exterior_visible
Cais Criativo,ARX Portugal,Janeiro 2016,40.612336,-8.7516412,3,516281UXQSRL,OpenStreetMap,,True,,,exterior_visible
,Mun Arquitectura S.L.P.,,42.1615417,-8.6139681,3,H52W6HO2W45W,OpenStreetMap,,True,,,exterior_visible
Palácio da Justiça de Oliveira do Hospital,Fernando Silva,,40.3590921,-7.8625682,3,RX52742TPQ2G,OpenStreetMap,,True,,,exterior_visible
Posto de Vigia Caramulo,,1974,40.5807084,-8.1762381,3,72VW72JPT6X9,OpenStreetMap,,True,,,exterior_visible
Iglesia Parroquial de San Leonardo Abad (s.XVI),,1733,41.8292093,-3.0668629,3,DJ43KX695GI5,OpenStreetMap,,True,,,exterior_visible
Estación de Crespos,,1924,40.8701481,-4.9680909,3,ZQ82C5T8D28L,OpenStreetMap,,True,,,exterior_visible
Iglesia de Nuestra Señora de los Dolores,,C15,40.8877603,-4.9303576,3,3J0S7XDSV275,OpenStreetMap,,True,,,exterior_visible
Silo de Crespos,,1961,40.8693154,-4.9670753,3,3W3CPP9F769L,OpenStreetMap,,True,,,exterior_visible
Unidade de Cuidados de Saúde Personalizados Cidade e as Serras - Polo Caranguejeira,,2014-04-07,39.7432703,-8.7068851,3,7588MJKS5LD0,OpenStreetMap,,True,,,exterior_visible
Panadería San Pelayo,,1909,43.3932336,-6.0616809,3,1TC94LLBD168,OpenStreetMap,,True,,,exterior_visible
Central de Cogeração da ETAR da Madalena,,2003,41.1123172,-8.6548153,3,06SMDMJ4Q564,OpenStreetMap,,True,,,exterior_visible
Iglesia de San Pedro de la Nave,,C7,41.5832814,-5.9642307,3,11SZ2YT14B9O,OpenStreetMap,,True,File:San_Pedro_de_la_Nave-Almendra_San_Pedro_de_la_Nave_175.jpg,,exterior_visible
Molino de Aldama,,1795,43.4771356,-3.8397996,3,NN03RH12J6A3,OpenStreetMap,,True,,,exterior_visible
Casa do Doutor Domingos Barbosa,Nicolau Nasoni;Alcino Soutinho,1730,41.142645,-8.6105521,3,RQ77FU319N4B,OpenStreetMap,,True,Category:Casa-Museu Guerra Junqueiro,,exterior_visible
Casa do Cabido,,C18,41.1426764,-8.6116092,3,CGKK691TL036,OpenStreetMap,,True,Category:Casa do Cabido da Sé do Porto,,exterior_visible
Mercadona,,2019-09-09,40.4578435,-3.4691183,3,T956K4K65ARK,OpenStreetMap,,True,,,exterior_visible
Residência paroquial,,1906,40.9564936,-8.5533044,3,NXP4I0G774S5,OpenStreetMap,,True,,,exterior_visible
Casa Manuel de Oliveira,,1967,40.9553405,-8.5516924,3,72Q7O8R1NSQ4,OpenStreetMap,,True,,,exterior_visible
Junta de Freguesia de São João de Ver,,2001-06-30,40.954431,-8.5493877,3,95M1IOAG0J02,OpenStreetMap,,True,,,exterior_visible
Igreja Matriz de São João de Ver,Fernando de Távora;Ricardo Azevedo,2008-10-26,40.9551695,-8.551817,3,BG1B4Q53T04U,OpenStreetMap,,True,,,exterior_visible
Naves de la Cooperativa Santa Eulalia,,1970,42.4127114,-3.6865174,3,3FNU66EKV892,OpenStreetMap,,True,,,exterior_visible
Caballerizas,,1914,43.4681871,-3.768781,3,COQG99C2M530,OpenStreetMap,,True,Category:Caballerizas Reales de la Magdalena,,exterior_visible
Palacio de La Magdalena,,1908,43.4692112,-3.7666198,3,22FLVY5X4J58,OpenStreetMap,,True,Category:Exterior of the Palacio de la Magdalena,,exterior_visible
Faro de la Punta de la Cerda,,1870,43.4668744,-3.7638658,3,17SO5UU91CS5,OpenStreetMap,,True,,,exterior_visible
Casa de Piedra,,1831,43.4622343,-3.8028308,3,814VY6QOU8C1,OpenStreetMap,,True,,,exterior_visible
Faro Santander,Ricardo Bastida;Javier González de Riancho;David Chipperfield,1795,43.4621324,-3.8038719,3,9Q39I49IVW1M,OpenStreetMap,,True,,,exterior_visible
Edificio de Ministerios,,1980,43.4596536,-3.8208338,3,7I48PHU3J5F4,OpenStreetMap,,True,,,exterior_visible
Delegación de Hacienda en Santander,,1948-08-20,43.4622632,-3.805912,3,77U0RBSD42Q6,OpenStreetMap,,True,,,exterior_visible
Mercado del Este,,1842,43.4621305,-3.8047331,3,34OL6O2R0U6E,OpenStreetMap,,True,,,exterior_visible
,Eloy Martínez del Valle,1925,43.4606992,-3.8066636,3,2C9WUWR51X31,OpenStreetMap,,True,,,exterior_visible
,João Simões;João Paciência,,39.2907056,-7.4319367,3,KAE0C5134I4L,OpenStreetMap,,True,Category:Edifício da Caixa Geral de Depósitos (Portalegre),,exterior_visible
Cine-Teatro Crisfal,Domingos Alves Dias,1956,39.2924362,-7.4283938,3,F69T600G9UZV,OpenStreetMap,,True,File:Portalegre - Portugal (7212052010).jpg,,exterior_visible
Edificio La Equitativa,,1943,43.4613329,-3.8078642,3,SGE7F413E57Q,OpenStreetMap,,True,,,exterior_visible
"Edifício Ferreira e Filhos, Limitada",Manuel Passos;Eduardo Martins,,41.1512148,-8.6064388,3,0SV6T1Z66Z7O,OpenStreetMap,,True,,,exterior_visible
Mercado de La Esperanza,,1904-04-10,43.4627033,-3.8101549,3,L9TG5TJ492E0,OpenStreetMap,,True,,,exterior_visible
Palacio de Festivales de Cantabria,,1986,43.4627543,-3.7897963,3,2KV93WF95L9D,OpenStreetMap,,True,,,exterior_visible
La Duna,Alejandro Zaera,2014,43.4613534,-3.790687,3,0J97HV96WK7C,OpenStreetMap,,True,,,exterior_visible
Capela Nossa Senhora dos Remédios,,1958,40.1498334,-8.0292284,3,JJQ6P57P395Y,OpenStreetMap,,True,,,exterior_visible
Igreja de Nossa Senhora de Fátima,,1936,41.1601503,-8.6241585,3,5HT2H2Y0R28Q,OpenStreetMap,,True,,,exterior_visible
Igreja dos Pastorinhos,Bernardo Brito,,41.1675351,-8.6359538,3,61R0J0CSO2Y5,OpenStreetMap,,True,,,exterior_visible
Capela do Bairro do Amial,,1758,41.1751807,-8.6196479,3,X637C6XEAV20,OpenStreetMap,,True,,,exterior_visible
Quiosque do Marquês,,1931,41.1606022,-8.60461,3,A403I4U8CR0N,OpenStreetMap,,True,Category:Quiosque na Praça Marquês de Pombal,,exterior_visible
Casona de Llabad Camino,,C17,43.4863729,-3.6130683,3,56U4AM2SR78F,OpenStreetMap,,True,,,exterior_visible
Iglesia de la Anunciación,,1607,43.4625814,-3.8075072,3,1Q4JOU1JA818,OpenStreetMap,,True,,,exterior_visible
Posto de Vigia Coroa,,1958,41.9148146,-7.0038243,3,X191Y4Z3DCI3,OpenStreetMap,,True,,,exterior_visible
Banco Santander,Casimiro Pérez de la Riva,1902,43.4629741,-3.8040362,3,670V12VABO6S,OpenStreetMap,,True,,,exterior_visible
Iglesia Santa María de Valverde,,C5..C10,42.7933029,-4.1403904,3,WBD8EY01205C,OpenStreetMap,,True,,,exterior_visible
Iglesia de Santa Lucía,Antonio Zabaleta,1854,43.4631246,-3.802094,3,B62IBXB4901H,OpenStreetMap,,True,"Category:Church of Santa Lucía, Santander",,exterior_visible
Edificio do Banco de España,José Fermín de Astiz Bárcena,1900,42.4314516,-8.6459737,3,974M821PLPWK,OpenStreetMap,,True,,,exterior_visible
Mansión do Marqués de Riestra,,late C19,42.4314516,-8.6459737,3,WN829S1QY3F2,OpenStreetMap,,True,,,exterior_visible
Casa das Campás,,C15,42.4323178,-8.6460389,3,T48272H3JGDN,OpenStreetMap,,True,,,exterior_visible
Capela de Nosa Señora da Guía,Manuel Gómez Román,1951,42.2555662,-8.7019022,3,1BB8E5VD74Q0,OpenStreetMap,,True,,,exterior_visible
Gran Garaje,Maximiliano Limeses Artime,1915,42.4303522,-8.6427789,3,J3E96QQ3B6O9,OpenStreetMap,,True,,,exterior_visible
Casa Bárcena,Manuel de Uceda,1863,42.239135,-8.7274876,3,W746ZB600RMG,OpenStreetMap,,True,,,exterior_visible
Pazo de Figueroa,,C16,42.2389845,-8.7267599,3,8N3V59G70RUW,OpenStreetMap,,True,,,exterior_visible
Real Cuerpo de Bomberos Voluntarios de Santander,Valentín Ramón Lavín Casalís,,43.4614368,-3.8172461,3,IG3B0DP6914N,OpenStreetMap,,True,,,exterior_visible
Edificio Q.O.,,1942,43.4625118,-3.8107971,3,DM86WG0A2V94,OpenStreetMap,,True,,,exterior_visible
Iglesia de San Francisco de Asís,,1940,43.4629121,-3.8112387,3,037H7M8MP2MO,OpenStreetMap,,True,,,exterior_visible
"Centro de Familia ""La Gota de Leche""",,1923,43.4634222,-3.8136833,3,CDR59A417WL7,OpenStreetMap,,True,,,exterior_visible
Auditorio,,1985,42.7384114,-8.6517328,3,B3240BA6VQ4C,OpenStreetMap,,True,,,exterior_visible
Porta 20,,2018-11-12,39.7412125,-8.8041005,3,VY3E90W3S97T,OpenStreetMap,,True,,,exterior_visible
Antigua Estación de Sotopalacios,,1928-08-25,42.4335131,-3.6835782,3,O27CYRL5532R,OpenStreetMap,,True,,,exterior_visible
Casa da Criança Rainha Santa Isabel,,1940-07-12,40.201366,-8.4338782,3,J29J59UV9ZW3,OpenStreetMap,,True,,,exterior_visible
Pavillón do CEIP Quintela,,1999,42.282294,-8.739536,3,2EGR36XRU863,OpenStreetMap,,True,,,exterior_visible
Palacete das Mendoza,Alejandro Sesmero,1878,42.4329408,-8.6477815,3,Q02V5SB06M0Y,OpenStreetMap,,True,,,exterior_visible
Casa de los Caballos,,C16,39.4725814,-6.3697321,3,57HTZZI475U4,OpenStreetMap,,True,,,exterior_visible
Iglesia de Santa Teresa,,1962,43.2997675,-2.9923219,3,FS60YA409WK9,OpenStreetMap,,True,,,exterior_visible
Mercado de Abastos,Ismael de Gorostiza,1928,43.2973103,-2.9870073,3,KS7R5VV471U0,OpenStreetMap,,True,,,exterior_visible
Palacete de Cortiguera,,1889,43.4640906,-3.8007677,3,B909HI4BUE56,OpenStreetMap,,True,,,exterior_visible
Capela da Mercé,Rodolfo Ucha Piñeiro,1926,43.4827763,-8.2385976,3,40IF575BX4NM,OpenStreetMap,,True,Category:Chapel of A Mercé de Ferrol,,exterior_visible
Aproveitamento Hidroelétrico de Riba Côa,,1906,40.7023755,-6.9305371,3,B59T79K0H0BD,OpenStreetMap,,True,,,exterior_visible
Texas Bar,,1992,39.788696,-8.8497317,3,QU1U86P3R2G7,OpenStreetMap,,True,,,exterior_visible
Iglesia de San José,Ricardo Bastida,1940,43.2960751,-2.9868391,3,2T2K9Q09GQB1,OpenStreetMap,,True,,,exterior_visible
Centro Sociocultural Manuel Díaz Sampedro,,1970,43.5416744,-7.2336754,3,E12VWF1Z970T,OpenStreetMap,,True,,,exterior_visible
YoYo Viagens,,2012-04-11,39.7431036,-8.8065469,3,H173HW4H38PJ,OpenStreetMap,,True,,,exterior_visible
Palacio San Vicente,,C19,43.2954527,-2.9965769,3,6BQVL47B6P79,OpenStreetMap,,True,,,exterior_visible
Iglesia de San Vicente,,1622,43.2958473,-2.9968945,3,V7174KQ4CTO3,OpenStreetMap,,True,,,exterior_visible
Antigua estación del FFCC Santander-Mediterráneo,,1928-08-25,42.4923417,-3.6530003,3,RHBB29O6F076,OpenStreetMap,,True,,,exterior_visible
Antigua Estación de Peñahorada,,1928-08-25,42.4925811,-3.6526055,3,36T4JMB389ZP,OpenStreetMap,,True,,,exterior_visible
Grupo García Camarero,,2019,42.3724086,-3.7017446,3,74O7WK7A3E4M,OpenStreetMap,,True,,,exterior_visible
Ferrinox,,2020,42.3731373,-3.7026903,3,2XKWLX14041Y,OpenStreetMap,,True,,,exterior_visible
Casa Gallo,Manuel Tainha,,39.7548372,-9.0304984,3,RIT84U4419XJ,OpenStreetMap,,True,,,exterior_visible
Ermita del Divino Cristo,,2003,42.5767801,-6.6387729,3,3900B4PUKEN0,OpenStreetMap,,True,,,exterior_visible
Iglesia de los santos Cornelio y Cipriano,,C16,41.2835781,-3.3164227,3,2XJE6176CJQ0,OpenStreetMap,,True,,,exterior_visible
Acquavilla House,Pedro Santos,,39.8784364,-8.6097611,3,9Y5JR1NO31I0,OpenStreetMap,,True,,,exterior_visible
Capela de São José,,1753,40.9463576,-8.6168345,3,0N344N6CM6RO,OpenStreetMap,,True,,,exterior_visible
Sanitários da Igreja Matriz de Válega,,2019-07-25,40.8334244,-8.580298,3,1J3FZ5H70WJ3,OpenStreetMap,,True,,,exterior_visible
Sanitários do Cemitério de Válega,,2019-07-25,40.8333623,-8.5805434,3,ZM91A1L7LW03,OpenStreetMap,,True,,,exterior_visible
Casa Alves Santos,Álvaro Siza Vieira,,41.3857646,-8.7603982,3,4Q1Z0RAV984A,OpenStreetMap,,True,,,exterior_visible
Casa do Paço,,1933,40.9562419,-8.616925,3,QMAV74T4M014,OpenStreetMap,,True,,,exterior_visible
Casa dos Almeida,,C19?,40.351403,-7.0922561,3,L87BCHW19G57,OpenStreetMap,,True,,,exterior_visible
,Anxo Sánchez González,,42.8059866,-7.6172869,3,BF3J6SBD3531,OpenStreetMap,,True,,,exterior_visible
,Anxo Sánchez González,,42.9245022,-7.3855907,3,1VS96LBK908F,OpenStreetMap,,True,,,exterior_visible
Centro Arqueolóxico de Tourón,,2007,42.404902,-8.5243487,3,6582T5ORLA4D,OpenStreetMap,,True,,,exterior_visible
Teatro Infanta Beatriz,,1914,43.4168146,-3.8069535,3,AQ81D67U8J0X,OpenStreetMap,,True,,,exterior_visible
Gran Teatro Reina Sofía,Antonio García Sánchez-Blanco,1928,42.0017117,-5.6795371,3,2OFO9TG13Q90,OpenStreetMap,,True,,,exterior_visible
Casa-torre de los Ceballos de Riaño,,C18,43.3066895,-3.8938345,3,0A1U1VGZ81T1,OpenStreetMap,,True,,,exterior_visible
Casa de Tomás Pérez,,1927,39.4723084,-6.376052,3,N9TK61W5E9Q4,OpenStreetMap,,True,,,exterior_visible
Torre Caleido,,2021-10-19,40.4766467,-3.6897956,3,29L779P2RDEZ,OpenStreetMap,,True,,,exterior_visible
Chalet de los Málaga,Miguel López Murena,1934,39.4711117,-6.3767701,3,HT40TI23C96K,OpenStreetMap,,True,,,exterior_visible
Lidl,,2019-08-08,43.3425637,-8.3987092,3,RB5K69RYN862,OpenStreetMap,,True,,,exterior_visible
Abrevadero,,~C16,43.3915513,-4.1063642,3,95RC675P4ZAV,OpenStreetMap,,True,,,exterior_visible
Central Hidroelétrica de Daivões,,2022-08-18,41.5246029,-7.8647005,3,3G70YJO951TW,OpenStreetMap,,True,,,exterior_visible
Padelprix Lugo,,2020-01-25,43.0386054,-7.5516204,3,5S3BKQ36C75K,OpenStreetMap,,True,,,exterior_visible
Bombeiros Voluntários de Torre de Dona Chama,,1978-03-16,41.6580255,-7.1212067,3,W1N596J44UBF,OpenStreetMap,,True,,,exterior_visible
Centro de Iniciativas Turisticas,,1968-03-26,43.1607274,-7.8379169,3,482D8KKE45UA,OpenStreetMap,,True,,,exterior_visible
Casa Campomanes,Domingo Ruíz de Santayana,1662,43.3639575,-5.8444861,3,NRQMBP935551,OpenStreetMap,,True,,,exterior_visible
Ermita visigótica de Santa María,,C7,42.1245494,-3.4729737,3,F48YRV2N90I4,OpenStreetMap,,True,,,exterior_visible
Legumes & Outros Vícios,,2024-09-23,40.2009671,-8.4102434,3,9J6G6VSC523M,OpenStreetMap,,True,,,exterior_visible
Depósito de Aguas Mac Mahón,,1911,43.4650411,-3.8176334,3,E012P4ZZ40SU,OpenStreetMap,,True,,,exterior_visible
Fonte de Celas,,1761,40.2140794,-8.4125509,3,V0UO4M980KJ4,OpenStreetMap,,True,,,exterior_visible
Gran Hotel Sardinero,,1925,43.4723784,-3.7834302,3,E1C54Q7MX5U1,OpenStreetMap,,True,,,exterior_visible
Depósito Municipal de Aguas de Arna,,1911,43.4679563,-3.7964252,3,CSJOMZ175494,OpenStreetMap,,True,,,exterior_visible
Villa Carmen,,1912,43.4678357,-3.7912493,3,Z2AU4321QSX6,OpenStreetMap,,True,,,exterior_visible
Fábrica de luz Infanta Isabel,,1900,40.8872269,-4.0135499,3,4DC428BZJ28C,OpenStreetMap,,True,,,exterior_visible
Eurostars Hotel Real,,1916,43.4659085,-3.7824453,3,TV2MMT6W3102,OpenStreetMap,,True,,,exterior_visible
Casa Pardo,,1919,43.4659675,-3.7814955,3,2P12U29R9VZG,OpenStreetMap,,True,,,exterior_visible
Casa Maurice Depasse,Ángel Hernández Morales,1952,43.4655622,-3.7840881,3,G3OZ0926O7AP,OpenStreetMap,,True,,,exterior_visible
Escuela Técnica Superior de Ingenieros Industriales y de Telecomunicación,,1988,43.471929,-3.7989445,3,89NP4Q9WZZ09,OpenStreetMap,,True,,,exterior_visible
Antiguas escuelas de Riaño,,1922,43.3555861,-3.6080404,3,G6306UFGI57K,OpenStreetMap,,True,,,exterior_visible
Torre de Quintela,,C13,41.2973497,-7.7805377,3,96SH0I4R03FV,OpenStreetMap,,True,Category:Torre de Quintela,,exterior_visible
Mercado de Miranda,,1912,43.4664216,-3.7873155,3,0FY1PTWO6156,OpenStreetMap,,True,,,exterior_visible
Iglesia de Nuestra Señora de la Asunción,,C14,40.8363572,-4.6339444,3,3BV1NT815WA8,OpenStreetMap,,True,,,exterior_visible
San Esteban Protomártir,,C12,40.9983835,-4.6473385,3,ZV65J5X39KT2,OpenStreetMap,,True,,,exterior_visible
San Andrés Apóstol,,C12,41.0091521,-4.6510301,3,MK676B1QI17T,OpenStreetMap,,True,,,exterior_visible
Ermita de La Lugareja,,C12,41.048205,-4.7268031,3,DI853NHK267J,OpenStreetMap,,True,File:Arevalo_-_La_Lugareja_2.jpg,,exterior_visible
Palacio de Sedeño,,C16,41.0655148,-4.7206464,3,K57MO8LZ25P9,OpenStreetMap,,True,,,exterior_visible
Palacio de los Ballesteros,,C16,41.0654583,-4.7205189,3,AW66048KU8NM,OpenStreetMap,,True,,,exterior_visible
Casa de los Sexmos,,C14,41.066278,-4.719694,3,BE5M8J7TR172,OpenStreetMap,,True,File:Arévalo-Casa_de_los_Sexmos.JPG,,exterior_visible
Museu Vista Alegre,,1947,40.5888073,-8.6843529,3,RRLDUE792471,OpenStreetMap,,True,,,exterior_visible
Villa Iris,,1913,43.4680467,-3.7782381,3,U9JAC85A272C,OpenStreetMap,,True,,,exterior_visible
Chalet Manuel Ángel,,1912,43.4673826,-3.7899237,3,6KM2TM4FI326,OpenStreetMap,,True,,,exterior_visible
Centro Social La Rasilla,,C17,43.2577529,-4.0657671,3,5Q1LL8J31DH2,OpenStreetMap,,True,,,exterior_visible
,A. Hernán Gómez Deu; Ernesto Alfaro,1946,43.4689431,-3.7781765,3,9FSVF75TR628,OpenStreetMap,,True,,,exterior_visible
,A. Hernán Gómez Deu; Ernesto Alfaro,1946,43.4686532,-3.7777578,3,1G6J31IXM5O5,OpenStreetMap,,True,,,exterior_visible
,A. Hernán Gómez Deu; Ernesto Alfaro,1946,43.4689181,-3.7779859,3,8RWANS74P275,OpenStreetMap,,True,,,exterior_visible
,José Talma Ortiz de Lanzagorta,1910,43.4693255,-3.7777033,3,IJ9UH02237QF,OpenStreetMap,,True,,,exterior_visible
El Rincón,,1900,43.4688714,-3.7775586,3,51UC19ST7CL8,OpenStreetMap,,True,,,exterior_visible
Villa Blanco,Joaquín de Rucoba;Octavio de Toledo,1900,43.4691231,-3.7776007,3,2M1F92G8Q1ZG,OpenStreetMap,,True,,,exterior_visible
,María Cristina Gonzalo de Ausín,1900,43.4686489,-3.7775665,3,GV9CW2F2T084,OpenStreetMap,,True,,,exterior_visible
Villa Carmen,Manuel González Aguilar,1910,43.4689171,-3.7775651,3,3CT3Q714MXG5,OpenStreetMap,,True,,,exterior_visible
Centro de Salud Santoña,,2020,43.4447124,-3.4541338,3,2XQAJ3RK9992,OpenStreetMap,,True,,,exterior_visible
GBC Hostel Caldas (formerly Albergue Celenis),,2021-07-5,42.6053929,-8.6492382,3,3U64UE1T7D4J,OpenStreetMap,,True,,,exterior_visible
Centro Comercial Cuatro Caminos,,1987-09-04,43.3546949,-8.4014357,3,68EO27JE40ND,OpenStreetMap,,True,,,exterior_visible
Casa Rey,Julio Galán Carvajal,1911,43.3702363,-8.3956021,3,4BJ23K4CI0B9,OpenStreetMap,,True,,,exterior_visible
Casa Granell,Antonio Palacios Ramilo,,42.45684,-6.0530496,3,E678PR8D92SP,OpenStreetMap,,True,File:Casa Granell.jpg,,exterior_visible
Iglesia de San Pedro de Romaña,,C16,43.2725494,-3.2566573,3,8IP996PGU45Q,OpenStreetMap,,True,,,exterior_visible
Palacio de los Martínez de la Riva,,1740,43.164055,-3.230422,3,A5M4110JAO1C,OpenStreetMap,,True,,,exterior_visible
Iglesia de Nuestra Señora de Monserrat,,1740,43.1640111,-3.2302225,3,MYG0Y4H6473M,OpenStreetMap,,True,,,exterior_visible
Casa de Socorro,,1903,43.4633597,-3.8108313,3,U4EZ71644RBV,OpenStreetMap,,True,,,exterior_visible
Palacio de los Condes de Gamazo,,1928,41.5401894,-4.6992104,3,FSO4E27S4W07,OpenStreetMap,,True,,,exterior_visible
Capela de San Xosé da Pedrosa,,C18,43.6208254,-7.5824794,3,7HE2D1308RLF,OpenStreetMap,,True,,,exterior_visible
Capela de Santa Bárbara,,C18,41.28858,-7.6979822,3,3RUJ415E1BL8,OpenStreetMap,,True,,,exterior_visible
Capela de São Gonçalo,,C15,41.2808204,-7.7006713,3,7AZ0OVB56C76,OpenStreetMap,,True,,,exterior_visible
Capela de Santo António dos Esquecidos,,C17,41.292791,-7.7457701,3,VUW6V8R452S0,OpenStreetMap,,True,,,exterior_visible
Capela de São Brás,,C14,41.2917536,-7.7466103,3,9JRRB848I4B9,OpenStreetMap,,True,Category:Capela de São Brás (Vila Real),,exterior_visible
Casa da Porta da Vila,,C16,41.2940365,-7.7460937,3,XFETKU054512,OpenStreetMap,,True,,,exterior_visible
Lar Hotel da Misericórdia,,2003,41.2949637,-7.7472792,3,7DITBHS15794,OpenStreetMap,,True,,,exterior_visible
Capela de Santa Ana,,1738,41.2950841,-7.7474289,3,XQ2D09RD8Z71,OpenStreetMap,,True,,,exterior_visible
Antiga Junta Distrital de Vila Real,,C15,41.2948477,-7.7468742,3,O54A0D2AG5I7,OpenStreetMap,,True,,,exterior_visible
Hospital da Luz - Vila Real,,2018-09-10,41.2958422,-7.7469503,3,32Z9HWUFF222,OpenStreetMap,,True,,,exterior_visible
Casa da Calçada,,C17,41.2961612,-7.7470149,3,Z83P1Q77WON8,OpenStreetMap,,True,,,exterior_visible
Igreja Paroquial de Santo António,Vítor Alves,1993,41.2949515,-7.727371,3,ET58070WNHK8,OpenStreetMap,,True,,,exterior_visible
Casa do Arco,,C16,41.2967223,-7.7457028,3,B3X59R70G0VC,OpenStreetMap,,True,,,exterior_visible
Casa do Caminho de Baixo,,C17,41.2976302,-7.7433011,3,C92T0V39GA6Y,OpenStreetMap,,True,,,exterior_visible
Coreto do Jardim da Carreira,,1889,41.3004354,-7.7417015,3,8Y1P71D1M3AI,OpenStreetMap,,True,,,exterior_visible
Antigo Convento de São Francisco,,C16,41.3005102,-7.7398391,3,I74FT3ZS539Q,OpenStreetMap,,True,,,exterior_visible
Instituto Português do Desporto e Juventude,,1991,41.302966,-7.7392624,3,HQ59ZD7BD526,OpenStreetMap,,True,,,exterior_visible
Palacete das Virtudes,José Henriques Sampaio,1911,41.2951838,-7.7380271,3,C554N94Q2OML,OpenStreetMap,,True,,,exterior_visible
Casa da Portela,,C16,41.2959697,-7.7456583,3,GG57U35N57JO,OpenStreetMap,,True,,,exterior_visible
Edifício do Banco de Portugal,Arnaldo Redondo Adães Bermudes,1893-10-02,41.2984248,-7.7425194,3,655WVJ0I7O8S,OpenStreetMap,,True,,,exterior_visible
Capela do Santo Soldado,,1854,41.307839,-7.7405338,3,45XH4V93H2CM,OpenStreetMap,,True,,,exterior_visible
Capela de São Lázaro,,1520,41.2974882,-7.7402978,3,ZFBLI683064N,OpenStreetMap,,True,,,exterior_visible
Capela de Nossa Senhora dos Remédios,,1922,41.3105941,-7.7300691,3,26D51RN6P3QD,OpenStreetMap,,True,,,exterior_visible
CASYC,,1907,43.4645853,-3.8061025,3,M2CVMJZ16015,OpenStreetMap,,True,,,exterior_visible
O Castelo de Insua,,~C10,42.8503632,-8.8465684,3,5IV2K9VM3B20,OpenStreetMap,,True,,,exterior_visible
Casas del Medio,,1945,40.0539075,-3.4533394,3,59VNLEZZ3371,OpenStreetMap,,True,,,exterior_visible
Central do Biel - Museu de Arqueologia Industrial,,2024-09-29,41.2937528,-7.7428975,3,C7T6N2Z01PG4,OpenStreetMap,,True,,,exterior_visible
Casa da Timpeira,,C16,41.3100206,-7.7315513,3,51VL166RI7GS,OpenStreetMap,,True,,,exterior_visible
Adega da Casa de Mateus,,C16,41.2971768,-7.7125399,3,8Z04RMA4WF79,OpenStreetMap,,True,,,exterior_visible
Capela de Nossa Senhora dos Prazeres,Mestre José Álvares do Rego,1759,41.2968618,-7.712073,3,UZ13J0SM444E,OpenStreetMap,,True,,,exterior_visible
Igreja de Bouceiros,,1964,39.5903678,-8.7387315,3,E8OP82807ZMQ,OpenStreetMap,,True,,,exterior_visible
Posto de Vigia Santo António da Neve,,1971,40.0772221,-8.1623378,3,8Q378U2MLXQ7,OpenStreetMap,,True,,,exterior_visible
Sinagoga Bet Eliahu,,1996,40.3586382,-7.347298,3,KB80KC3592FP,OpenStreetMap,,True,,,exterior_visible
Castelo do Adriano,,C20,40.8919567,-7.6048644,3,3NQV80V068LY,OpenStreetMap,,True,,,exterior_visible
Torre dos Alcoforados,,C13?,41.2490497,-8.4083699,3,E77D4X78W2WX,OpenStreetMap,,True,Category:Torre dos Mouros,,exterior_visible
Antiga Vigia da Boavista,,1885,39.7595685,-8.9250918,3,42V13YDZW1D6,OpenStreetMap,,True,,,exterior_visible
Posto de Vigia Ponto Novo,,1937,39.7656374,-9.0038837,3,V0OR388C5Z6R,OpenStreetMap,,True,,,exterior_visible
Posto de Vigia Facho,,1937,39.7152934,-9.0009113,3,J4E1Y4PYB419,OpenStreetMap,,True,,,exterior_visible
Posto de Vigia Álvaro,,1972,39.943293,-7.9484281,3,4W23SE7MW7N2,OpenStreetMap,,True,,,exterior_visible
Posto de Vigia Bravo,,1972,39.9091106,-8.046535,3,U174GOYX108E,OpenStreetMap,,True,,,exterior_visible
Posto de Vigia Cabeço Rainha,,1972,39.8456466,-7.9298959,3,5F9SF4JYF144,OpenStreetMap,,True,,,exterior_visible
Posto de Vigia Serra de Alvaiázere,,1979,39.8287784,-8.4108903,3,2516BCI13SEI,OpenStreetMap,,True,,,exterior_visible
Posto de Vigia Pedrógão,,1937,39.9121929,-8.9318673,3,3Z3JG1S5NS43,OpenStreetMap,,True,,,exterior_visible
Posto de Vigia Crastinha,,1937,39.8312324,-8.9709558,3,EH08RZ75W49X,OpenStreetMap,,True,,,exterior_visible
Posto de Vigia Alto dos Moinhos,,1962,40.3039099,-8.3054876,3,72USSL6SO310,OpenStreetMap,,True,,,exterior_visible
Posto de Vigia Monte Redondo,,1949,40.2046014,-7.96056,3,WL57B7S422LR,OpenStreetMap,,True,,,exterior_visible
Posto de Vigia Caveiras,,1951,40.1144878,-8.0020092,3,Q5L15A55V1GA,OpenStreetMap,,True,,,exterior_visible
Posto de Vigia Arca,,1970,40.6172637,-8.2433534,3,A7B9J39SWV13,OpenStreetMap,,True,,,exterior_visible
Posto de Vigia Doninhas,,1958,40.667472,-8.3526372,3,F9W0CQ408JC3,OpenStreetMap,,True,,,exterior_visible
Posto de Vigia São Macário,,1972,40.8755377,-8.0606478,3,S578V8N4RL2H,OpenStreetMap,,True,,,exterior_visible
Posto de Vigia São Miguel,,1973,40.798887,-7.781442,3,Q4W758PERI44,OpenStreetMap,,True,,,exterior_visible
Posto de Vigia São Salvador,,1972,40.8044001,-7.8387,3,D37UJQ9YK541,OpenStreetMap,,True,,,exterior_visible
Posto de Vigia São Matias,,1973,40.8259282,-7.5916287,3,F4P5DA5N191S,OpenStreetMap,,True,,,exterior_visible
Posto de Vigia Bornes,,1961,41.4717641,-6.9468284,3,3YUBZF7405J5,OpenStreetMap,,True,,,exterior_visible
Posto de Vigia Minheu,,1958,41.5492183,-7.6887648,3,PW9QM090OV14,OpenStreetMap,,True,,,exterior_visible
Posto de Vigia Alturas do Barroso,,1958,41.6938203,-7.8484431,3,WRHZ0Q3N2545,OpenStreetMap,,True,,,exterior_visible
Posto de Vigia Leiranco,,1958,41.732662,-7.647206,3,RYXM61800OR4,OpenStreetMap,,True,,,exterior_visible
Capela de Nossa Senhora de Almodena,,C19,41.2970845,-7.7563305,3,O58JMD1X087I,OpenStreetMap,,True,,,exterior_visible
Miradouro do Corno do Bico,,1961,41.8674445,-8.5181617,3,H15T375BPSM2,OpenStreetMap,,True,,,exterior_visible
Capela de Santo António,,1731,41.2895831,-7.7057666,3,B9M97545CUCW,OpenStreetMap,,True,,,exterior_visible
Capela de Santo Isidro,,1753,41.3035981,-7.7205354,3,134S8UKC7HO6,OpenStreetMap,,True,,,exterior_visible
Casa das Quartas,,C17,41.3037597,-7.7189497,3,J74B9AG15O1J,OpenStreetMap,,True,,,exterior_visible
Capela de Nossa Senhora da Saúde,,1836,41.0573167,-8.5748643,3,33JXQVD7Z590,OpenStreetMap,,True,,,exterior_visible
Igreja Paroquial de Folhadela,,~C14,41.2802566,-7.7390114,3,98J29PEUY85S,OpenStreetMap,,True,,,exterior_visible
Gran Casino Sardinero,Eloy Martínez del Valle,1916,43.4718762,-3.7830008,3,E9S6K6RT01T1,OpenStreetMap,,True,,,exterior_visible
Igreja de São João de Deus,,1720,41.7380204,-7.4659801,3,71FYRAX5W841,OpenStreetMap,,True,,,exterior_visible
Direção Regional de Conservação da Natureza e Florestas do Norte,,1959,41.2999726,-7.7396205,3,BKO33W361N9A,OpenStreetMap,,True,,,exterior_visible
Mercadona,,2019-12-03,41.1232975,-8.5968248,3,0LF7TZ33FA66,OpenStreetMap,,True,,,exterior_visible
Laser Site,,2005-01,39.4607551,-8.4946844,3,08LT8CI13ND9,OpenStreetMap,,True,,,exterior_visible
CH San Jose,,1957,41.403868,-5.2745893,3,HH2WG016FZ39,OpenStreetMap,,True,,,exterior_visible
Central Hidroelétrica de Ponte da Esperança,,1942,41.5770078,-8.1680914,3,20FIX32M0MZ0,OpenStreetMap,,True,,,exterior_visible
Torre del telégrafo óptico El Estepar,"LERENA BARRY, Juan José",1832,40.6388136,-3.9164716,3,68101B9MRTTR,OpenStreetMap,,True,,,exterior_visible
Núcleo Museológico Lagar da Corga,,2001,40.0249301,-8.1896153,3,K5P8256WI6LE,OpenStreetMap,,True,,,exterior_visible
Igreja Paroquial da Guia,,1997-10-12,39.9482036,-8.7901017,3,N2XZ88Q10W4H,OpenStreetMap,,True,,,exterior_visible
Ermita Nuestra Señora de Guadalupe,,C16,43.4245211,-4.0763594,3,5KKJ8PY9401K,OpenStreetMap,,True,,,exterior_visible
Hotel Arillo,,1980,43.4797178,-3.5187784,3,74Q559XCXOL7,OpenStreetMap,,True,,,exterior_visible
Iglesia de San Roque,Ramiro Sáinz Martínez,1944-03-19,43.4723325,-3.7862339,3,441Y80H1GPFJ,OpenStreetMap,,True,,,exterior_visible
Aquário dos Bacalhaus,,2013-01,40.6041266,-8.6678697,3,2SGA38R1I56W,OpenStreetMap,,True,,,exterior_visible
Aquário dos Bacalhaus,,2013-01,40.6045505,-8.6674281,3,R11U640LYD6O,OpenStreetMap,,True,,,exterior_visible
Quinta Labat,Casimiro Pérez de la Riva,1895,43.4706924,-3.7869033,3,34YM92P1N0LH,OpenStreetMap,,True,"File:Quinta Labat, Santander, Spain.jpg",,exterior_visible
Central Hidroelétrica de Caniços,,1946,41.3652337,-8.4273929,3,1B5PIZ11Z46J,OpenStreetMap,,True,,,exterior_visible
Associação Cultural de Rio Bom,,1988,41.575823,-7.4834179,3,1KX957R5ZP7V,OpenStreetMap,,True,,,exterior_visible
Palacio de los Zúñiga,,1410,41.6404214,-4.0988282,3,F66J78SYQH29,OpenStreetMap,,True,,,exterior_visible
Aproveitamento Hidroelétrico de Negrelos,,5/2009,41.3567748,-8.414766,3,SP088E9LR56H,OpenStreetMap,,True,,,exterior_visible
Homenagem aos Dadores de Sangue,Manuel da Fonseca,2005,39.2786067,-7.4319419,3,NIK45945BZZ1,OpenStreetMap,,True,,,exterior_visible
Capela do Senhor do Bom Despacho,,1983,41.2827667,-7.7323988,3,7H0R6AAE561J,OpenStreetMap,,True,,,exterior_visible
Llanoko dorrea II,,C16,43.2849537,-3.1556867,3,VL7UIB0527F1,OpenStreetMap,,True,,,exterior_visible
Torre de Menagem do Castelo Medieval de Braga,D. Dinis (Monarca reinante),1300-01-01,41.5513752,-8.423956,3,27CB20YQC1O7,OpenStreetMap,,True,Category:Castelo de Braga,,exterior_visible
Associação Cultural e Recreativa dos Naturais e ex-Residentes de Moçambique,,1984-12-08,39.7473524,-8.8076419,3,G389SO3WH9T1,OpenStreetMap,,True,,,exterior_visible
Centro Shotokan Karate Do Leiria,,1975,39.74757,-8.8075848,3,N71P9FJ55W1V,OpenStreetMap,,True,,,exterior_visible
Capela de São Salvador,,1444,41.4096973,-8.186144,3,6N5O9Y53M0JD,OpenStreetMap,,True,,,exterior_visible
Parador de Agustín González,,1787,42.7099232,-3.6140015,3,3R2M0PJ4U4M8,OpenStreetMap,,True,File:Villalta 05.jpg,,exterior_visible
,Encaixe Arquitectura,,42.1631037,-8.614898,3,3DU97I16EC4L,OpenStreetMap,,True,,,exterior_visible
Depósito de aguas del Avellano,,1969,43.4680873,-3.8007698,3,H61652PJ0QIM,OpenStreetMap,,True,,,exterior_visible
Faro de Punta Nariga,,1998,43.3207335,-8.9100637,3,88186KSF3PPH,OpenStreetMap,,True,,,exterior_visible
Ala Pediátrica,Aripa Arquitectos,,41.1815458,-8.6017799,3,9578F77IIWOG,OpenStreetMap,,True,,,exterior_visible
Faro do Roncudo,,1920,43.2749136,-8.9905063,3,Q04P47EJQX29,OpenStreetMap,,True,,,exterior_visible
Capela de São Roque,,C17,41.7389925,-7.4652081,3,L7V4YU601A9K,OpenStreetMap,,True,,,exterior_visible
Antiguas escuelas del Barrio de Arriba,Joaquín de Rucoba y Octavio de Toledo,1911,43.343836,-3.6746539,3,96T53YW0HNF5,OpenStreetMap,,True,,,exterior_visible
Carabanchel 24,Rafael Cañizares Torquemada,2007,40.3717324,-3.7622942,3,2E3X0YKB98W9,OpenStreetMap,,True,"Category:Carabanchel_24,_Madrid",,exterior_visible
Capela de São Sebastião,,C17,41.8163328,-7.4923314,3,7BSTE634H45U,OpenStreetMap,,True,,,exterior_visible
Capela de Săo Caetano,,1871,41.8284882,-7.5396193,3,7WC90Z490QCY,OpenStreetMap,,True,,,exterior_visible
Depósito Municipal de Agua de La Atalaya,,1911,43.4675864,-3.8052792,3,K3C8V1VUP142,OpenStreetMap,,True,,,exterior_visible
Navas de Riofrío-La Losa,,1888-06-29,40.8567534,-4.1411296,3,587SLVV4NL67,OpenStreetMap,,True,File:Estación_La_Losa-Navas_de_Riofrío.jpg,,exterior_visible
Capela de Santa Luzia,,1887,41.2815224,-7.7248791,3,YG1FC22L11V2,OpenStreetMap,,True,,,exterior_visible
Capitania Maritima de Santander,Ángel Hernández Morales,1950,43.4532808,-3.8162319,3,AR0K9B6B77F8,OpenStreetMap,,True,,,exterior_visible
,Antonio de Mesa,1921,43.3533411,-8.3936623,3,3DA8M9W1L9M4,OpenStreetMap,,True,,,exterior_visible
Casa do Millonario,Antonio de Mesa,1917..1919,43.3535105,-8.3935119,3,Y0N61OITK843,OpenStreetMap,,True,,,exterior_visible
Futebol Clube Teixeirense,,1960,40.2692156,-7.7150026,3,PJB225MD84Q5,OpenStreetMap,,True,,,exterior_visible
Lenamiel,,1988,43.0817613,-5.8307351,3,Y6710WWG53UI,OpenStreetMap,,True,,,exterior_visible
Speltastur,,1997,43.0813967,-5.8309825,3,64LG9Y00K2OL,OpenStreetMap,,True,,,exterior_visible
Solar de Bertiandos,,C15,41.7606102,-8.6260673,3,71VK032KGG5X,OpenStreetMap,,True,File:Solar de Bertiandos.20.01.2023.jpg,,exterior_visible
Edificio Gumersindo Puente,,2007,43.4578627,-3.810954,3,Z27UAMJ76S61,OpenStreetMap,,True,,,exterior_visible
Capela da Pia Carneira,,1599,39.4923805,-8.7534278,3,A6R0B8GVM455,OpenStreetMap,,True,,,exterior_visible
Capela de Nossa Senhora da Saúde e de Santa Susana,,1732,39.494998,-8.7954177,3,DS0661J9XKR9,OpenStreetMap,,True,,,exterior_visible
Casa-Museo Pizarro,,C15,39.4614032,-5.884316,3,VS16E66W4SS7,OpenStreetMap,,True,,,exterior_visible
Capela de São Silvestre e do Bom Jesus das Chagas,,1667,39.5103315,-8.8693236,3,PK80X8GPK484,OpenStreetMap,,True,,,exterior_visible
Morcillas Tere,,2020,42.411058,-3.6840986,3,0DE9PJV684R3,OpenStreetMap,,True,,,exterior_visible
Capela da Constantina,,C17,39.9316374,-8.4284926,3,77MGS36E9T2U,OpenStreetMap,,True,,,exterior_visible
Casa do Senhor do Cruzeiro,,C18,41.0345428,-7.1659037,3,324W0O4I9WNM,OpenStreetMap,,True,,,exterior_visible
Archivo Municipal de Puentedura,,1797,42.0422973,-3.5818149,3,RI8Z399G5WG7,OpenStreetMap,,True,,,exterior_visible
Igreja de Arrifana,,1767,40.9115602,-8.4969039,3,0U0RL02QR1W9,OpenStreetMap,,True,File:Igreja de Arrifana.jpg,,exterior_visible
Antiga Câmara Municipal de Muxagata,,C17,41.0366661,-7.1676583,3,XV8TI74A716I,OpenStreetMap,,True,,,exterior_visible
Igreja Paroquial de Vale de Nogueiras,,C15,41.2842815,-7.6834714,3,KD1838INJ4A4,OpenStreetMap,,True,,,exterior_visible
Capela da Senhora da Paz,,C18,41.3053291,-7.779382,3,AL529D28BBW4,OpenStreetMap,,True,,,exterior_visible
Aproveitamento Hidroelétrico de Ribadouro,,1/1993,41.09916,-8.0826073,3,29285PA9QLRG,OpenStreetMap,,True,,,exterior_visible
Capela de São Sebastião,,1747,40.11769,-8.2276584,3,W0578R6DLM8R,OpenStreetMap,,True,,,exterior_visible
Grupo de Programadores y Usuarios de Linux,,1998-06-22,43.3328134,-8.4113434,3,XZ5LW6054T9N,OpenStreetMap,,True,,,exterior_visible
Igrexa de San Martiño de Moaña,,1101,42.2854233,-8.74903,3,1Q1A47NG3U5X,OpenStreetMap,,True,,,exterior_visible
Biblioteca Municipal de Mondim de Basto,,2013-07-31,41.4091683,-7.9605053,3,TMZL8A7P2322,OpenStreetMap,,True,,,exterior_visible
Capela de Nossa Senhora dos Remédios,,1772,41.386684,-7.808771,3,14WDU9V66G4I,OpenStreetMap,,True,,,exterior_visible
Casa Bolivar,,C17,43.3859634,-3.4389901,3,2Z1F45K5DQP6,OpenStreetMap,,True,,,exterior_visible
Capela de Nossa Senhora da Conceição,,C17,41.7126738,-7.4797177,3,99U6BOG2Y2Q8,OpenStreetMap,,True,,,exterior_visible
Capela de Santa Luzia,,C17,41.0368817,-7.1669877,3,V3CE8T468Q7H,OpenStreetMap,,True,,,exterior_visible
Basque Design Center,Ingelan,,43.2066284,-3.0868806,3,3ZTE238WH3E8,OpenStreetMap,,True,,,exterior_visible
Posto de Vigia Arestal,,1987,40.7822788,-8.3571952,3,6KQ7115H5JBH,OpenStreetMap,,True,,,exterior_visible
,Sua Kay,,41.1583695,-8.6433182,3,2Y14J65K9QTO,OpenStreetMap,,True,,,exterior_visible
Deloitte Digital,Sua Kay,,41.1580379,-8.6431409,3,70UL33M67NJO,OpenStreetMap,,True,,,exterior_visible
,Alcino Soutinho,,41.1634188,-8.6640801,3,AB0N09EE468L,OpenStreetMap,,True,,,exterior_visible
Mosteiro de São Martinho de Mancelos,,C13,41.2748508,-8.1566631,3,9CE0UB5JD958,OpenStreetMap,,True,,,exterior_visible
Igreja Paroquial de São Mamede de Recezinhos,,C16,41.2391305,-8.2073153,3,8Z4Q83Y0J4XN,OpenStreetMap,,True,,,exterior_visible
Bloco Rodrigues da Costa,Francisco Pereira da Costa,1953,41.1597341,-8.6654478,3,U5FXSA457N10,OpenStreetMap,,True,,,exterior_visible
Capela de São Judas,,1964,41.2702777,-7.8158498,3,VIOUR3459X22,OpenStreetMap,,True,,,exterior_visible
Capela do Mártir São Sebastião,,1733,41.2559477,-7.7867265,3,TW8P1ET50O14,OpenStreetMap,,True,,,exterior_visible
FuenVal,,2002-12-06,42.6809805,-4.3456835,3,I735R24GHIW2,OpenStreetMap,,True,,,exterior_visible
Bloco Pinto Leite,Fernando Luís Cardoso Meneses de Tavares e Távora,C20,41.1538496,-8.6789619,3,P5XR9D16RS18,OpenStreetMap,,True,,,exterior_visible
Edifício de tendência Arte Nova,,C20,41.1532647,-8.6784868,3,4YGA220OQ02W,OpenStreetMap,,True,File:Porto 062DSC 0068 (49033139796).jpg,,exterior_visible
Edifício Lourenço Joaquim Carregosa,,C19,41.152815,-8.6780695,3,33U407QP9MAI,OpenStreetMap,,True,,,exterior_visible
Casa Rocha Gonçalves,Viana de Lima,,41.1601264,-8.6624931,3,X25N6ZOVE976,OpenStreetMap,,True,,,exterior_visible
,Eduardo Martins;Manuel Passos,,41.1597813,-8.6657627,3,5U9037DIKL2V,OpenStreetMap,,True,,,exterior_visible
,Eduardo Martins;Manuel Passos,,41.1598336,-8.6656197,3,1JV8ZC16HH08,OpenStreetMap,,True,,,exterior_visible
Aproveitamento Hidrolétrico de Covas do Barroso,,12/1996,41.6306088,-7.7950259,3,H8UX53OQK501,OpenStreetMap,,True,,,exterior_visible
Palácio da Justiça de Castro Daire,Raul Rodrigues Lima,,40.8992135,-7.9338095,3,91D3S3ZR3EB5,OpenStreetMap,,True,,,exterior_visible
Quinta do Monte,,C17,41.1506923,-8.668899,3,OQ5556NG2H4G,OpenStreetMap,,True,,,exterior_visible
Capela da Alcaria,,C12,41.0339195,-7.1662067,3,0MBR42Z197FW,OpenStreetMap,,True,,,exterior_visible
Moradias Rogério de Azevedo e Baltazar de Castro,Rogério dos Santos Azevedo,1933,41.1559443,-8.6701454,3,DXH73C8J054B,OpenStreetMap,,True,,,exterior_visible
Moradias Rogério de Azevedo e Baltazar de Castro,Rogério dos Santos Azevedo,1933,41.1559443,-8.6701454,3,MB33VR6G44O9,OpenStreetMap,,True,,,exterior_visible
Casa Daniel Barbosa,Januário Godinho;António Peres Guimarães,1936,41.1569126,-8.6669891,3,EACX0586ZD44,OpenStreetMap,,True,,,exterior_visible
Moradia Joaquim Moreira Ramalhão,Manoel Marques;Amoroso Lopes,1935-1938,41.1574908,-8.66619,3,7Y0O9G1A5D3C,OpenStreetMap,,True,,,exterior_visible
Moradia Joaquim Moreira Ramalhão,Manoel Marques;Amoroso Lopes,1935-1938,41.1572524,-8.6663217,3,NV90182NCB0J,OpenStreetMap,,True,,,exterior_visible
Ermita de Santa Bárbara,,1764,42.9881199,-4.1058062,3,5A44E3GIKP64,OpenStreetMap,,True,,,exterior_visible
Igreja de Santo António,João Coelho Coluna,1723,40.2828436,-7.9411495,3,079ZXR6OV4H3,OpenStreetMap,,True,,,exterior_visible
Capela de Nosso Senhor dos Aflitos,,C18,41.3149295,-7.7703158,3,88KD9YA864ZN,OpenStreetMap,,True,,,exterior_visible
Capela de São Roque,,1602,41.3175094,-7.7664528,3,1G401F7US7AD,OpenStreetMap,,True,,,exterior_visible
Capela de Santa Bárbara,,1780,41.6691027,-7.5177906,3,559JC8NPAQ29,OpenStreetMap,,True,,,exterior_visible
Capela dos Milagres,,C16,41.8283871,-7.5390257,3,WO3A05911JDU,OpenStreetMap,,True,,,exterior_visible
Capela de São Nicolau,,C16,41.8108202,-7.5105196,3,U440TD7XTP45,OpenStreetMap,,True,,,exterior_visible
Igreja Paroquial de Parada de Cunhos,,C17,41.285648,-7.7623708,3,T5N13HP5V8S8,OpenStreetMap,,True,,,exterior_visible
Capela de São Roque,,C18,41.299023,-7.7796507,3,2N84YZD10M3J,OpenStreetMap,,True,,,exterior_visible
Capela da Granjinha,,C13,41.7290825,-7.4910839,3,6P35DYRAT104,OpenStreetMap,,True,,,exterior_visible
Igreja Paroquial de Vila Marim,,C13,41.308995,-7.7767396,3,NWZ07FT2853R,OpenStreetMap,,True,"Category:Igreja de Santa Marinha, Paroquial de Vila Marim",,exterior_visible
Capela de São Sebastião,,C20,41.6966377,-7.5213398,3,67725XKH9FPV,OpenStreetMap,,True,,,exterior_visible
Antiga Paroquial de Mira de Aire,,1708,39.5422456,-8.7147827,3,38L356X5WSFC,OpenStreetMap,,True,,,exterior_visible
Casa do Herdeiro,,1763,40.9713512,-8.502122,3,50I1PWA5M5P1,OpenStreetMap,,True,File:Casa_Senhorial_em_Caldas_de_São_Jorge.jpg,,exterior_visible
Capela de Nossa Senhora da Pena,,1759..1763,41.3165155,-7.6723801,3,GJB754OV099I,OpenStreetMap,,True,,,exterior_visible
Capela de Santa Catarina,,1681,41.7412244,-7.4720521,3,3BL7DR213R6U,OpenStreetMap,,True,,,exterior_visible
Alminhas da Senhora dos Caminhos,,1964,41.5734553,-8.0379622,3,GZHH97B753C7,OpenStreetMap,,True,,,exterior_visible
Igreja de São João de Bucos,,C17..18,41.5727202,-8.0339439,3,86XM9X0S20AF,OpenStreetMap,,True,,,exterior_visible
Capela de Nossa Senhora da Saúde,,1858,41.6900511,-7.4987439,3,G4KTFL1N1679,OpenStreetMap,,True,,,exterior_visible
Castelo de Santo Estêvão,,C13,41.7591455,-7.418946,3,02O63DY6QN3P,OpenStreetMap,,True,,,exterior_visible
,Sua Kay,,41.3244757,-8.715917,3,6Q16ZH5OGK66,OpenStreetMap,,True,,,exterior_visible
,Sua Kay,,41.3246945,-8.7164899,3,49RNG14I95HQ,OpenStreetMap,,True,,,exterior_visible
Igreja de São Martinho do Arco de Baúlhe,,C18..19,41.4800534,-7.9608239,3,Q0DXA7IE7228,OpenStreetMap,,True,,,exterior_visible
Antiga Igreja do Hospício de Olela,,C17..18,41.4916901,-7.9744289,3,7D3X04F86ODG,OpenStreetMap,,True,,,exterior_visible
Capela de São João Batista,,1987,41.6726928,-7.4770443,3,PM2B13P55QH1,OpenStreetMap,,True,,,exterior_visible
Igreja de Santa Maria Maior de Outeiro,,C17..18,41.5148766,-8.0148768,3,G28N5ZL6T3D1,OpenStreetMap,,True,,,exterior_visible
Casa de Samaiões,,C18,41.6984238,-7.4759052,3,A1J1FTSH6954,OpenStreetMap,,True,,,exterior_visible
Torre do Carvalhal,,C13,39.2880609,-9.1298858,3,K6YUPXS79321,OpenStreetMap,,True,,,exterior_visible
Capela da Nossa Senhora da Natividade,,1699,41.7385265,-7.3649587,3,4NU3U5Z92R8B,OpenStreetMap,,True,,,exterior_visible
Capela de Santa Barbara,,1898,41.738072,-7.3648179,3,4AGX6751S1OP,OpenStreetMap,,True,,,exterior_visible
Igreja do Divino Salvador,,1721,41.7087076,-7.4511487,3,US5U8W6W78A2,OpenStreetMap,,True,,,exterior_visible
Capela do Divino Espírito Santo,,1694,41.7095218,-7.4484999,3,E8I896MWH8I6,OpenStreetMap,,True,,,exterior_visible
Capela de Santa Luzia,,1930,40.0912371,-7.8602148,3,VR268815XQCK,OpenStreetMap,,True,,,exterior_visible
Santuário de Santa Marta,,1727,41.8079826,-7.4099988,3,AF32X8SC785E,OpenStreetMap,,True,,,exterior_visible
Igreja da Misericórdia de Pedrógão Grande,,1470,39.9154966,-8.1466604,3,W5HT3O38U36G,OpenStreetMap,,True,,,exterior_visible
Igreja de Santa Catarina,,1765,39.9353743,-8.2236634,3,5W0MH17F2DT0,OpenStreetMap,,True,,,exterior_visible
Casa de concejo,,1977,42.9513926,-5.4933426,3,N4M41957GMLS,OpenStreetMap,,True,,,exterior_visible
Casa Rosales,Valentín Ramón Lavín Casalís,1933,43.4869953,-3.7896681,3,X72WCK0AJ629,OpenStreetMap,,True,,,exterior_visible
Capela do Senhor dos Aflitos,,1866,41.7361847,-7.5509079,3,8GD9M9HZ33A3,OpenStreetMap,,True,,,exterior_visible
Capela de São Martinho,,1760,41.7369717,-7.5543085,3,2M6V2H40PF4A,OpenStreetMap,,True,,,exterior_visible
Aproveitamento Hidroelétrico da Quinta de Valgode,,9/1999,40.7300768,-8.1077311,3,0XITY86I19J1,OpenStreetMap,,True,,,exterior_visible
Hotel Jardim,,1955,40.2053927,-8.426984,3,KV3IB57I4G54,OpenStreetMap,,True,,,exterior_visible
Antiga Câmara Municipal de Torre de Ervededo,,C17,41.8146096,-7.4942995,3,P9EPGL03A676,OpenStreetMap,,True,,,exterior_visible
Estação Ferroviária de Povoação,,1906,41.2227692,-7.7530827,3,XEK3685RX8J4,OpenStreetMap,,True,,,exterior_visible
Estação Ferroviária de Carrazedo,,1906,41.2377489,-7.7391605,3,53GNR7E163NJ,OpenStreetMap,,True,,,exterior_visible
Apeadeiro de Fortunho,,36055,41.3486676,-7.699859,3,3WV65V14ZY6P,OpenStreetMap,,True,,,exterior_visible
Estação Ferroviária de Samardã,,1907,41.3793909,-7.6956997,3,T14FUJ2P79K6,OpenStreetMap,,True,Category:Samardã train station,,exterior_visible
Hotel Maruja,,1992,43.400336,-5.7829321,3,6OI1KX1L10B0,OpenStreetMap,,True,,,exterior_visible
Fabrica de Harinas La Treinta,,1905,42.0298333,-4.5828089,3,U5935MKL95IA,OpenStreetMap,,True,,,exterior_visible
Mercadona,,2020-11-17,43.0387006,-7.5665877,3,0WW5040JJDH7,OpenStreetMap,,True,,,exterior_visible
Capela de Santo Amaro,,C18,41.4788995,-7.9144269,3,5NB981BOX65P,OpenStreetMap,,True,,,exterior_visible
João dos Leitões,,1970,40.1790265,-8.4458766,3,26GMTN3FD687,OpenStreetMap,,True,,,exterior_visible
Edifício Encosta do Rio,Belém Lima,,41.2956518,-7.7323637,3,6QX272FKDR02,OpenStreetMap,,True,,,exterior_visible
Edifício Encosta do Rio,Belém Lima,,41.2958425,-7.7321915,3,8ZSX900D8PK3,OpenStreetMap,,True,,,exterior_visible
Torre da Portagem,,late C16,39.3835129,-7.3808139,3,02I6IXY8L3Y4,OpenStreetMap,,True,,,exterior_visible
La Laguna,,2008,39.6173614,-6.7620599,3,PQ107N59L3MB,OpenStreetMap,,True,,,exterior_visible
Centro Interpretativo - Edifício dos Tanques,,1932,41.293544,-7.7428223,3,Y493D4M1NE3R,OpenStreetMap,,True,,,exterior_visible
Fábrica de Curtumes,,1932,41.2935153,-7.7429857,3,I4L008MQ8L0B,OpenStreetMap,,True,,,exterior_visible
Centro Funerário de Aveiro,,2023-07-20,40.6321327,-8.6450009,3,5WNZM39CL187,OpenStreetMap,,True,,,exterior_visible
Antigua escuela de San Cristobal del Monte,,1925,42.8304072,-4.1231782,3,YS8V42J00W5S,OpenStreetMap,,True,,,exterior_visible
Puerta de Europa Oeste,,1989,40.4672188,-3.6903124,3,822OZ9A05TCM,OpenStreetMap,,True,,,exterior_visible
Palacio de Collantes,,1920,43.1276206,-4.0543823,3,2KB84VP0E2Y5,OpenStreetMap,,True,,,exterior_visible
Aproveitamento Hidroelétrico da Senhora do Salto,,4/1993,41.1230865,-8.4370416,3,J662HWVR3V17,OpenStreetMap,,True,,,exterior_visible
Casa de Juan Perez y Ana Balbas,,1739,43.1434307,-4.1941281,3,7W966RH74VYU,OpenStreetMap,,True,,,exterior_visible
Edificio La Luz Residencial Toscana,José Manuel Méndez,,42.3597578,-3.6705357,3,26IUUBHI2859,OpenStreetMap,,True,,,exterior_visible
Central Hidroelétrica da Aguieira,,1981,40.3399113,-8.196771,3,54ZYFSB160T5,OpenStreetMap,,True,,,exterior_visible
Casa da Tapada,,1540,41.6524745,-8.3819642,3,Z8YQ08MLO864,OpenStreetMap,,True,,,exterior_visible
,Adalberto Dias,,41.188284,-8.703928,3,5J9C3KM1Q48D,OpenStreetMap,,True,,,exterior_visible
,Adalberto Dias,,41.1889574,-8.7044343,3,303NJKN26EX1,OpenStreetMap,,True,,,exterior_visible
Casa da Fábrica,,1782,42.8682583,-8.7488357,3,P21AG3V66Q9Q,OpenStreetMap,,True,,,exterior_visible
,Alcino Soutinho,1993,41.1589686,-8.6368915,3,2DE96E4DUX25,OpenStreetMap,,True,,,exterior_visible
Igreja de Nossa Senhora da Boavista,Agostinho Ricca Gonçalves,,41.1619988,-8.6469305,3,878EVS535UAK,OpenStreetMap,,True,Category:Igreja de Nossa Senhora da Boavista,,exterior_visible
Capela de São Roque,,C17,41.251784,-8.1812099,3,OHI632AA3G54,OpenStreetMap,,True,,,exterior_visible
,Roo Baña,1963,42.6478167,-8.8819696,3,X341GD0BD44B,OpenStreetMap,,True,,,exterior_visible
Hotel de Turismo da Guarda,Vasco Regaleira,,40.5354749,-7.2666728,3,2YO673Q8Q6VQ,OpenStreetMap,,True,Category:Hotel Turismo da Guarda,,exterior_visible
Casa Pedro,,1986,43.3545626,-5.1473884,3,Z0PWU718RO87,OpenStreetMap,,True,,,exterior_visible
minicampus Porto Tower,OODA,,41.1727522,-8.6029524,3,6948A3BU1RYI,OpenStreetMap,,True,,,exterior_visible
Ecoparque de Toledo,,2012,39.8604101,-4.1634938,3,3U717A0GM1JS,OpenStreetMap,,True,,,exterior_visible
Centro Recreativo Cultural de Redondela,,1976,42.2848826,-8.6097872,3,372M0I21OEYB,OpenStreetMap,,True,,,exterior_visible
Pazo do Bidueiro,,1600,43.0817756,-8.4311717,3,3B14UTPU17P5,OpenStreetMap,,True,,,exterior_visible
Castillo de Puñoenrostro,,C15,40.1059501,-3.7075947,3,9C66VI3VXX90,OpenStreetMap,,True,File:Castillo_Puñoenrostro_(8850477107).jpg,,exterior_visible
Central Hidroelétrica de Alva,,12/2001,40.2936976,-7.9249352,3,G4T44W2A3MD5,OpenStreetMap,,True,,,exterior_visible
Casa Huarte,Corrales y Molezún,,40.4655843,-3.7306948,3,00GS7S2A3M1T,OpenStreetMap,,True,,,exterior_visible
Pavilhão Napoleão Guerra,,2011,41.0041352,-8.6038906,3,2W18ORJ97A3E,OpenStreetMap,,True,,,exterior_visible
Capela de Santa Ana,,C19,41.0378915,-7.1696628,3,B2Q22A5GJ67Z,OpenStreetMap,,True,,,exterior_visible
Posto de Vigia São Pedro de Açor,,1982,40.2155877,-7.8182507,3,JF68BN9AO660,OpenStreetMap,,True,,,exterior_visible
Palacio de los Bracho,,C17,43.3636781,-4.284842,3,Y2LG895DKJ71,OpenStreetMap,,True,,,exterior_visible
Edifício Bayer,Márcio de Freitas,,41.1528595,-8.5998915,3,IE2Q1622VG4M,OpenStreetMap,,True,,,exterior_visible
Lagar Tradicional de Varas da Cabreira,,1880,40.1417249,-8.0666138,3,36NE8QJL32Q7,OpenStreetMap,,True,,,exterior_visible
Chalet Santos Júnior,,C19,41.1478416,-8.6617778,3,9L81RFT9WR53,OpenStreetMap,,True,,,exterior_visible
Capieḷḷa de San Xuan,,1924,43.4972509,-6.2908763,3,WSW5D0257M9B,OpenStreetMap,,True,,,exterior_visible
Antigo Cine Mahía,,1949,42.8629882,-8.6800625,3,86L8K0MJ54SX,OpenStreetMap,,True,,,exterior_visible
Escola de Música Municipal Magariños,,2003,42.8659164,-8.6782693,3,7B58TEYZ413G,OpenStreetMap,,True,,,exterior_visible
Lazareto de Abaño,,1232,43.363639,-4.3996778,3,82AYJ8D28BO1,OpenStreetMap,,True,,,exterior_visible
,Adalberto Dias,,41.1564956,-8.647853,3,4M391KD96SYF,OpenStreetMap,,True,,,exterior_visible
,Adalberto Dias,,41.1565673,-8.6479653,3,5QD8BM653V0S,OpenStreetMap,,True,,,exterior_visible
O'Porto Fórum,Sua Kay,,41.1586089,-8.6441432,3,N48KX9QV446J,OpenStreetMap,,True,,,exterior_visible
Casa Mortuária de Sanguinhedo,,2003,41.33391,-7.6627527,3,2YM1HW4TC200,OpenStreetMap,,True,,,exterior_visible
Igreja Paroquial de Abaças,,1886,41.2239785,-7.6937093,3,U90D9L1MPN40,OpenStreetMap,,True,,,exterior_visible
Igreja Paroquial de Torgueda,,1727,41.2739441,-7.8135187,3,60DGV3XI96F4,OpenStreetMap,,True,,,exterior_visible
Tribunal de São Pedro do Sul,António Madeira Portugal,,40.7615857,-8.0628158,3,6337Q4SU9VRA,OpenStreetMap,,True,File:Tribunal de São Pedro do Sul - Portugal 🇵🇹 (54525124595).jpg,,exterior_visible
Villa Isabel,Aurelio García de Castro,,43.5251791,-6.035729,3,C718U34L0LDX,OpenStreetMap,,True,,,exterior_visible
Lar-Escola das Florinhas da Neve,,1925,41.2985769,-7.749526,3,KA5U59NZ743Y,OpenStreetMap,,True,,,exterior_visible
Capela do Senhor dos Aflitos,,C19,41.284426,-7.7598628,3,F147VXV91UG7,OpenStreetMap,,True,,,exterior_visible
Capela de Santa Apolónia,,1752,41.2807293,-7.8140975,3,R7V9F6ED32W9,OpenStreetMap,,True,,,exterior_visible
Tanatório de Braga,,2018,41.5587981,-8.4113463,3,01YGJ6LI730O,OpenStreetMap,,True,,,exterior_visible
"TLC - Transportes e Logística Celoricense, Lda.",,2007,40.6689987,-7.3857929,3,39CEXU5HR752,OpenStreetMap,,True,,,exterior_visible
Churrería Pepe,,1997,42.2824934,-8.6104006,3,VF9VS3047XI8,OpenStreetMap,,True,,,exterior_visible
Basílica de Nossa Senhora do Rosário de Fátima,"Gerardus Samuel van Krieken, António Lino, João Antunes",1953-10-7,39.6322303,-8.672079,3,69B9XO3T5SF5,OpenStreetMap,,True,,,exterior_visible
Capela do Mártir São Sebastião,,C18,41.3222501,-7.6766653,3,FO031A76HSK2,OpenStreetMap,,True,,,exterior_visible
Capela de Senhor Jesus de Santa Marinha,,1720,41.2296118,-7.5653433,3,OS524C7U8R3Y,OpenStreetMap,,True,,,exterior_visible
Tribunal do Cadaval,Nuno Leónidas,,39.2387347,-9.1016799,3,IT4B601DV7S5,OpenStreetMap,,True,,,exterior_visible
Capela de São Bartolomeu,,1756,41.3604109,-7.6506792,3,YDYKC7B94787,OpenStreetMap,,True,,,exterior_visible
Capela de Santa Luzia,,1741,41.353798,-7.6893449,3,040H8T4XMWK3,OpenStreetMap,,True,,,exterior_visible
Casa do Visconde de Chanceleiros,,C18,41.1730953,-7.577967,3,NY2G75Z26E5M,OpenStreetMap,,True,,,exterior_visible
Casa Arrigada,,1912,43.2904809,-8.3515982,3,94WCD4O70DX2,OpenStreetMap,,True,,,exterior_visible
Capela de São Gonçalo,,1749,41.333131,-7.643224,3,A3945S7TLDA0,OpenStreetMap,,True,,,exterior_visible
Ermita de Santa María Magdalena,,1989-07-22,40.6543428,-3.7714641,3,08I1YSU63T2Z,OpenStreetMap,,True,,,exterior_visible
FeiraLiving,,2021-01-01,40.9229612,-8.5699256,3,N4WO4Q01VS63,OpenStreetMap,,True,,,exterior_visible
,José Díaz Gamones,1774,40.9580096,-4.037817,3,9Y1GKTN7E843,OpenStreetMap,,True,,,exterior_visible
Gimansio,,1996,40.9390113,-4.1169704,3,D4U97U0JPN45,OpenStreetMap,,True,,,exterior_visible
Salón de actos,,1963,40.9390989,-4.1163361,3,90YDC64Z9RJ4,OpenStreetMap,,True,,,exterior_visible
Casa Grande de Quintã,,1742,41.1593323,-8.1238891,3,UA8T0Z1O175E,OpenStreetMap,,True,,,exterior_visible
Capela de Nossa Senhora de Lourdes,,1883,41.0451412,-8.5732099,3,8B7VN3H284XG,OpenStreetMap,,True,,,exterior_visible
Central Hidroelétrica das Trutas,,11/2009,41.833448,-6.9425879,3,JIP8B534V7O5,OpenStreetMap,,True,,,exterior_visible
Koi Sushi,,2025,40.965796,-4.0997164,3,27QSWU4S66H2,OpenStreetMap,,True,,,exterior_visible
,Adalberto Dias,,40.9002864,-7.4865679,3,DGD39291XUN5,OpenStreetMap,,True,,,exterior_visible
Antiguas escuelas de Terán,,~1865,43.2192679,-4.2988571,3,GJ6D0725R2RQ,OpenStreetMap,,True,,,exterior_visible
Ritual Hall da Serra,,2018,39.5276778,-8.7904381,3,8X38MQT4Z46G,OpenStreetMap,,True,,,exterior_visible
Casa da Comunidade de Cepos e Casal Novo,,2007-08,40.1599301,-7.9727201,3,U22QS775C3GS,OpenStreetMap,,True,,,exterior_visible
Capela de Santo António,,1771,41.123756,-8.6476035,3,T60KJQC5H547,OpenStreetMap,,True,,,exterior_visible
Centro Olímpico de Piscinas Municipais,,2005-07-21,40.2051661,-8.4066077,3,WLV3KE1V1766,OpenStreetMap,,True,,,exterior_visible
Antigua Estación de Poza de la Sal,,1929-11-05,42.6718981,-3.4766721,3,6343G6OYYB3L,OpenStreetMap,,True,,,exterior_visible
Cine-Teatro Eduardo Brazão,,1928-02-28,41.0987324,-8.630435,3,26LSG9556NRA,OpenStreetMap,,True,,,exterior_visible
Precañada,Desconocido,,40.9619161,-4.0291523,3,7I8X72S4IW7F,OpenStreetMap,,True,,,exterior_visible
Igreja de Oliveira do Douro,,1704,41.1260703,-8.5764772,3,1T2QZ3907NIH,OpenStreetMap,,True,,,exterior_visible
Capela de São José,,2005,41.1346866,-8.6011945,3,5XZD012E6AB2,OpenStreetMap,,True,,,exterior_visible
Pista Polideportiva Municipal Jesús Javier Aragoneses Moreno,,2010-11-05,40.9078908,-4.0537063,3,W84TF8G7U63Q,OpenStreetMap,,True,,,exterior_visible
Capela de Nossa Senhora da Agonia,,C18,41.2665386,-7.7249628,3,223N2UV0KDS1,OpenStreetMap,,True,,,exterior_visible
Capela de São Bento,,~1656,41.4739467,-8.7462279,3,O758IOS408RV,OpenStreetMap,,True,,,exterior_visible
Casa Lino Gaspar Júnior,João Andresen,,40.1559173,-8.8656551,3,2YLW640RK9W6,OpenStreetMap,,True,,,exterior_visible
Capela de Santo Inácio,,1802,41.2566833,-7.7347895,3,OU058ES2NT91,OpenStreetMap,,True,,,exterior_visible
Garagem Pires,,1997,41.7699405,-7.4862912,3,G70UU8JTI710,OpenStreetMap,,True,,,exterior_visible
Casa da Quinta do Real,,C16,41.6251529,-7.4919743,3,Q70XQU6N3H93,OpenStreetMap,,True,,,exterior_visible
Comandancia Naval de Santander,,1947,43.4568746,-3.8093373,3,4FS51K22X9HY,OpenStreetMap,,True,,,exterior_visible
Centro Cultural e Reacreativo de Benagouro,,2008,41.3724002,-7.7132513,3,Y535B2Z0M8TQ,OpenStreetMap,,True,,,exterior_visible
Gadis,,2022-06-30,43.323032,-8.3212155,3,2TCC85PS00R6,OpenStreetMap,,True,,,exterior_visible
Capela de Santa Bárbara,,1851,41.3562854,-7.7205563,3,93SW2WM4D2T2,OpenStreetMap,,True,,,exterior_visible
Capela de Nossa Senhora das Dores,,1996-07-21,41.0254964,-8.4440471,3,D4524IHKXE99,OpenStreetMap,,True,,,exterior_visible
,Raul Rodrigues Lima,,40.9242677,-8.5406081,3,65I5Z58EWQQ7,OpenStreetMap,,True,,,exterior_visible
Igreja Paroquial de Nogueira,,1739,41.2274105,-7.7322641,3,DS7W4QIK6640,OpenStreetMap,,True,,,exterior_visible
Capela de Santa Bárbara,,before 1758,41.2265587,-7.734682,3,8300IWBIT9J0,OpenStreetMap,,True,,,exterior_visible
IKEA,,2023-04-26,40.4738452,-3.4825003,3,Z8L481PQ2YG6,OpenStreetMap,,True,,,exterior_visible
Clube de Ténis de Portalegre,António Teixeira Guerra;António Cruz Homem,,39.3093017,-7.4144842,3,67SKYR1Z821F,OpenStreetMap,,True,,,exterior_visible
,Alfredo Evangelista Viana de Lima,1966,40.9257686,-8.5430296,3,5S427RVAC76D,OpenStreetMap,,True,,,exterior_visible
Capela de São Martinho,,1911,41.3610659,-7.7293338,3,BVOWM697H940,OpenStreetMap,,True,,,exterior_visible
Iglesia de Santa Bárbara,,1900,42.8860522,-4.2618987,3,6C78OM290NPE,OpenStreetMap,,True,File:Vallejo de orbo 07.jpg,,exterior_visible
Cine Ideal,,1910,42.8876452,-4.2625223,3,E6522IO0NQB6,OpenStreetMap,,True,,,exterior_visible
Flower Tower,OODA,,41.1957324,-8.6913897,3,2YJQ9155B8RM,OpenStreetMap,,True,,,exterior_visible
Capela de Nossa Senhora dos Milagres,,1893,40.2024381,-7.9953662,3,7409X5KU3WJC,OpenStreetMap,,True,,,exterior_visible
Casa Pinto de Sousa,Alcino Soutinho,1984,41.5221045,-8.786274,3,9RBUV6IZ5931,OpenStreetMap,,True,,,exterior_visible
Arquitraza Arquitectura,Jesús Ramos Paños,2009-12-09,40.2632532,-4.4638696,3,D0L59P5ZAV14,OpenStreetMap,,True,,,exterior_visible
Casa da Amoreira,,2016-03-25,40.1354756,-7.9879597,3,Y59KC7V6HB37,OpenStreetMap,,True,,,exterior_visible
Igreja Paroquial de Guiães,,C17,41.2079253,-7.6571474,3,34V7MIZ85H1P,OpenStreetMap,,True,,,exterior_visible
Capela de Nossa Senhora do Loreto,,1671,41.2089971,-7.6613905,3,R9S92765POPC,OpenStreetMap,,True,,,exterior_visible
Capela de Nossa Senhora das Neves,,C17,41.3587011,-8.5952777,3,J81HJ378OCV8,OpenStreetMap,,True,,,exterior_visible
Capela de Minhava,,C19,41.3360504,-7.7400125,3,31NY7M8Q2NW1,OpenStreetMap,,True,,,exterior_visible
Capela de Nossa Senhora de Lourdes,,1909,40.8487488,-8.5694888,3,MZ407GE206UY,OpenStreetMap,,True,,,exterior_visible
Tribunal Judicial de Figueiró dos Vinhos,António Madeira Portugal,,39.9044571,-8.2740512,3,C90JG6227GIK,OpenStreetMap,,True,,,exterior_visible
Casa Mortuária,,2018,41.3653875,-8.5981577,3,L899H7JS9YY0,OpenStreetMap,,True,,,exterior_visible
Capela do Espírito Santo,,1880,41.3728398,-8.5936662,3,AU595R7I8HT3,OpenStreetMap,,True,,,exterior_visible
Capela de Nossa Senhora da Conceição,,1730,41.3275722,-7.76998,3,0IPTXUR78327,OpenStreetMap,,True,,,exterior_visible
Capela de São José,,1917,41.3798582,-8.5870517,3,3SIG423M1VC2,OpenStreetMap,,True,,,exterior_visible
Palácio da Justiça de Mirandela,Carlos Chambers Ramos,,41.4857094,-7.1816992,3,N5W275I91QWE,OpenStreetMap,,True,,,exterior_visible
Igreja Paroquial de Mondrões,,C16,41.2942709,-7.7949554,3,9U78Z35OQER9,OpenStreetMap,,True,Category:Igreja de Mondrões,,exterior_visible
Capela de São Roque,,C17,41.2925497,-7.7921928,3,TH00UI8V370I,OpenStreetMap,,True,,,exterior_visible
Iglesia de Nuestra Señora del Rosario,,C13,41.0611056,-5.0217627,3,IQ03O9PLX512,OpenStreetMap,,True,,,exterior_visible
Iglesia de San Miguel Arcángel,,C12,40.9519675,-4.9562069,3,7PYK0DD1321A,OpenStreetMap,,True,,,exterior_visible
Iglesia de la Asunción de Nuestra Señora,,C13,41.1073337,-4.9569105,3,T109TJT397WD,OpenStreetMap,,True,,,exterior_visible
Casa del ferroviario,,1929-11-05,42.6696286,-3.4766209,3,Q0NP6EY6U540,OpenStreetMap,,True,,,exterior_visible
Iglesia de la Asunción de Nuestra Señora,,C13,40.9775754,-4.9092695,3,94KLT9Q69RQ6,OpenStreetMap,,True,,,exterior_visible
Archivo histórico Banco Santander,,2015,43.3916195,-3.7500162,3,ALJ613DZ9L84,OpenStreetMap,,True,,,exterior_visible
Residencial Terra 1,spf51arquitectos,,42.350652,-3.7158882,3,9II0U53JP11Q,OpenStreetMap,,True,,,exterior_visible
WEG Pólo 2,,2024-10-17,41.325042,-8.495097,3,D173LG3DSC76,OpenStreetMap,,True,,,exterior_visible
RENAULT DACIA ALFENA,,2004/04/16,41.2315738,-8.5325019,3,4YU2GE18F77D,OpenStreetMap,,True,,,exterior_visible
Tribunal de Nisa,Raul Rodrigues Lima,,39.5151018,-7.649187,3,O2F2WI01H71B,OpenStreetMap,,True,,,exterior_visible
Iglesia de la Natividad de Nuestra Señora / Iglesia de Santa María,,1564,40.1849799,-4.0360505,3,9M73B000IFTS,OpenStreetMap,,True,,,exterior_visible
Capela de Santa Ana,,1724,41.2682037,-7.8194375,3,J237IVS3O7E4,OpenStreetMap,,True,,,exterior_visible
Puerta de Madrid,,1705,40.9363387,-4.1124405,3,AD3F1731S3XP,OpenStreetMap,,True,,,exterior_visible
Edifício Novais,Ricardo Santelmo,2005,41.309234,-7.7444582,3,25OKD9P692JB,OpenStreetMap,,True,,,exterior_visible
Central Hidroelétrica do Pateiro,,1899,40.5270921,-7.3409754,3,6E4ZT63HH48S,OpenStreetMap,,True,,,exterior_visible
Iglesia de San Cosme y San Damián,,1584,42.8082977,-4.0322889,3,2S7KCPE6638I,OpenStreetMap,,True,,,exterior_visible
,João Simões;António Reis Camelo,,41.7410709,-7.4690864,3,209C810QUCJA,OpenStreetMap,,True,,,exterior_visible
,Amílcar da Silva Pinto,,41.7408288,-7.4694538,3,13XT9ZL766LM,OpenStreetMap,,True,,,exterior_visible
Centro Saúde Outeiro de Rei,,11/05/1988,43.1017689,-7.6084137,3,ME8VB3707U6F,OpenStreetMap,,True,,,exterior_visible
Ruinas de la Iglesia de San Andrés,,C14,40.1829616,-4.0355156,3,51GY6K9I6G0Y,OpenStreetMap,,True,,,exterior_visible
Capela Antiga de Garganta,,c.1300,41.2930951,-7.6197256,3,K76R2X4HKP66,OpenStreetMap,,True,,,exterior_visible
Palácio de Entre Ribeiras,José Carlos da Fonseca Coutinho,early C18,39.2487713,-7.4837588,3,7N9MN2KO521K,OpenStreetMap,,True,,,exterior_visible
Capela Nova de Santa Catarina,,C20,41.6667799,-7.4857872,3,8F757NSURQ94,OpenStreetMap,,True,,,exterior_visible
Museo del Ferrocarril,,2019-05-01,41.9241923,-4.4896924,3,GSAS7Q35W251,OpenStreetMap,,True,File:Venta_de_banos_47_(Museo_del_Ferrocarril).jpg,,exterior_visible
Capela de Santo António,,C18,41.2689072,-7.8097562,3,ET603L89Z5DG,OpenStreetMap,,True,,,exterior_visible
Capela de Nossa Senhora da Guia,,C17..C18,41.286178,-7.8319755,3,962EPJM79JB5,OpenStreetMap,,True,,,exterior_visible
Capela de Santa Luzia,,1789,41.2388291,-7.7383574,3,66DPFL2F619F,OpenStreetMap,,True,,,exterior_visible
Capela de Santo António,,1755,41.2410259,-7.7383246,3,63SG9T9Y66ZU,OpenStreetMap,,True,,,exterior_visible
Aproveitamento Hidroelétrico de Ermida,,1943,40.0997773,-8.2339818,3,V2LWW37J706Y,OpenStreetMap,,True,,,exterior_visible
Capela de Arnadelo,,C18,41.2625726,-7.7909768,3,8FVT69O01K0H,OpenStreetMap,,True,,,exterior_visible
Capela de Nossa Senhora da Boa Morte,,1965,41.2984419,-7.8010834,3,4CA960OHCQ93,OpenStreetMap,,True,,,exterior_visible
Casa Museo de Eduardo Pondal,,1820,43.2424334,-8.9016208,3,P20J4ZD21VR9,OpenStreetMap,,True,,,exterior_visible
Casa de los Agüero,,mid C19..late C19,43.4365289,-3.5121929,3,1O00YU5R73VD,OpenStreetMap,,True,,,exterior_visible
Ebora Formación,,2011,39.9764994,-4.7482232,3,ED29514L3ZVM,OpenStreetMap,,True,,,exterior_visible
Antigua batería costera de Cabo Menor,,1702,43.4852879,-3.7811255,3,0W9H6VDX2Y29,OpenStreetMap,,True,File:FortificacionCaboMenor.jpg,,exterior_visible
Iglesia Nueva o de la Santísima Trinidad,,1735,39.452737,-5.3269142,3,7D82BACL90F6,OpenStreetMap,,True,,,exterior_visible
Centro de Salud de Candás,,1917,43.5885477,-5.7685779,3,Z106W6X2QBR3,OpenStreetMap,,True,,,exterior_visible
Capela de Nossa Senhora da Guia,,1659,41.2325349,-7.6696462,3,TK77GK97KM73,OpenStreetMap,,True,,,exterior_visible
Palácio dos Marqueses de Vila Real,,C16,41.2969568,-7.745825,3,2QBAO866X34A,OpenStreetMap,,True,,,exterior_visible
Capela de Santo Inácio,,C18,41.29091,-7.8156296,3,RY28TK678X0A,OpenStreetMap,,True,,,exterior_visible
Sindika Dokolo Foundation,Eduardo Souto de Moura,,41.1537253,-8.668692,3,G26HF8825ENF,OpenStreetMap,,True,Category:Sindika Dokolo Foundation,,exterior_visible
Antiguo apeadero de Villaverde-Peñahorada,,1928-08-25,42.4669162,-3.6629739,3,A37014GKE5GK,OpenStreetMap,,True,,,exterior_visible
Capela de Nossa Senhora das Necessidades,,C18,41.441945,-7.9187779,3,8JIA5W82G3H9,OpenStreetMap,,True,,,exterior_visible
Capela de São Veríssimo,,1734,41.279443,-7.6710478,3,W2GHF5B381J2,OpenStreetMap,,True,,,exterior_visible
Morábito do Cercal,,C12?,39.234058,-9.0012239,3,87Y94U7C5JID,OpenStreetMap,,True,,,exterior_visible
Ala derecha,,1963,40.9388438,-4.1158476,3,X085ZUS463ID,OpenStreetMap,,True,,,exterior_visible
Ala izquierda,,1963,40.9388708,-4.1161487,3,TBC7G023SQ94,OpenStreetMap,,True,,,exterior_visible
Casa dos Vaamonde,,C16,42.4337784,-8.6470845,3,395UW505EPNN,OpenStreetMap,,True,Category:Casa de los Vaamonde,,exterior_visible
Biblioteca Pública de Pontevedra Antonio Odriozola,Julio Simonet Barrio,1987,42.432414,-8.6507796,3,4G1HJ734XCI5,OpenStreetMap,,True,Category:Public State Library of Pontevedra,,exterior_visible
Associação Desportiva e Cultural do Cadafaz,,1993/10/01,39.4771424,-7.9614797,3,Z04E7Z72ANT1,OpenStreetMap,,True,,,exterior_visible
Capela de Santa Marta,,C18,41.2105111,-7.7900524,3,NM7K9LD23T59,OpenStreetMap,,True,,,exterior_visible
Casa Mortuária de Sedielos,,2016,41.2003202,-7.8614895,3,0B3MJ4WOX140,OpenStreetMap,,True,,,exterior_visible
Casa da Família Gonçalves,,1847,39.788052,-8.3061714,3,VM7N9I0C17A5,OpenStreetMap,,True,,,exterior_visible
Quinta do Souto,,1948,39.7815999,-8.3194286,3,F2K7998BO4ZE,OpenStreetMap,,True,,,exterior_visible
Igreja Matriz de Torre de Dona Chama,,1815,41.6523013,-7.1264955,3,1B7135TDA0AC,OpenStreetMap,,True,,,exterior_visible
,João Lúcio Lopes,,39.3626779,-8.5925349,3,BSW52IK3U742,OpenStreetMap,,True,,,exterior_visible
Solar de Crasto,,~1640,41.7698608,-8.5770173,3,PM9J2CR1D447,OpenStreetMap,,True,,,exterior_visible
Capela de São Bartolomeu,,1707,41.2254021,-7.6974091,3,Z08D2777SPEK,OpenStreetMap,,True,,,exterior_visible
Casa do Ramo Couto,,1864,39.7167717,-8.3316795,3,R4GFQ0R42G13,OpenStreetMap,,True,,,exterior_visible
Estación de Autobuses de Vigo (EI),,2022-12-17,42.2348875,-8.7140412,3,1NIQY30G3Z17,OpenStreetMap,,True,,,exterior_visible
Humilladero de Correpoco,,1746,43.1685012,-4.2796964,3,055TW5D6YIA8,OpenStreetMap,,True,"File:Frente del humilladero de Correpoco, Cantabria, España.jpg",,exterior_visible
Capela de Nossa Senhora da Piedade,,C12;C14,41.2823329,-7.6960708,3,S4U7OY769BF5,OpenStreetMap,,True,,,exterior_visible
Capela de São Frutuoso,,1671;1738,41.2823805,-7.6959617,3,82CHRC768B6R,OpenStreetMap,,True,,,exterior_visible
Capela de Nossa Senhora da Conceição,,1796,41.2975859,-7.6458064,3,0L8SIS9218CI,OpenStreetMap,,True,,,exterior_visible
Capela de Nossa Senhora da Conceição,,1774,41.2802732,-7.6935116,3,4GL2I3Z781PL,OpenStreetMap,,True,,,exterior_visible
Capela de Santa Maria Madalena,,C17,41.3482965,-7.6186458,3,K1533L4FLE5O,OpenStreetMap,,True,,,exterior_visible
Capela de Nossa Senhora da Piedade,,1483,41.3138185,-7.6956064,3,5TDW01ZC2U87,OpenStreetMap,,True,,,exterior_visible
Casa de Santa Cruz,,C20,41.2499387,-8.1879625,3,U8F36H4E86RL,OpenStreetMap,,True,,,exterior_visible
Iglesia de Nuestra Señora de la Asunción,,C16,40.354986,-5.3278757,3,73RT33K2D8TW,OpenStreetMap,,True,,,exterior_visible
La Luarquesa,,1896,43.5337931,-6.5134374,3,RHS3A1826DB7,OpenStreetMap,,True,,,exterior_visible
Ventorro de San Pedro Abanto,,C13,40.9534771,-4.1475596,3,DC7OR89VP701,OpenStreetMap,,True,,,exterior_visible
Igrexa de San Xoán de Seoane de Oleiros,,C12,41.997095,-7.6677919,3,59588OA6EYDF,OpenStreetMap,,True,,,exterior_visible
Capela de Santa Margarida,,1769,41.3159735,-7.642769,3,3T3080J2ANFT,OpenStreetMap,,True,,,exterior_visible
Edificio Impulso Verde,,2023-04-01,43.0366112,-7.5652469,3,75XKB1QYR122,OpenStreetMap,,True,,,exterior_visible
Igreja do Santíssimo Salvador,,C17,40.5802311,-8.0618387,3,61834PQAQ1OT,OpenStreetMap,,True,,,exterior_visible
Estação de São Bento,José Marques da Silva,,41.1458945,-8.6105456,3,DK124G70X7RL,OpenStreetMap,,True,Category:Porto São Bento train station,,exterior_visible
Ca Fragua (Ca'l Xastre),José Muñiz,,43.5330578,-5.8345936,3,1P47W05PFJ4Y,OpenStreetMap,,True,,,exterior_visible
Ca Chinto,,1925,43.5270226,-5.832165,3,M7S1AN39M6M2,OpenStreetMap,,True,,,exterior_visible
Igreja Paroquial de Nossa Senhora do Loureiro,,1961-10-31,41.1142475,-7.7179908,3,K9G3M7WY4Q65,OpenStreetMap,,True,,,exterior_visible
Tribunal de Celorico da Beira,António Gomez Egea;Rui Silveira Borges,,40.6382729,-7.3901199,3,21IE1O1M4VM3,OpenStreetMap,,True,,,exterior_visible
,Cottinelli Telmo,,40.6329751,-7.395308,3,Z4V16UM4I1J3,OpenStreetMap,,True,,,exterior_visible
,Eloi Maquieira,,43.0048349,-7.5596881,3,MX38Y58QTB28,OpenStreetMap,,True,,,exterior_visible
Salón Rico,,2023-03-24,39.858042,-4.022149,3,3281WS1NBER4,OpenStreetMap,,True,,,exterior_visible
Capela de Nossa Senhora do Carmo,,1958,41.2918607,-7.8841451,3,5AS7RZ8C904U,OpenStreetMap,,True,,,exterior_visible
Albergue de peregrinos das Areias,,2024-06-13,39.7348732,-8.3486284,3,HYN86142MHA7,OpenStreetMap,,True,,,exterior_visible
Orlando Gil,,1900,42.282984,-8.6070584,3,95VX3R1CY7Y9,OpenStreetMap,,True,,,exterior_visible
Acinesgon,,2022,42.3752309,-3.7044548,3,930D1DK18ZGK,OpenStreetMap,,True,,,exterior_visible
Estufa Fria,Cottinelli Telmo,,40.2059888,-8.4219786,3,Y3E3FF29SO44,OpenStreetMap,,True,,,exterior_visible
Capela de Santa Maria Madalena,,before 1758,41.2264557,-7.7204302,3,HD9R2AS26S23,OpenStreetMap,,True,,,exterior_visible
Casa del Tío Gitano,,1791,41.1901418,-4.2080863,3,M7T273G1XUM8,OpenStreetMap,,True,,,exterior_visible
Iglesia de Santa Cruz,,C12,42.0369494,-4.315531,3,DV44BK652V5L,OpenStreetMap,,True,,,exterior_visible
Capela de Nossa Senhora da Ajuda,,1604,39.6490646,-8.5197184,3,1OF1I150UF6Z,OpenStreetMap,,True,,,exterior_visible
Monumento al Indiano y a la Marina de Castilla,Ángel Hernández Morales;José Calavera Ruiz,1968-07-08,43.3792657,-3.7786511,3,8I0TB558MR4Z,OpenStreetMap,,True,,,exterior_visible
Capela de Santo António,,C18,41.2997578,-7.8705101,3,C55V2SZA222K,OpenStreetMap,,True,,,exterior_visible
Capela de São João Batista,,C18,41.2603844,-7.8105879,3,3376XULU27BN,OpenStreetMap,,True,,,exterior_visible
Capela de São João Batista,,before 1758,41.2209105,-7.7245862,3,6UY400M5GIN0,OpenStreetMap,,True,,,exterior_visible
Peñas Blancas,Javier González de Riancho,1911,43.4266645,-3.9963627,3,4U2IRMP18G95,OpenStreetMap,,True,,,exterior_visible
Ermita del Santo Cristo de la Columna,,1617,41.0931833,-3.7601233,3,6T53QRF4Q79W,OpenStreetMap,,True,,,exterior_visible
Capela de São Frutuoso,,C18,40.6340663,-8.1147772,3,N7WDW380F7Y9,OpenStreetMap,,True,,,exterior_visible
Capela de Santo António,,1850,40.5592691,-8.1450446,3,D3W7U1TK635R,OpenStreetMap,,True,,,exterior_visible
Antiguas escuelas de Pámanes,Lavín Casalís,1910,43.3553303,-3.7761993,3,9CA2PJ64J3M5,OpenStreetMap,,True,,,exterior_visible
Junta de Freguesia de Mendiga,,1525,39.4988618,-8.8481013,3,18756SRHGOV9,OpenStreetMap,,True,,,exterior_visible
Ferrería de Bustasur,,1765,42.9353607,-4.0424359,3,XHV6Z44D051R,OpenStreetMap,,True,,,exterior_visible
Capela das Almas da Cruzinha,,2016-01-04,41.217478,-7.7528816,3,02J3Z8GPB81T,OpenStreetMap,,True,,,exterior_visible
La Casa de la Torre,,1996-10-30,39.5137295,-2.9944844,3,WV21651SWZ7J,OpenStreetMap,,True,,,exterior_visible
Ermita de Cintul,,C14,43.2916207,-4.212035,3,54L78QN6CFF7,OpenStreetMap,,True,,,exterior_visible
Casona de los Celis Cosio Terán y Mier,,C17,43.2550147,-4.3588734,3,0110IVS9S0XK,OpenStreetMap,,True,,,exterior_visible
Aproveitamento Hidroelétrico de Manteigas,,4/2000,40.38842,-7.5444657,3,D1HH1MQ428M0,OpenStreetMap,,True,,,exterior_visible
Aproveitamento Hidroelétrico do Teixo,,12/2008,40.5762743,-8.280517,3,2Y1OQ16PAW14,OpenStreetMap,,True,,,exterior_visible
,Aires Mateus & Associados,,39.3546359,-8.1443739,3,L0V2F36G3E4G,OpenStreetMap,,True,,,exterior_visible
Mercado del Norte temporal,,2023-08,42.3440019,-3.6975715,3,733VOY7BYI53,OpenStreetMap,,True,,,exterior_visible
Antiguo Apeadero de Villarmero,,1928-08-25,42.390936,-3.7129341,3,T8E969MFY52A,OpenStreetMap,,True,,,exterior_visible
Casa del ferroviario,,1928-08-25,42.4360524,-3.6820036,3,2Z66Y4LUMB21,OpenStreetMap,,True,,,exterior_visible
,Naos 04 Arquitectos S.L.P.,,42.2261831,-8.7099751,3,1D511P2Z7VIR,OpenStreetMap,,True,,,exterior_visible
Antiguo apeadero Lermilla-Quintanarruz,,1929-11-05,42.5744785,-3.5904962,3,7DAGB1V33G49,OpenStreetMap,,True,,,exterior_visible
Antiguo Apeadero de Arconada,,1929-11-05,42.5997183,-3.5168923,3,S963T5AJN32Z,OpenStreetMap,,True,,,exterior_visible
Apeadero de Lences de Bureba,,1929-11-05,42.6317525,-3.4878886,3,7MU5SE9217LE,OpenStreetMap,,True,,,exterior_visible
,Borja Peña (Beta.0 studio),,40.4443827,-3.6864262,3,5HP2MGW1Y293,OpenStreetMap,,True,,,exterior_visible
Torre Miramar,OODA,,41.1502816,-8.6629615,3,N0S70M82UT1B,OpenStreetMap,,True,,,exterior_visible
Capela de São Caetano,,1737,41.5565882,-7.3505911,3,F1E8OJ43L6G7,OpenStreetMap,,True,,,exterior_visible
Transportes Vitrans,,2003,42.9983653,-4.1298327,3,ZVJ88ST339I1,OpenStreetMap,,True,,,exterior_visible
,Eduardo Souto Moura,,41.1878925,-8.6883525,3,J4H5046QEYO2,OpenStreetMap,,True,,,exterior_visible
Capela de Nosso Senhor dos Aflitos,,1791,41.3042697,-7.6702621,3,QY3XJ11267KP,OpenStreetMap,,True,,,exterior_visible
Pavilhão de Ténis da Quinta da Conceição,Fernando Távora,,41.195982,-8.6873018,3,TRND7K89O072,OpenStreetMap,,True,,,exterior_visible
Ayuntamiento de Paredes de Escalona,,1759,40.2051045,-4.4309503,3,H4660FN5ZA9N,OpenStreetMap,,True,File:Ayuntamiento de Paredes de Escalona.jpg,,exterior_visible
Albergue Santiago Apostol de Redondela,,2016,42.2833538,-8.6070448,3,1TN27N4LCQ84,OpenStreetMap,,True,,,exterior_visible
Molino de Cerroja,,1047,43.4313229,-3.512002,3,3MLB9O9778EG,OpenStreetMap,,True,,,exterior_visible
Cromagem Avenida,,1959,40.2358707,-8.4412979,3,J1D62N2E11ZP,OpenStreetMap,,True,,,exterior_visible
Nuestra Señora de la Asunción,,C16,40.4103692,-5.4081569,3,19ZJFDV38S23,OpenStreetMap,,True,File:La Aldehuela 02.jpg,,exterior_visible
Campo Base,,2023-11-04,42.3768647,-3.7041873,3,1WVL15KR9R50,OpenStreetMap,,True,,,exterior_visible
Aproveitamento Hidroelétrico da Ucanha,,3/2001,41.0692112,-7.7599168,3,4S09S5JIB63D,OpenStreetMap,,True,,,exterior_visible
Casa de Quintanar,,Siglo XIV,41.041366,-4.087723,3,HB4T62O22V7V,OpenStreetMap,,True,,,exterior_visible
Quinta Rosita,Fructuoso Hevia López,1919,43.4227868,-5.8579943,3,03LU6UJ29E7F,OpenStreetMap,,True,,,exterior_visible
,Alcino Soutinho,,41.1828134,-8.6535281,3,N390PX5CM3S7,OpenStreetMap,,True,,,exterior_visible
,Alcino Soutinho,,41.1823828,-8.6534285,3,5L5PG088GGV8,OpenStreetMap,,True,,,exterior_visible
,Alcino Soutinho,,41.1823434,-8.6537133,3,7U1D6ICSD365,OpenStreetMap,,True,,,exterior_visible
Ermita de San Frutos,,1093,41.3246861,-3.8793326,3,G289L49TWYF2,OpenStreetMap,,True,,,exterior_visible
Capela de Sobradelo,,1769,41.192259,-7.9420368,3,049XI7J4HQI2,OpenStreetMap,,True,,,exterior_visible
Asilo Hospital de Comillas,Cristóbal Cascante,1885,43.3843257,-4.2893056,3,1UOC8TN8V813,OpenStreetMap,,True,,,exterior_visible
Central de Cogeração da Estação de Tratamento de Águas Residuais de Cacia,,2003,40.6902711,-8.5954686,3,KL43H18LVD28,OpenStreetMap,,True,,,exterior_visible
,Martinho do Rosário,1992,39.2418494,-8.7041036,3,580F03RHYM1W,OpenStreetMap,,True,,,exterior_visible
,Martinho do rosário,1992,39.2417002,-8.7043721,3,6E494UPSF6E3,OpenStreetMap,,True,,,exterior_visible
Central Hidroelétrica do Guilhofrei,,1939,41.5858136,-8.138219,3,8S77SCN2J77E,OpenStreetMap,,True,,,exterior_visible
Central Hidroelétrica de Ovadas,,1993,41.0559721,-7.9944712,3,47Z7W9X9UTZ9,OpenStreetMap,,True,,,exterior_visible
Central Hidroelétrica de Assobio,,2/2004,41.1250409,-7.9475616,3,QIY2O9983QI8,OpenStreetMap,,True,,,exterior_visible
Central Hidroelétrica do Terragido,,1992,41.2722608,-7.7487916,3,4670M8TBP3NG,OpenStreetMap,,True,,,exterior_visible
Aproveitamento Hidroelétrico de Candemil,,12/2011,41.2465038,-7.9749442,3,4QA184B1XQ2T,OpenStreetMap,,True,,,exterior_visible
Aproveitamento Hidroelétrico das Penhas Altas,,3/1998,41.2303012,-8.414571,3,N2OHVC42917A,OpenStreetMap,,True,,,exterior_visible
Aproveitamento Hidroelétrico de Hortas,,5/1995,41.0648352,-8.4899889,3,OA2W9VET7573,OpenStreetMap,,True,,,exterior_visible
Aproveitamento Hidroelétrico de Chelo I,,10/1996,41.0577632,-8.4869915,3,38IA4K1B2WI4,OpenStreetMap,,True,,,exterior_visible
Central Hidroelétrica da Ponte do Bico,,12/1994,41.606021,-8.4274892,3,SX1082WEY5P2,OpenStreetMap,,True,,,exterior_visible
Central Hidroelétrica de Labruja,,1992,41.8416413,-8.5828757,3,Y63XWV72G49D,OpenStreetMap,,True,,,exterior_visible
Aproveitamento Hidroelétrico de Paus,,2/1993,41.914684,-8.5900534,3,EP7E74926NHS,OpenStreetMap,,True,,,exterior_visible
Aproveitamento Hidroelétrico de Pagade,,12/1993,41.884295,-8.6783462,3,97IXS364L5YU,OpenStreetMap,,True,,,exterior_visible
Central Hídrica de Rego Naval,,2/2007,41.342821,-8.6289316,3,72QX27YJ7RA7,OpenStreetMap,,True,,,exterior_visible
Aproveitamento Hidroelétrico do Amieiro/Galego,,1/2004,41.373688,-8.4141566,3,S8H9M86Z2I4Y,OpenStreetMap,,True,,,exterior_visible
Aproveitamento Hidroelétrico do Caneiro,,5/2002,41.3725998,-8.3448307,3,405GCTDR9Z48,OpenStreetMap,,True,,,exterior_visible
Aproveitamento Hidroelétrico de Campelos,,3/1984,41.4578279,-8.3452297,3,501RLUC56G6K,OpenStreetMap,,True,,,exterior_visible
Aproveitamento Hidroelétrico dos Tecidos do Ferro,,2/2009,41.435881,-8.1761299,3,4VK6DNI0551D,OpenStreetMap,,True,,,exterior_visible
Aproveitamento Hidroelétrico do Búgio,,10/2003,41.4048833,-8.1524883,3,56K0FTQ50S4W,OpenStreetMap,,True,,,exterior_visible
Aproveitamento Hidroelétrico de Agilde,,7/2012,41.3545434,-8.1029867,3,NM6932F8T0XH,OpenStreetMap,,True,,,exterior_visible
Aproveitamento Hidroelétrico do Casal,,3/1994,41.5443669,-8.0169934,3,4L34ELE077GP,OpenStreetMap,,True,,,exterior_visible
Central Hidroelétrica de Cefra,,1995,41.5053347,-7.9693194,3,63LI9240OCZC,OpenStreetMap,,True,,,exterior_visible
Aproveitamento Hidroelétrico da Mesa do Galo I & II,,11/1999,41.6648606,-7.9805527,3,5G8A1RI2E3X9,OpenStreetMap,,True,,,exterior_visible
Aproveitamento Hidroelétrico da Câmara de Manteigas,,10/2011,40.3958618,-7.5385507,3,42ZU84QN2TO9,OpenStreetMap,,True,,,exterior_visible
Aproveitamento Hidroelétrico de Águas Frias,,11/2002,40.8112716,-8.0371239,3,G9W1Y4AO755V,OpenStreetMap,,True,,,exterior_visible
Central Hidroelétrica da Valeira,,1976,41.1601968,-7.3746055,3,HA36L30PLZ04,OpenStreetMap,,True,,,exterior_visible
Central Hidroelétrica do Pocinho,,1983,41.1346832,-7.1139266,3,362QVL3Y7CB2,OpenStreetMap,,True,,,exterior_visible
Aproveitamento Hidroelétrico de Padrastos,,1/1992,40.849517,-8.3662555,3,9S94618FZJSV,OpenStreetMap,,True,,,exterior_visible
Aproveitamento Hidroelétrico do Areeiro,,6/1994,40.8080356,-8.4500419,3,41IBTDF11Z39,OpenStreetMap,,True,,,exterior_visible
Aproveitamento Hidroelétrico do Palmaz,,11/1999,40.7934287,-8.4561854,3,31H1D2PK10AJ,OpenStreetMap,,True,,,exterior_visible
Aproveitamento Hidroelétrico do Carregal,,12/1996,40.8076481,-8.2430527,3,0I76QGZHQ088,OpenStreetMap,,True,,,exterior_visible
Aproveitamento Hidroelétrico de Drizes,,1917,40.7462987,-8.0651711,3,6GPU27I13T4E,OpenStreetMap,,True,,,exterior_visible
Aproveitamento Hidroelétrico de Paredes,,12/1996,40.7523304,-8.173024,3,Z9012S3L8ONU,OpenStreetMap,,True,,,exterior_visible
Central Hidroelétrica da Cercosa,,1/1992,40.6704854,-8.2468725,3,Y1A5Y94ZAV10,OpenStreetMap,,True,,,exterior_visible
Aproveitamento Hidroelétrico de Talhadas,,5/1992,40.6470155,-8.3179426,3,K366F6WGK50R,OpenStreetMap,,True,,,exterior_visible
Aproveitamento Hidroelétrico de Soutinho,,10/1993,40.6024633,-8.2946606,3,JACO72K9730K,OpenStreetMap,,True,,,exterior_visible
Aproveitamento Hidroelétrico de Figueiral,,1955,40.5591664,-8.1610374,3,5XN21P4PJ49V,OpenStreetMap,,True,,,exterior_visible
Aproveitamento Hidroelétrico de Múceres,,6/1998,40.540765,-8.1667529,3,SP85X765KDS7,OpenStreetMap,,True,,,exterior_visible
Aproveitamento Hidroelétrico de Pisões,,1927,40.5468385,-8.0705576,3,XWY8050E3XW7,OpenStreetMap,,True,,,exterior_visible
Reservatório R6 - Carvoeiro,,11/2010,40.6083021,-8.6084145,3,87Z6I6BEJ52E,OpenStreetMap,,True,,,exterior_visible
Central Hidroelétrica de Senhorim,,1/2001,40.5269283,-7.8222126,3,WA937YV1V10H,OpenStreetMap,,True,,,exterior_visible
Aproveitamento Hidroelétrico da Levada-a-Velha,,1/1997,40.6460836,-7.7317878,3,0OWO34G3R9M3,OpenStreetMap,,True,,,exterior_visible
Aproveitamento Hidroelétrico de Vilar do Monte,,3/2018,40.7559376,-7.9488481,3,81X7WBMD461G,OpenStreetMap,,True,,,exterior_visible
Aproveitamento Hidroelétrico de Bertelhe,,2/1998,40.7543914,-7.8425976,3,9E0026RIWTO8,OpenStreetMap,,True,,,exterior_visible
Aproveitamento Hidroelétrico da Ponte Vouguinha,,11/2002,40.7725971,-7.7941695,3,WU0O2J1H25N0,OpenStreetMap,,True,,,exterior_visible
Aproveitamento Hidroelétrico da Ermida,,4/1993,40.9205578,-7.9628127,3,8P4P77O0COK7,OpenStreetMap,,True,,,exterior_visible
Aproveitamento Hidroelétrico de Pereira,,6/2006,40.9200212,-7.9647252,3,JID1QN44Y416,OpenStreetMap,,True,,,exterior_visible
Aproveitamento Hidroelétrico de Armamar,,12/2006,41.0596073,-7.6725055,3,SVE860V5F97H,OpenStreetMap,,True,,,exterior_visible
Aproveitamento Hidroelétrico da Granja do Tedo,,1/2008,41.0696275,-7.6139876,3,JO764VZI86N3,OpenStreetMap,,True,,,exterior_visible
Aproveitamento Hidroelétrico de Barreiros,,12/1997,40.9116327,-7.5111137,3,E1141M9F1TKK,OpenStreetMap,,True,,,exterior_visible
Aproveitamento Hidroelétrico daPonte Nova,,4/1997,40.8893403,-7.513146,3,RQ8KC13V4Z26,OpenStreetMap,,True,,,exterior_visible
Aproveitamento Hidroelétrico de Moinhos de Moiratão,,12/2011,40.9028044,-7.3359678,3,YS8Y859WZ4T0,OpenStreetMap,,True,,,exterior_visible
Aproveitamento Hidroelétrico da Ponte Europa,,10/2007,41.4810688,-7.1886361,3,8QG583D8LS8I,OpenStreetMap,,True,,,exterior_visible
Central Hidroelétrica de Rei de Moinhos,,1993,40.2596201,-8.0305154,3,78UZC53EJH77,OpenStreetMap,,True,,,exterior_visible
Central Hidroelétrica do Monte Redondo,,6/1995,40.1401496,-8.1108023,3,5EPV9FT90D63,OpenStreetMap,,True,,,exterior_visible
Aproveitamento Hidroelétrico de Safrujo,,4/1996,40.0171393,-8.1958927,3,V03HR41OGK13,OpenStreetMap,,True,,,exterior_visible
Central Hidroelétrica da Barroca,,12/2005,40.1116545,-7.7297675,3,4R6KYD12CD17,OpenStreetMap,,True,,,exterior_visible
Pinheiro das Sete Cruzes,,1885,41.0107128,-8.5556914,3,27542F4ZRPCV,OpenStreetMap,,True,,,exterior_visible
Centro de Artes Escénicas Jorge Manrique,,2023-11-03,42.1540957,-4.6923903,3,7REZAWZ74352,OpenStreetMap,,True,,,exterior_visible
Casa parroquial de la iglesia de los franciscanos,,1940,43.4629121,-3.8112387,3,MA6132OLQ7A5,OpenStreetMap,,True,,,exterior_visible
Empresa de Cogeração de Estarreja,,1994,40.7745041,-8.5737768,3,7A6UL8527PTO,OpenStreetMap,,True,,,exterior_visible
Central Hidroelétrica da Ermida,,1943,40.7144783,-8.353383,3,8AT6R562S2ZP,OpenStreetMap,,True,,,exterior_visible
Helguera Palacio Boutique Antique,,C17,43.318763,-3.98049,3,78DQTQF28W74,OpenStreetMap,,True,,,exterior_visible
Casona de los Cossio Celis Calderón y Terán,,~1650,43.2542648,-4.3603114,3,EJ7757G1Q0AR,OpenStreetMap,,True,,,exterior_visible
Casona de los Fernández Calderón y Celis,,1765,43.2539642,-4.3586952,3,9I8X2YC669EY,OpenStreetMap,,True,,,exterior_visible
Mini Central Hidroelétrica - ETA da Asseiceira,,2024,39.5148914,-8.427294,3,Q17E4DQI822I,OpenStreetMap,,True,,,exterior_visible
Centro Integral de Saúde de Lugo,,2023-10,43.0113941,-7.570152,3,P503AS5OFV36,OpenStreetMap,,True,,,exterior_visible
Antigua Estación de Castellanos de Bureba,,1929-11-05,42.7097403,-3.4500241,3,LO0N74362IEN,OpenStreetMap,,True,,,exterior_visible
Paredes Ariza,,2002,40.6600997,-3.7679228,3,1T39L6ACR53E,OpenStreetMap,,True,,,exterior_visible
Capela do Carmo,,1792,41.2998728,-7.7432381,3,H08Z33IGP19P,OpenStreetMap,,True,,,exterior_visible
Torre de los Cossío Barreda,,C16,42.9183698,-4.2031528,3,F74BIK8X4U35,OpenStreetMap,,True,,,exterior_visible
Torreón de Lozoya,,before C16,40.9485063,-4.12078,3,7YU3R9RGU237,OpenStreetMap,,True,,,exterior_visible
Centro de Arte Rupestre de Cantabria,,2023,43.2960415,-3.9694434,3,JCU40Y38S90S,OpenStreetMap,,True,Category:Centro de Arte Rupestre de Cantabria,,exterior_visible
Ermida de Nossa Senhora da Oliveira,,1742-12,39.2890545,-9.192331,3,FG0GQ32P5B18,OpenStreetMap,,True,,,exterior_visible
Centro Juvenil Ouka Leele,,2024-06-29,40.3896256,-3.6888909,3,3VI83TZ350IK,OpenStreetMap,,True,,,exterior_visible
Centro Social e Paroquial de Nogueira,,2006-05-28,41.2280112,-7.7333698,3,P2217YY7S3BQ,OpenStreetMap,,True,,,exterior_visible
Central de Cogeração da Estação de Tratamento de Águas Residuais de Matosinhos,,2018,41.212053,-8.7138728,3,X0ZHYVD34024,OpenStreetMap,,True,,,exterior_visible
Central de Cogeração da Estação de Tratamento de Águas Residuais do Ave,,2011,41.3673754,-8.7055921,3,Z71B851P1GVX,OpenStreetMap,,True,,,exterior_visible
Casa das Donas,,C17,41.2521005,-8.1860613,3,TF6B6CD104D5,OpenStreetMap,,True,,,exterior_visible
Associação Santo Mamede,,1994-01-26,41.2478694,-7.4298377,3,UVH344XT21Y1,OpenStreetMap,,True,,,exterior_visible
Residencia de estudiantes Livensa Living,,2022,40.3211721,-3.7311541,3,8TK8K9B2Y7J1,OpenStreetMap,,True,,,exterior_visible
ELDISSER,,2023,42.3783065,-3.7026545,3,89052SPO9XCH,OpenStreetMap,,True,,,exterior_visible
Panattoni Park Burgos,,2023,42.375321,-3.7055539,3,06NO0F45WK6N,OpenStreetMap,,True,,,exterior_visible
Plaseuro,,2023,42.373816,-3.7026829,3,89YZ2CR145HB,OpenStreetMap,,True,,,exterior_visible
Ryme Automotive,,2023,42.3705518,-3.7010643,3,17S315VWNW1Y,OpenStreetMap,,True,,,exterior_visible
Torre de los Montalvos,,1989,40.932499,-5.7362708,3,277IJ7E7QZI0,OpenStreetMap,,True,"File:Torre_de_telecomunicaciones_de_los_Montalvos,_Salamanca.jpg",,exterior_visible
,Marcos Rico Santamaría,1955,42.3467722,-3.6814552,3,520YFM9WSI95,OpenStreetMap,,True,,,exterior_visible
Tribunal de Boticas,Manuel Ferrão de Oliveira,,41.6873975,-7.6679066,3,OX844PFDD375,OpenStreetMap,,True,,,exterior_visible
Capela do Senhor dos Aflitos,,1868,41.0061804,-8.5908249,3,7N80U4FC5D8Z,OpenStreetMap,,True,,,exterior_visible
Lpa Pereira Hotel Restaurante,,2022,39.6306561,-7.7518846,3,U5X008Y4GWT2,OpenStreetMap,,True,,,exterior_visible
Iglesia de San Julián,,1112,42.9348214,-4.0311643,3,7F901JTU32VZ,OpenStreetMap,,True,,,exterior_visible
Capela de Santo António,,C16,41.625348,-7.4921667,3,WST91262Z6FG,OpenStreetMap,,True,,,exterior_visible
Capela do Senhor do Bom Caminho,,1920,41.6313263,-7.457317,3,PPCS4L246G39,OpenStreetMap,,True,,,exterior_visible
Centro de Salud Federico García Lorca-El Silo,,15/12/2025,42.3471635,-3.6636903,3,Y6T3CO003M6A,OpenStreetMap,,True,,,exterior_visible
Capela de São Miguel,,1955-10-23,40.5261782,-8.4626202,3,M45U31EM5V6J,OpenStreetMap,,True,,,exterior_visible
Casa Dr. Fernando Ribeiro da Silva,Fernando Távora,,41.5186564,-8.783728,3,NSN288BP08P3,OpenStreetMap,,True,,,exterior_visible
Palacete Villa Manuella,,1908,41.0070483,-8.6386986,3,25E58B2OPTE5,OpenStreetMap,,True,,,exterior_visible
Centro Cultural e Recreativo de Alqueidão da Serra,,1975-7-11,39.6190741,-8.7817154,3,46AU8S64KC1F,OpenStreetMap,,True,,,exterior_visible
Banda de Música de Nogueira,,1850,41.2263916,-7.7348962,3,YK3W6G5L414X,OpenStreetMap,,True,,,exterior_visible
KFC,,2022-12-29,41.2922243,-7.7370648,3,35P05O4RPSI9,OpenStreetMap,,True,,,exterior_visible
,Álvaro Siza Vieira,1976,41.3429836,-8.479733,3,CYXH0C0912F1,OpenStreetMap,,True,,,exterior_visible
Depósito de las Capellanas-Santillana,,2009,40.8786337,-4.0587956,3,3G9W93SPBM18,OpenStreetMap,,True,,,exterior_visible
Radio Popular,,2024-05-15,41.3392804,-8.4802908,3,1OF2A6RY46Z2,OpenStreetMap,,True,,,exterior_visible
Templo Votivo do Mar,Antonio Palacios,1937,42.1455386,-8.8234922,3,3P319B7SDCG6,OpenStreetMap,,True,Category:Church of San Xoán de Panxón,,exterior_visible
Alminhas da Vidigueira,,1964,40.8067754,-8.5153722,3,8FDME459Z02J,OpenStreetMap,,True,,,exterior_visible
Alminhas da Rua Nova,,1840,40.8078384,-8.5371457,3,1VS164FB6S9Q,OpenStreetMap,,True,,,exterior_visible
Solar dos Grandela,,1939,40.8112329,-8.5328231,3,7H2M6I4HH83I,OpenStreetMap,,True,,,exterior_visible
Antiga Câmara Muncipal de Real,,C17,41.2490867,-8.1765662,3,I8RJ549PW57U,OpenStreetMap,,True,,,exterior_visible
Residencial Alto de Venerables,,2024-08,42.3462041,-3.7020014,3,6X71UXC6VJ96,OpenStreetMap,,True,,,exterior_visible
Sala de Prova,Eduardo Souto de Moura,,41.1450512,-8.6089402,3,5Y4QP4HX0Q82,OpenStreetMap,,True,,,exterior_visible
Centro Logístico Pepsico,,2021-04-30,42.3635633,-3.6245517,3,K675XRMJ321A,OpenStreetMap,,True,,,exterior_visible
Centro de Formação Profissional da Figueira da Foz,,1917,40.1501118,-8.8450059,3,38JEH0AT3L44,OpenStreetMap,,True,,,exterior_visible
Central de Cogeração da Estação de Tratamento de Águas Residuais de Parada,,2006,41.2056298,-8.5948234,3,AM413N31F6SI,OpenStreetMap,,True,,,exterior_visible
Local Sociocultural de Cabanetán,,2007,42.8024784,-8.8349856,3,6B4OV78F5E5O,OpenStreetMap,,True,,,exterior_visible
Quinta Landeta,,1880,43.3240494,-5.7884162,3,R7U2T21RDN49,OpenStreetMap,,True,,,exterior_visible
"Capiella del Santu Ánxel de la Guarda, San Xosé y San Antoniu",,1897,43.5053314,-6.0699224,3,C92DF59H85OJ,OpenStreetMap,,True,,,exterior_visible
"Casa de Don Manuel ""El Madrileño""",,1871,43.5340952,-6.0760517,3,8M96T4L7LZ1U,OpenStreetMap,,True,,,exterior_visible
Casa José Nina,,1901,43.4097375,-6.2605376,3,TU61N48P59NZ,OpenStreetMap,,True,,,exterior_visible
Edificio Casa Bustelo-Banco de Oviedo,,1885,43.4094982,-6.2600123,3,224JW8ZZ09PP,OpenStreetMap,,True,,,exterior_visible
Bricomarché,,2019-07-18,39.9683609,-8.7933015,3,JU72X5V7X30L,OpenStreetMap,,True,,,exterior_visible
Faro da Barca,,1926,43.1130522,-9.2197155,3,E7VLM4M2316Y,OpenStreetMap,,True,,,exterior_visible
Capela Nossa Senhora da Piedade,,1741,40.4770931,-8.4659089,3,27Z7GP91WIH5,OpenStreetMap,,True,,,exterior_visible
Iglesia de Nuestra Señora de la Asunción,,C16,40.9599196,-4.8452146,3,8F83N5XD1UK4,OpenStreetMap,,True,,,exterior_visible
,Manuel Tainha,,39.6001786,-8.3911962,3,5CB98COE59C5,OpenStreetMap,,True,,,exterior_visible
Aproveitamento Hidroelétrico de Bragado,,12/1998,41.5816459,-7.6800929,3,1Q9UB8P7H85L,OpenStreetMap,,True,,,exterior_visible
Central de Biomassa da Costa Ibérica,,2011,40.6203469,-7.8023497,3,OZ744S8AU92Z,OpenStreetMap,,True,,,exterior_visible
Torre del telégrafo óptico Cerro de la Labina,,1846,39.9875973,-3.6516297,3,79G1CSC3N0Q8,OpenStreetMap,,True,,,exterior_visible
Palácio dos Viscondes do Espinhal,,C18..C19,40.1093337,-8.2467105,3,RM760G1SGT89,OpenStreetMap,,True,,,exterior_visible
Capilla de San Antonio,,1849,42.316697,-3.184043,3,L6Q6PX309X2Z,OpenStreetMap,,True,,,exterior_visible
Capela de Nossa Senhora da Graça,,1893,40.2943217,-8.0102061,3,A92CNB81R3X6,OpenStreetMap,,True,,,exterior_visible
Tribunal Judicial de Vila Nova de Foz Côa,António Maria Braga;Alberto Castro Nunes,1989,41.0834265,-7.1368095,3,573WYKB6X06T,OpenStreetMap,,True,,,exterior_visible
Hijas de la Cruz,,1865,43.3290521,-3.0336212,3,314YUD99UOF5,OpenStreetMap,,True,,,exterior_visible
Capela de São Caetano,,1719,40.1509328,-8.041426,3,1786N2ANDD9W,OpenStreetMap,,True,,,exterior_visible
Casa del Corro,,C17,43.3869118,-4.2904393,3,8LDM03SH50B1,OpenStreetMap,,True,,,exterior_visible
Casa da Celestina,,1928,42.4939326,-8.8653744,3,XP456E8VY8V2,OpenStreetMap,,True,,,exterior_visible
Aldi,,2024-12-11,42.3526313,-3.6772925,3,V4FU19W9XE30,OpenStreetMap,,True,,,exterior_visible
Sé de Leiria,,1574,39.7461589,-8.8062482,3,179C5S7JUD2F,OpenStreetMap,,True,,,exterior_visible
Cafetaria do Terminal,Adalberto Dias,,41.1747525,-8.6037162,3,NT8L7JD5675Q,OpenStreetMap,,True,,,exterior_visible
Hostal El Cruce,,1986,42.8004975,-5.1259046,3,92IZ2EF4US58,OpenStreetMap,,True,,,exterior_visible
Iglesia de Santa María Magdalena,,C16,40.1695087,-3.9008825,3,3EG0G2MO6A82,OpenStreetMap,,True,"File:Iglesia de Santa María Magdalena, Carranque.jpg",,exterior_visible
,Trama Arquitectos,,41.1370572,-8.6582069,3,9QOB7OZU3571,OpenStreetMap,,True,,,exterior_visible
Anfiteatro,,2012-09-28,41.410475,-8.5087222,3,4D91V97UKFP6,OpenStreetMap,,True,,,exterior_visible
Casa do Território,,2012-09-28,41.4101478,-8.5081146,3,N573Z1XPS24O,OpenStreetMap,,True,,,exterior_visible
CeNTI,,2006,41.4101953,-8.5122233,3,B4158LHJT2J5,OpenStreetMap,,True,,,exterior_visible
Casa da Eira,Filipe Pina,,40.5414327,-7.3049795,3,K59Y03UV1WY2,OpenStreetMap,,True,,,exterior_visible
Ermita de San Acisclo y Santa Victoria,,C17,43.1426194,-4.6751081,3,U99U4B750THO,OpenStreetMap,,True,,,exterior_visible
Centro multiusos La Rubia,,2024,42.8730266,-4.1646205,3,9W2O22II9B9O,OpenStreetMap,,True,,,exterior_visible
Memorial da Ermida,,C13,41.1695319,-8.3300722,3,3Y08A03DNI6Q,OpenStreetMap,,True,Category:Memorial da Ermida,,exterior_visible
Colégio José Bento da Silva,,1880,39.5134399,-9.1344416,3,4B1BU50EO8V9,OpenStreetMap,,True,,,exterior_visible
Igreja Paroquial de São Martinho do Porto,,1879,39.5146651,-9.1334441,3,1WA2YFF0I431,OpenStreetMap,,True,,,exterior_visible
Hotel Acouga,MOLA arquitectura,,42.1527799,-7.9576561,3,HDB009FJR100,OpenStreetMap,,True,,,exterior_visible
Casa das 3 Marias,Francisco da Conceição Silva,,40.3427356,-8.591839,3,GBG5FA087H65,OpenStreetMap,,True,,,exterior_visible
Escola Camões,Cottinelli Telmo;Luís da Cunha,,39.4591918,-8.4836757,3,61PI0H0C7GP6,OpenStreetMap,,True,,,exterior_visible
,Cottinelli Telmo,,40.1630342,-8.6373118,3,MEI3HM13Q928,OpenStreetMap,,True,,,exterior_visible
Siderit,,2013,43.4163559,-3.9340431,3,AM93O8W7I19T,OpenStreetMap,,True,,,exterior_visible
Vila Maria,,1930-05-01,40.8941922,-8.5733221,3,M29U2URYI317,OpenStreetMap,,True,,,exterior_visible
,Francisco da Conceição Silva,,40.3953589,-8.132561,3,FO54ZK6Y27O1,OpenStreetMap,,True,,,exterior_visible
Pousada Serra da Estrela,Cottinelli Telmo,,40.291545,-7.5340678,3,3H22I5CB90IQ,OpenStreetMap,,True,,,exterior_visible
,Jose Antonio Olano López de Letona,1965,42.3476316,-3.6947429,3,V4X2VM6Q073K,OpenStreetMap,,True,,,exterior_visible
,Raul Hestnes Ferreira,,41.0902216,-7.8170598,3,70VU9YI9A28T,OpenStreetMap,,True,,,exterior_visible
Centro Cultural Gonçalves Sapinho,Raul Hestnes Ferreira,,39.4262876,-8.9822944,3,REZX6498CB62,OpenStreetMap,,True,,,exterior_visible
Solar da Corujeira,,C18,40.6749205,-8.1502036,3,B03YJ9WB51Y2,OpenStreetMap,,True,,,exterior_visible
Residencial Torres de Castilla,,2025,42.3466806,-3.6888276,3,70E1HOKI1O59,OpenStreetMap,,True,,,exterior_visible
Iglesia de San Pedro Apóstol,,C12,40.6664603,-4.5966743,3,5Y1L9O3RL4W1,OpenStreetMap,,True,,,exterior_visible
Casa dos Barros,,C18,41.2646562,-7.5755906,3,SCB40UO13N56,OpenStreetMap,,True,,,exterior_visible
,Manuel Tainha,,39.4752222,-8.5390811,3,4372IH1IG0SX,OpenStreetMap,,True,,,exterior_visible
Adega 23,Atelier RUA,2018-06-09,39.7567374,-7.6166185,3,VUG00G89B70O,OpenStreetMap,,True,,,exterior_visible
DSS-55,,2003,40.4243791,-4.2527947,3,2JZ5DW5W6O88,OpenStreetMap,,True,,,exterior_visible
,Adalberto Dias,,40.5958849,-8.6901806,3,GD2J7K310G6Q,OpenStreetMap,,True,,,exterior_visible
Casa Neto,Adalberto Dias,,41.048792,-8.6515148,3,O14RVAN28S46,OpenStreetMap,,True,,,exterior_visible
Centro de Saúde da Trofa,João Laranja Queirós,,41.3351238,-8.5702499,3,8FRQ46199OGJ,OpenStreetMap,,True,,,exterior_visible
Capela de Nossa Senhora da Boa Morte,,1750,41.2468965,-7.5679147,3,4I4EU0T75QA2,OpenStreetMap,,True,,,exterior_visible
Capela dos Condes,,1617,43.5271276,-7.4286758,3,2X7W09V51AGV,OpenStreetMap,,True,,,exterior_visible
O Porriño,,1890-01,42.1643247,-8.6220621,3,9G79QT86J7AU,OpenStreetMap,,True,File:Estación de ferrocarril do Porriño.jpg,,exterior_visible
União e Progresso do Rochel,,1959-04-19,40.2064459,-8.0788022,3,17PDH8A735DA,OpenStreetMap,,True,,,exterior_visible
casa Pedro Magalhães,Micael Magalhães,,41.3383959,-8.2294509,3,Z1H5U8XNH030,OpenStreetMap,,True,,,exterior_visible
Santiago de Compostela-Daniel Castelao,,2025-06-26,42.870629,-8.5450529,3,RN39LA1XO583,OpenStreetMap,,True,,,exterior_visible
Las Terrazas de Calzada,,2025-06-06,42.3893271,-5.080914,3,714UXFCV419U,OpenStreetMap,,True,,,exterior_visible
Observatorio Astronómico de Cotobade,,2011,42.4919678,-8.4638667,3,D7W261K8HH6H,OpenStreetMap,,True,,,exterior_visible
Edificio Entreparques,Villareal,,42.3654307,-3.6648914,3,1T61XHB39HM3,OpenStreetMap,,True,,,exterior_visible
Edificio Magritte I,AJO taller de arquitectura,,42.3618939,-3.6633963,3,Q2462P9QBM3T,OpenStreetMap,,True,,,exterior_visible
Residencial Vela Zanetti I,Viviendas de Diseño S.L.,,42.3635923,-3.6620496,3,212UZ70T1SPS,OpenStreetMap,,True,,,exterior_visible
Residencial Vela Zanetti II,Viviendas de Diseño S.L.,,42.3628472,-3.6620579,3,IE8L481P8K0F,OpenStreetMap,,True,,,exterior_visible
Torre Zenit,BSA Consult,,42.3338425,-3.7075392,3,M158VG5DH50P,OpenStreetMap,,True,,,exterior_visible
,BSA Consult,,42.3334631,-3.7086786,3,K47CAM266ZX6,OpenStreetMap,,True,,,exterior_visible
Edificio Magritte II,AJO taller de arquitectura,,42.3616168,-3.6629249,3,Z9A9HT400SB5,OpenStreetMap,,True,,,exterior_visible
Palacio de Ustáriz,,1748-01-01,40.4267896,-3.6979932,3,29NUGIMW0343,OpenStreetMap,,True,"Category:Palacio del Marqués de Ustáriz, Madrid",,exterior_visible
Residencial Terra 2,spf51arquitectos,,42.3503226,-3.7150169,3,DGT305I9R1C4,OpenStreetMap,,True,,,exterior_visible
Cárcel Visigoda,,C6,39.7138803,-3.9828686,3,7GAK7OMO6493,OpenStreetMap,,True,,,exterior_visible
Casa das Paredes,,C17,41.465739,-8.1599745,3,4K4ZLI7V71Z8,OpenStreetMap,,True,,,exterior_visible
Churrascão Steakhouse,,2021,41.4108905,-8.5125853,3,J102LX1Q60HE,OpenStreetMap,,True,,,exterior_visible
Nicho Senhor Jesus do Cabrimau,,1691,39.5128857,-8.4805945,3,086H16Y7DJTP,OpenStreetMap,,True,,,exterior_visible
Igreja de Nossa Senhora do Rosário,Lucínio Cruz,1983,39.2470792,-9.2639836,3,J4IR1M81DG96,OpenStreetMap,,True,,,exterior_visible
Burger King,,2025-09-02,41.2605131,-8.6159425,3,98S0KZG53C9Y,OpenStreetMap,,True,,,exterior_visible
A120,,2023,39.819457,-7.5101046,3,O8GY4V45S7J6,OpenStreetMap,,True,,,exterior_visible
Castillo de Arévalo,,C15,41.069481,-4.7205916,3,E294T6C1CO8T,OpenStreetMap,,True,,,exterior_visible
Palacio de Alonso Suárez,,C15,40.97777,-4.9076867,3,22N3E491NNMO,OpenStreetMap,,True,,,exterior_visible
Palacio del Conde de Valdeláguila,,C16,41.0178391,-4.8981275,3,0B95P41KL8XA,OpenStreetMap,,True,,,exterior_visible
Iglesia de San Martín,,C13,40.9758778,-4.943319,3,QL652P04EQ4P,OpenStreetMap,,True,,,exterior_visible
Iglesia de la Asunción de Nuestra Señora,,C12,41.0656107,-4.9316446,3,7Q7825WFZNC7,OpenStreetMap,,True,File:Barroman_-_003.jpg,,exterior_visible
Iglesia de San Martín,,C13,41.1238718,-4.9901515,3,P7N8ADH5L418,OpenStreetMap,,True,,,exterior_visible
Iglesia de Nuestra Señora de la Asunción (s.XII-XIII),,C12,40.540531,-4.9896741,3,F424A37SYLO2,OpenStreetMap,,True,,,exterior_visible
Iglesia Cristiana Evangélica Las Águilas,,1980,40.3802939,-3.7668359,3,4D9EY9YQ823Y,OpenStreetMap,,True,,,exterior_visible
Torre da Casa do Carvalho,,C19,41.2464096,-8.1695713,3,6VUL106W8NG0,OpenStreetMap,,True,,,exterior_visible
Casa do Carvalho,,C16,41.2463439,-8.1695212,3,688TP4OMS0V0,OpenStreetMap,,True,,,exterior_visible
Casa de Dardos,,C16,41.4361533,-8.3053891,3,21FZZ4M6E08K,OpenStreetMap,,True,,,exterior_visible
Casa do Assento,,C17,41.4700753,-8.3822773,3,G427N7CI24JA,OpenStreetMap,,True,,,exterior_visible
Casal de São José,,C17,40.6108314,-8.4404573,3,QS9ZT40UH304,OpenStreetMap,,True,,,exterior_visible
Paço Real dos Negros,,1511,39.1423353,-8.5237668,3,PZM55Y45L8Q6,OpenStreetMap,,True,"Category:Paço Real dos Negros, incluindo uma azenha e terrenos confinantes, junto à Ribeira de Muge",,exterior_visible
Escola de Rubiás,,1957,41.9084142,-7.8321353,3,L0N8B312IHL3,OpenStreetMap,,True,,,exterior_visible
Capela de São José,,1995,41.0731532,-7.8016452,3,K1U2HT03K10H,OpenStreetMap,,True,,,exterior_visible
João Correia,,1973,41.0640594,-7.7893667,3,9WJFL526V06B,OpenStreetMap,,True,,,exterior_visible
Capela Mortuária de Eira Queimada,,2009-07-15,41.0613374,-7.761305,3,V3AW360H81ZZ,OpenStreetMap,,True,,,exterior_visible
Salão 25 de Abril,,1975,41.061456,-7.7608071,3,AB18E3Q9C0Y2,OpenStreetMap,,True,,,exterior_visible
Antiga Sede da Junta de Freguesia de Queimadela,,1982-07-17,41.0891246,-7.7461366,3,2B0LHK43V70J,OpenStreetMap,,True,,,exterior_visible
Capela de Nossa Senhora de Guadalupe,,1697,41.1115569,-7.7191709,3,VFWZ81N8947X,OpenStreetMap,,True,,,exterior_visible
Casa da Capela,,1697,41.1117915,-7.7190359,3,WYA5H90ZW684,OpenStreetMap,,True,,,exterior_visible
Panadería Fernández Riveiro,,1996,42.0848271,-8.5009662,3,40HLI1S610YZ,OpenStreetMap,,True,,,exterior_visible
Casa do Douro,,1930s,41.1228755,-7.7315302,3,20H9BCJWC549,OpenStreetMap,,True,,,exterior_visible
Casa do Douro,,1930s,41.1229161,-7.7313232,3,9U2S6NB01BR1,OpenStreetMap,,True,,,exterior_visible
Quinta de Balteiro,,1914,41.13094,-7.7311019,3,W0VVD56445XR,OpenStreetMap,,True,,,exterior_visible
Capela da Casa da Quinta do Pinheiro,,1771,41.2020293,-7.8025985,3,A3LA4QN206S4,OpenStreetMap,,True,,,exterior_visible
Solar dos Lencastres,,C18,41.2020333,-7.8025837,3,U802R1V65OSS,OpenStreetMap,,True,,,exterior_visible
Casa da Quinta do Pinheiro,,C18,41.2020843,-7.8030995,3,S37I1E5LTA17,OpenStreetMap,,True,,,exterior_visible
Museu de Arte Sacra,,1997,41.4103623,-8.5224811,3,CO9D7A9YW485,OpenStreetMap,,True,,,exterior_visible
Câmara Municipal de Vila Nova de Famalicão,Januário Godinho,,41.4102906,-8.5203734,3,I0J450Z9PK5E,OpenStreetMap,,True,Category:Edifício da Câmara Municipal de Vila Nova de Famalicão,,exterior_visible
Teatro Virgínia,Fernando Schiappa de Campos,,39.4793783,-8.5356948,3,GK3P043HG71I,OpenStreetMap,,True,,,exterior_visible
,Noé Diniz,,41.4073278,-8.5194313,3,BZ6CE6LV8235,OpenStreetMap,,True,,,exterior_visible
Sport Zone,,2024-05-15,41.339241,-8.4804818,3,9OM8QY2K75N9,OpenStreetMap,,True,,,exterior_visible
Hôma,,2024-05-15,41.339241,-8.4804818,3,YS1868QSP7R2,OpenStreetMap,,True,File:Hôma_logo.png,,exterior_visible
Tiend Animal,,2024-05-15,41.338599,-8.4797955,3,FQ28534O3LQV,OpenStreetMap,,True,File:Tiendanimal_logo.png,,exterior_visible
KiK,,2024-05-15,41.3384448,-8.4797393,3,V2SDW1M36Z05,OpenStreetMap,,True,,,exterior_visible
Edifício da Caixa Geral dos Depósitos,João Simões,,41.4063392,-8.5180703,3,1L44AIXD76J2,OpenStreetMap,,True,,,exterior_visible
Mercado de Famalicão,,1952-09-21,41.4052981,-8.5169491,3,161MRU263YTM,OpenStreetMap,,True,,,exterior_visible
Espaço Sénior,,2024-12-05,41.4041152,-8.5190773,3,0Y06I7ZX5E0N,OpenStreetMap,,True,,,exterior_visible
,José Marques da Silva,,41.1642239,-8.6199912,3,W1MBYN7320J1,OpenStreetMap,,True,,,exterior_visible
,José Marques da Silva,,41.1642183,-8.6199079,3,E7978RGCHO63,OpenStreetMap,,True,,,exterior_visible
,José Marques da Silva,,41.1642849,-8.6199837,3,5T5Q7T2R09QZ,OpenStreetMap,,True,,,exterior_visible
,José Marques da Silva,,41.1642239,-8.6199912,3,J40T078QVBA6,OpenStreetMap,,True,,,exterior_visible
,José Marques da Silva,,41.1640011,-8.6200229,3,7ZG551RC7V6Q,OpenStreetMap,,True,,,exterior_visible
,José Marques da Silva,,41.1639955,-8.6199396,3,D2R06745UJYK,OpenStreetMap,,True,,,exterior_visible
,José Marques da Silva,,41.1640621,-8.6200154,3,4V0R9R3E5CT2,OpenStreetMap,,True,,,exterior_visible
,José Marques da Silva,,41.1640011,-8.6200229,3,22K4ZZC120LU,OpenStreetMap,,True,,,exterior_visible
,José Marques da Silva,,41.1639552,-8.6196407,3,PD8KQTQ77690,OpenStreetMap,,True,,,exterior_visible
,José Marques da Silva,,41.1639496,-8.6195575,3,54LSS03M98SJ,OpenStreetMap,,True,,,exterior_visible
,José Marques da Silva,,41.1640162,-8.6196333,3,G8U414HS47HA,OpenStreetMap,,True,,,exterior_visible
,José Marques da Silva,,41.1639552,-8.6196407,3,ODUB92Q945E3,OpenStreetMap,,True,,,exterior_visible
,José Marques da Silva,,41.1642934,-8.6203875,3,EM410C6FF9H3,OpenStreetMap,,True,,,exterior_visible
,José Marques da Silva,,41.1642879,-8.620304,3,77847YM0JHGJ,OpenStreetMap,,True,,,exterior_visible
,José Marques da Silva,,41.1643546,-8.6203797,3,1U5K568YIYU9,OpenStreetMap,,True,,,exterior_visible
,José Marques da Silva,,41.1642934,-8.6203875,3,F3YP497QV52J,OpenStreetMap,,True,,,exterior_visible
,José Marques da Silva,,41.1640324,-8.6204247,3,6VFZ119X2H3J,OpenStreetMap,,True,,,exterior_visible
,José Marques da Silva,,41.164027,-8.6203427,3,DYO8Z1G17E95,OpenStreetMap,,True,,,exterior_visible
,José Marques da Silva,,41.164122,-8.6204118,3,1R8RZR21NV36,OpenStreetMap,,True,,,exterior_visible
,José Marques da Silva,,41.1640324,-8.6204247,3,1I242AY30VGG,OpenStreetMap,,True,,,exterior_visible
,José Marques da Silva,,41.1641151,-8.6203303,3,8B57H63C8NDG,OpenStreetMap,,True,,,exterior_visible
,José Marques da Silva,,41.164205,-8.6203989,3,0D4G1F30WRV8,OpenStreetMap,,True,,,exterior_visible
Centro Funerário da Lapa,,2014,41.1575203,-8.6117912,3,R9L21H9ON2J9,OpenStreetMap,,True,,,exterior_visible
Parque Estacionamento Seminário,,2025-12-09,41.298636,-7.7473372,3,EA38ZQ9DI695,OpenStreetMap,,True,,,exterior_visible
Palácio da Justiça de Mangualde,Raul Rodrigues Lima,,40.6050493,-7.760615,3,S957L5TV5N6D,OpenStreetMap,,True,,,exterior_visible
Tribunal de Cinfães,António Madeira Portugal,,41.0749839,-8.0945554,3,1VL036ETPA77,OpenStreetMap,,True,,,exterior_visible
Armazém de Glória e Vera Cruz,,2025-07-31,40.6305404,-8.6464604,3,20AE33RT01BY,OpenStreetMap,,True,,,exterior_visible
Complexo Funerário da Figueira da Foz,,2008,40.152507,-8.8387168,3,840UP2O4A0ZO,OpenStreetMap,,True,,,exterior_visible
Crematório de Santarém,,2020-11-02,39.22877,-8.6788919,3,4W0XQ4S74R8A,OpenStreetMap,,True,,,exterior_visible
Crematório de Guimarães,,2022-01-15,41.4443321,-8.2699499,3,L7O1Y7A0D4T9,OpenStreetMap,,True,,,exterior_visible
Servicios-Hidraulicos del Norte de España,,1959,42.4788409,-7.2738937,3,NQ7P106YOX08,OpenStreetMap,,True,,,exterior_visible
,Raul Lino,,40.2812369,-7.5046967,3,492USOX0IZ27,OpenStreetMap,,True,,,exterior_visible
Aldi,,2023,42.167354,-8.623134,3,39LGG3TJ7V47,OpenStreetMap,,True,,,exterior_visible
Pombal de Roalde,,1719,41.2529361,-7.6311444,3,FF7TX48I5H83,OpenStreetMap,,True,,,exterior_visible
Capela de Nossa Senhora da Apresentação,,1711,41.2518197,-7.6330121,3,IM0NV752E0K5,OpenStreetMap,,True,,,exterior_visible
Capelinha de São João,,1985,41.3306275,-7.7231191,3,X14MRVJ1Y900,OpenStreetMap,,True,,,exterior_visible
Casa Teotónio dos Santos,Agostinho Ricca,,41.5439243,-8.430637,3,TO93XAM300M8,OpenStreetMap,,True,Category:Casa na Rua de Diogo de Teive,,exterior_visible
Casa de Alcanena,Eduardo Souto de Moura,1991,39.4764541,-8.596067,3,5T26CSVRC429,OpenStreetMap,,True,,,exterior_visible
Capela da Sagrada Família,,C17,41.6229584,-7.4866031,3,8959SS7FK6EM,OpenStreetMap,,True,,,exterior_visible
Casa do Padre José Neves,,C17,41.6229584,-7.4866031,3,461ZN83GJ2JM,OpenStreetMap,,True,,,exterior_visible
Capela de Nossa Senhora da Conceição,,1954,41.6257699,-7.5124461,3,574PV3D9JB4R,OpenStreetMap,,True,,,exterior_visible
Capela de Nosso Senhor de Bonfim,,1846,41.2269906,-7.6983221,3,H0U336T17TFH,OpenStreetMap,,True,,,exterior_visible
Posto de Vigia Bidueiro,,1982,40.2305615,-8.2027058,3,S19NM499DNA4,OpenStreetMap,,True,,,exterior_visible
Lavadouro Público,,1940,41.2444688,-8.6443236,3,34PW9R9S9M3L,OpenStreetMap,,True,,,exterior_visible
"Caixa Geral de Depósitos, Crédito e Previdência de Bragança",Raul Martins,,41.8055629,-6.7529723,3,0X540C14OBVV,OpenStreetMap,,True,,,exterior_visible
"Caixa Geral de Depósitos, Crédito e Previdência de Bragança",Raul Martins,,41.8055629,-6.7529723,3,VB91L1CEF599,OpenStreetMap,,True,,,exterior_visible
Capela de Santiago,,C18,41.8143465,-7.5146479,3,BO0JQ875G7W0,OpenStreetMap,,True,,,exterior_visible
Capela de Tariz,,C18,41.8112878,-7.5333095,3,53CR5Y83EO1Z,OpenStreetMap,,True,,,exterior_visible
Capela de Santiago,,C20,41.8160126,-7.5154351,3,7FWQH19SS702,OpenStreetMap,,True,,,exterior_visible
Casa do Adro,,C18,41.099395,-7.3668052,3,5K8E7EL87KP2,OpenStreetMap,,True,,,exterior_visible
Antiga Câmara Municipal de Soutelo do Douro,,C18,41.1867992,-7.4335745,3,7VZ6Y1G29Z1K,OpenStreetMap,,True,,,exterior_visible
Capela do Mileu,,C19,41.2004581,-7.413065,3,Y3WS61SFN249,OpenStreetMap,,True,,,exterior_visible
Capela de Santa Clara,,C17,41.0365115,-7.1646354,3,S6Y35MFL6G62,OpenStreetMap,,True,,,exterior_visible
Igreja Paroquial de Bustelo,,C17,41.2296669,-8.2704634,3,JI2L6Z69P88D,OpenStreetMap,,True,,,exterior_visible
Capela de São Sebastião,,C18,41.2284662,-8.2705479,3,GM33B53B57VB,OpenStreetMap,,True,,,exterior_visible
Capela do Senhor do Calvário,,C18,41.2312541,-8.2639765,3,HK4240H4X3CK,OpenStreetMap,,True,,,exterior_visible
Casa de Cabanelas,,C18,41.23609,-8.2599327,3,7QQ2Y8CE472O,OpenStreetMap,,True,,,exterior_visible
Capela da Casa de Cabanelas,,C18,41.2359463,-8.2594651,3,Q5WQ703ER8R7,OpenStreetMap,,True,,,exterior_visible
Torre da Casa de Cabanelas,,C18,41.2359732,-8.2599474,3,X0NJ492MF53N,OpenStreetMap,,True,,,exterior_visible
Capela de Santa Isabel,,C18,41.246429,-8.2921274,3,BM45GL30YQ05,OpenStreetMap,,True,,,exterior_visible
Casa del Cebo,,Siglo XVI,40.88666,-3.9907598,3,B75D60SF5JP3,OpenStreetMap,,True,,,exterior_visible
Capela de Santo António,,C16,41.2464642,-8.1691643,3,11964UE5LXST,OpenStreetMap,,True,,,exterior_visible
Bombeiros Voluntários de Alcobaça,,1888-05-01,39.5549772,-8.9777605,3,93YMAPA4562E,OpenStreetMap,,True,,,exterior_visible
Depósito del Arroyo de las Charcas,,2009/2010,40.8643603,-4.0756704,3,9F9BKJ26M84Y,OpenStreetMap,,True,,,exterior_visible
Faro de Brantuas,,1959,43.2790421,-8.9147688,3,L3VD6L2S148M,OpenStreetMap,,True,,,exterior_visible
Casa de Eiriz,,C17,41.5512183,-7.5809878,3,XY39U98O4BG1,OpenStreetMap,,True,,,exterior_visible
Capela da Casa de Eiriz,,1783,41.5514898,-7.5809115,3,16KSC85NPR49,OpenStreetMap,,True,,,exterior_visible
Centro de Atividades Sociais,,2017-07-23,41.6614094,-7.328493,3,HDW7F61E86F6,OpenStreetMap,,True,,,exterior_visible
Lavadouro do Bicalho,,2000,41.1486767,-8.6366973,3,SK6XT2PT2200,OpenStreetMap,,True,,,exterior_visible
Capela de Nossa Senhora do Pilar,,1772,41.4705899,-8.2664103,3,J5M86Q9RKE27,OpenStreetMap,,True,,,exterior_visible
Lavadouro da Agra,,1941,41.1459323,-8.5849063,3,1KL40A5S4B2F,OpenStreetMap,,True,,,exterior_visible
Moradias Prado de Castro,Sérgio Fernandez;Pedro Ramalho,1971,41.1558759,-8.6723825,3,K64RB0R3H60G,OpenStreetMap,,True,,,exterior_visible
Moradia de António Joaquim Pimenta,,late C19,41.1520005,-8.6681063,3,GK7W99B1B0X4,OpenStreetMap,,True,File:Porto - Portugal (11529490415).jpg,,exterior_visible
Quinta do Monte,,C17,41.1507747,-8.6693431,3,1VV5TKT4072A,OpenStreetMap,,True,,,exterior_visible
Chalet da Família Bettencourt,,C19,41.1486946,-8.6697464,3,4BIVUTP58257,OpenStreetMap,,True,File:Casa no Passeio Alegre 06.jpg,,exterior_visible
Central de Sotilla,,1929,43.2862047,-4.0734755,3,IYYO812J818Z,OpenStreetMap,,True,,,exterior_visible
Torre del Marqués de Villatorre,,1352,43.3531167,-4.1585134,3,S02WC978G6IR,OpenStreetMap,,True,,,exterior_visible
Casa Ruben A.,João Andresen,1948,41.7526799,-8.8734175,3,N71RET717MZ5,OpenStreetMap,,True,,,exterior_visible
Castillo de Manzaneque,,C15,39.6360807,-3.794759,3,3984R6CQ7MEO,OpenStreetMap,,True,,,exterior_visible
Casa Alves Costa,Álvaro Siza Vieira,,41.8504925,-8.8640209,3,SR60ZG2KX231,OpenStreetMap,,True,,,exterior_visible
Capela de São Jerónimo,,1715,41.2181657,-7.5682289,3,8N8J33DU81PX,OpenStreetMap,,True,,,exterior_visible
Casa do Barão de Fermil,,C19,41.4233117,-7.9849522,3,3262GB5Y0WRA,OpenStreetMap,,True,,,exterior_visible
,Ricardo Bak Gordon,,39.7352742,-8.7896539,3,4B782E5ST2AP,OpenStreetMap,,True,,,exterior_visible
,ARX,,39.7351087,-8.7887781,3,WL72Y8D0QV51,OpenStreetMap,,True,,,exterior_visible
,Eduardo Souto de Moura,,41.0977106,-8.0746271,3,6T4XEIH1160S,OpenStreetMap,,True,,,exterior_visible
Casa Maria Margarida Machado,Álvaro Siza Vieira,,41.0559057,-8.6545642,3,CO65UN029M2P,OpenStreetMap,,True,,,exterior_visible
Casa d'Abreu Neto,Álvaro Siza Vieira,,41.1853362,-8.6849645,3,RJ7211VRJR53,OpenStreetMap,,True,,,exterior_visible
,Álvaro Siza Vieira,,41.1853124,-8.6850192,3,T5S26L87NO1Q,OpenStreetMap,,True,,,exterior_visible
,Álvaro Siza Vieira,,41.1852575,-8.6851749,3,SK2FR8F3L385,OpenStreetMap,,True,,,exterior_visible
,Álvaro Siza Vieira,,41.1852245,-8.6852396,3,2W057IQ56CDS,OpenStreetMap,,True,,,exterior_visible
Casa Manuel Magalhães,Álvaro Siza Vieira,,41.1647943,-8.5922937,3,893HASG011VB,OpenStreetMap,,True,,,exterior_visible
Casa Beires,Álvaro Siza Vieira,,41.3854169,-8.7621762,3,M64X8F74NF8L,OpenStreetMap,,True,,,exterior_visible
,Menos é Mais;Cristina Guede;José Fernando Gonçalves,,41.5135601,-8.7846049,3,O37753YI9VLE,OpenStreetMap,,True,,,exterior_visible
Casa Magalhães Romão,João Pedro Serôdio;Isabel Furtado,,41.803585,-8.840759,3,5A6H4GT23UB9,OpenStreetMap,,True,,,exterior_visible
,Eduardo Souto de Moura,,41.8517735,-8.8454498,3,S6VP0838VRR2,OpenStreetMap,,True,,,exterior_visible
Vill'Alcina,Sérgio Fernandez,,41.863966,-8.8430489,3,A6313XZJ85VZ,OpenStreetMap,,True,,,exterior_visible
Casa da Quinta do Bairro,,C18,41.197769,-7.7733844,3,0V1SC3I6D72Z,OpenStreetMap,,True,,,exterior_visible
Casa da Quinta do Meio,,C18,41.2036494,-7.7995126,3,7RA09XNZ082O,OpenStreetMap,,True,,,exterior_visible
Solar da Quinta do Serrado,,C18,41.2032613,-7.7989627,3,N251LET1Q1K4,OpenStreetMap,,True,,,exterior_visible
Capela de São Paio,,C18,41.2031787,-7.7987009,3,656QV16SQIG3,OpenStreetMap,,True,,,exterior_visible
Biblioteca Municipal de Resende,,1998,41.1047426,-7.9600801,3,P23T7WF63C7M,OpenStreetMap,,True,,,exterior_visible
Capela de São Pedro,Atelier 66,,41.6918418,-8.8468749,3,K1V8YHX813J4,OpenStreetMap,,True,,,exterior_visible
Castillo de Enrique II de Trastámara,,1372,40.5964359,-6.536284,3,6IXL7095P6FG,OpenStreetMap,,True,,,exterior_visible
Capela de São Bento,,C17,41.7345283,-7.4611497,3,5TT31JA6P02L,OpenStreetMap,,True,,,exterior_visible
Capela de São Geraldo,,C17,41.7236253,-7.4440665,3,8OEIA25859XY,OpenStreetMap,,True,,,exterior_visible
Capela do Senhor do Bom Caminho,,C18,41.7360304,-7.4630802,3,K85575PTD5BR,OpenStreetMap,,True,,,exterior_visible
Capela de São Caetano,,1678,41.700468,-7.4661391,3,8591JV3DPB8G,OpenStreetMap,,True,,,exterior_visible
Capela de Nossa Senhora da Conceição,,C18,41.6914662,-7.4656647,3,J64P737SFO7S,OpenStreetMap,,True,,,exterior_visible
Casa da Quinta dos Taveira,,C18,41.6913418,-7.4659082,3,T51LS89K7P1M,OpenStreetMap,,True,,,exterior_visible
Capela de São Martinho,,1835,41.6964991,-7.5855301,3,2QZ4K5VQ737I,OpenStreetMap,,True,,,exterior_visible
Casa Mortuária de Rebordondo,,2008-09-20,41.6963614,-7.5855125,3,L767WA9BA20A,OpenStreetMap,,True,,,exterior_visible
Solar dos Braganças,,C18,41.6954429,-7.5867766,3,N406PM6NA79L,OpenStreetMap,,True,,,exterior_visible
Capela de Nossa Senhora do Amparo,,C18,41.6955604,-7.5864958,3,FJA556O31P4K,OpenStreetMap,,True,,,exterior_visible
Solar da Quinta de São Caetano,,1678,41.7005036,-7.4661962,3,QXZ06I0679UQ,OpenStreetMap,,True,,,exterior_visible
,José Carlos Loureiro,1958,41.1592823,-8.6256938,3,OJ9I3N7K77Z6,OpenStreetMap,,True,,,exterior_visible
Uma escultura para Santo Tirso,Pedro Cabrita Reis,2001,41.3451479,-8.4730026,3,7T351J4GKBR0,OpenStreetMap,,True,,,exterior_visible
Casa de los Cossío,,1909,42.9979555,-4.1394886,3,9H8WSG5233XS,OpenStreetMap,,True,,,exterior_visible
Centro de Recolha Oficial de Animais de Castelo de Paiva e Cinfães,,2021,41.0352321,-8.3961995,3,FR8X2M937KF4,OpenStreetMap,,True,,,exterior_visible
Casa Bruno Zaido,,1893,42.325504,-3.202235,3,EP990P66TD6S,OpenStreetMap,,True,,,exterior_visible
Mosteiro Budista de Ventoselo,,2014,42.3671188,-8.0690359,3,C2I2V16LX9L7,OpenStreetMap,,True,,,exterior_visible
Solar do Outão,,C18,41.8370096,-7.8436586,3,I7F84YT5B81I,OpenStreetMap,,True,,,exterior_visible
Antiga Escola Concepción Yáñez,,1935,42.183185,-8.0248762,3,M2UVD40M745X,OpenStreetMap,,True,,,exterior_visible
Arca de Água do Mercado do Anjo,,1832,41.143362,-8.5910073,3,608J2C2LIK2Q,OpenStreetMap,,True,File:Arca do Anjo 2.jpg,,exterior_visible
Caminho da Cruz - Estação 3,António Lino,,39.6229034,-8.6680716,3,K2D38390TEVX,OpenStreetMap,,True,,,exterior_visible
Iglesia de Santa Águeda,,C17,42.653156,-4.0124408,3,KX4B87Z7D8Y3,OpenStreetMap,,True,,,exterior_visible
Casa Rectoral,,1760,42.548339,-4.023083,3,06P053ZLXCS7,OpenStreetMap,,True,,,exterior_visible
Villa Esteveri,,1928,43.5964468,-7.6105517,3,3RFPMP28385L,OpenStreetMap,,True,,,exterior_visible
Antiguo balnerario de La Berzosa,,C19,43.2444576,-4.4093121,3,174Z05JG9BTX,OpenStreetMap,,True,,,exterior_visible
Posada La Cotia,,1860,43.350915,-4.1036946,3,Q9G151V2XJX2,OpenStreetMap,,True,Category:Posada La Cotía (Casa de los García Bustamante),,exterior_visible
,Marcos Rico Santamaría,,42.342303,-3.6985886,3,821X0WHEQ83D,OpenStreetMap,,True,,,exterior_visible
